url,url_mobile,title,seendate,socialimage,domain,language,sourcecountry,country
http://www.kitco.com/news/2018-02-22/EMERGING-MARKETS-Mexico-peso-firms-on-rate-hike-bets-weaker-U-S-dollar.html,,"EMERGING MARKETS - Mexico peso firms on rate hike bets , weaker U . S . dollar",20180223T000000Z,,kitco.com,English,United States,Argentina
https://www.reuters.com/article/emerging-markets-latam/emerging-markets-mexico-peso-firms-on-rate-hike-bets-weaker-u-s-dollar-idUSL2N1QC2D2,http://mobile.reuters.com/article/amp/idUSL2N1QC2D2,"EMERGING MARKETS - Mexico peso firms on rate hike bets , weaker U . S . dollar",20180222T231500Z,https://s4.reutersmedia.net/resources_v2/images/rcom-default.png,reuters.com,English,United States,Argentina
https://uk.reuters.com/article/emerging-markets-latam/emerging-markets-mexico-peso-firms-on-rate-hike-bets-weaker-us-dollar-idUKL2N1QC2D2,http://uk.mobile.reuters.com/article/amp/idUKL2N1QC2D2,"EMERGING MARKETS - Mexico peso firms on rate hike bets , weaker U . S . dollar",20180223T010000Z,https://s4.reutersmedia.net/resources_v2/images/rcom-default.png,uk.reuters.com,English,United States,Argentina
http://www.kitco.com/news/2018-02-12/EMERGING-MARKETS-Latam-currencies-firm-after-last-week-apos-s-sharp-fall.html,,EMERGING MARKETS - Latam currencies firm after last week sharp fall,20180212T180000Z,,kitco.com,English,United States,Argentina
http://www.kitco.com/news/2018-02-19/EMERGING-MARKETS-Brazil-stocks-up-on-corporate-newsflow-trading-volumes-thin.html,,EMERGING MARKETS - Brazil stocks up on corporate newsflow ; trading volumes thin,20180219T191500Z,,kitco.com,English,United States,Argentina
https://finance.yahoo.com/news/emerging-markets-latam-stocks-edge-230727119.html,https://www.yahoo.com/amphtml/finance/news/emerging-markets-latam-stocks-edge-230727119.html,EMERGING MARKETS - LatAm stocks edge up amid solid earnings season,20180218T014500Z,,finance.yahoo.com,English,United States,Argentina
http://www.kitco.com/news/2018-02-16/EMERGING-MARKETS-LatAm-stocks-edge-up-amid-solid-earnings-season.html,,EMERGING MARKETS - LatAm stocks edge up amid solid earnings season,20180216T234500Z,,kitco.com,English,United States,Argentina
https://www.reuters.com/article/emerging-markets-latam/emerging-markets-brazil-stocks-up-on-corporate-newsflow-trading-volumes-thin-idUSL2N1Q90LW,http://mobile.reuters.com/article/amp/idUSL2N1Q90LW,EMERGING MARKETS - Brazil stocks up on corporate newsflow ; trading volumes thin,20180219T180000Z,https://s4.reutersmedia.net/resources_v2/images/rcom-default.png,reuters.com,English,United States,Argentina
https://in.reuters.com/article/emerging-markets-latam/emerging-markets-brazil-stocks-up-on-corporate-newsflow-trading-volumes-thin-idINL2N1Q90LW,http://in.mobile.reuters.com/article/amp/idINL2N1Q90LW,EMERGING MARKETS - Brazil stocks up on corporate newsflow ; trading volumes thin,20180219T204500Z,https://s4.reutersmedia.net/resources_v2/images/rcom-default.png,in.reuters.com,English,United States,Argentina
https://in.reuters.com/article/emerging-markets-latam/emerging-markets-latin-american-currencies-cautious-ahead-of-fed-minutes-idINL2N1QB19Y,http://in.mobile.reuters.com/article/amp/idINL2N1QB19Y,EMERGING MARKETS - Latin American currencies cautious ahead of Fed minutes,20180221T190000Z,https://s4.reutersmedia.net/resources_v2/images/rcom-default.png,in.reuters.com,English,United States,Argentina
http://www.kitco.com/news/2018-02-21/EMERGING-MARKETS-Latin-American-currencies-cautious-ahead-of-Fed-minutes.html,,EMERGING MARKETS - Latin American currencies cautious ahead of Fed minutes,20180221T180000Z,,kitco.com,English,United States,Argentina
http://www.kitco.com/news/2018-02-07/EMERGING-MARKETS-Latin-American-equities-stabilize-as-Wall-Street-shakes-rout.html,,EMERGING MARKETS - Latin American equities stabilize as Wall Street shakes rout,20180207T164500Z,,kitco.com,English,United States,Argentina
http://www.kitco.com/news/2018-02-13/EMERGING-MARKETS-Mexico-markets-steady-ahead-of-key-US-inflation-data.html,,EMERGING MARKETS - Mexico markets steady ahead of key US inflation data,20180213T194500Z,,kitco.com,English,United States,Argentina
https://www.reuters.com/article/emerging-markets-latam/emerging-markets-latam-stocks-edge-up-amid-solid-earnings-season-idUSL2N1Q61X7,http://mobile.reuters.com/article/amp/idUSL2N1Q61X7,EMERGING MARKETS - LatAm stocks edge up amid solid earnings season,20180216T234500Z,https://s4.reutersmedia.net/resources_v2/images/rcom-default.png,reuters.com,English,United States,Argentina
https://www.reuters.com/article/emerging-markets-latam/emerging-markets-latam-currencies-weaken-as-dollar-rebounds-globally-idUSL2N1QA149,http://mobile.reuters.com/article/amp/idUSL2N1QA149,EMERGING MARKETS - LatAm currencies weaken as dollar rebounds globally,20180220T181500Z,https://s4.reutersmedia.net/resources_v2/images/rcom-default.png,reuters.com,English,United States,Argentina
https://uk.reuters.com/article/emerging-markets-latam/emerging-markets-latam-currencies-weaken-as-dollar-rebounds-globally-idUKL2N1QA149,http://uk.mobile.reuters.com/article/amp/idUKL2N1QA149,EMERGING MARKETS - LatAm currencies weaken as dollar rebounds globally,20180221T054500Z,https://s4.reutersmedia.net/resources_v2/images/rcom-default.png,uk.reuters.com,English,United States,Argentina
https://www.cnbc.com/2018/02/20/reuters-america-emerging-markets-latam-currencies-weaken-as-dollar-rebounds-globally.html,//www.cnbc.com/amp/2018/02/20/reuters-america-emerging-markets-latam-currencies-weaken-as-dollar-rebounds-globally.html,EMERGING MARKETS - LatAm currencies weaken as dollar rebounds globally,20180220T194500Z,,cnbc.com,English,United States,Argentina
http://www.kitco.com/news/2018-02-13/EMERGING-MARKETS-Mexico-markets-steady-ahead-of-key-U-S-inflation-data.html,,EMERGING MARKETS - Mexico markets steady ahead of key U . S . inflation data,20180213T214500Z,,kitco.com,English,United States,Argentina
http://www.kitco.com/news/2018-02-14/EMERGING-MARKETS-LatAm-markets-currencies-up-on-weaker-U-S-dollar-higher-oil-prices.html,,"EMERGING MARKETS - LatAm markets , currencies up on weaker U . S . dollar , higher oil prices",20180215T004500Z,,kitco.com,English,United States,Argentina
http://www.kitco.com/news/2018-02-07/EMERGING-MARKETS-Brazil-Mexico-stocks-fall-amid-market-volatility.html,,"EMERGING MARKETS - Brazil , Mexico stocks fall amid market volatility",20180207T230000Z,,kitco.com,English,United States,Argentina
https://www.reuters.com/article/emerging-markets-latam/emerging-markets-latam-currencies-up-rally-undeterred-by-hawkish-fed-idUSL2N1PR11Z,http://mobile.reuters.com/article/amp/idUSL2N1PR11Z,EMERGING MARKETS - LatAm currencies up ; rally undeterred by hawkish Fed,20180201T163000Z,https://s4.reutersmedia.net/resources_v2/images/rcom-default.png,reuters.com,English,United States,Argentina
https://finance.yahoo.com/news/emerging-markets-latam-currencies-rally-155018486.html,https://www.yahoo.com/amphtml/finance/news/emerging-markets-latam-currencies-rally-155018486.html,EMERGING MARKETS - LatAm currencies up ; rally undeterred by hawkish Fed,20180201T163000Z,,finance.yahoo.com,English,United States,Argentina
http://www.kitco.com/news/2018-02-01/EMERGING-MARKETS-LatAm-currencies-up-rally-undeterred-by-hawkish-Fed.html,,EMERGING MARKETS - LatAm currencies up ; rally undeterred by hawkish Fed,20180201T161500Z,,kitco.com,English,United States,Argentina
http://www.kitco.com/news/2018-02-09/EMERGING-MARKETS-LatAm-markets-little-changed-head-to-weekly-losses.html,,"EMERGING MARKETS - LatAm markets little changed , head to weekly losses",20180209T153000Z,,kitco.com,English,United States,Argentina
https://uk.reuters.com/article/emerging-markets-latam/emerging-markets-latam-markets-little-changed-head-to-weekly-losses-idUKL2N1PZ0V0,http://uk.mobile.reuters.com/article/amp/idUKL2N1PZ0V0,"EMERGING MARKETS - LatAm markets little changed , head to weekly losses",20180210T194500Z,https://s4.reutersmedia.net/resources_v2/images/rcom-default.png,uk.reuters.com,English,United States,Argentina
https://www.reuters.com/article/emerging-markets-latam/emerging-markets-latam-markets-fall-on-us-rate-hike-prospects-after-wage-data-idUSL2N1PS244,http://mobile.reuters.com/article/amp/idUSL2N1PS244,EMERGING MARKETS - LatAm markets fall on U . S . rate hike prospects after wage data,20180203T011500Z,https://s4.reutersmedia.net/resources_v2/images/rcom-default.png,reuters.com,English,United States,Argentina
https://www.reuters.com/article/emerging-markets-latam/emerging-markets-latam-markets-fall-on-u-s-rate-hike-prospects-after-wage-data-idUSL2N1PS244,http://mobile.reuters.com/article/amp/idUSL2N1PS244,EMERGING MARKETS - LatAm markets fall on U . S . rate hike prospects after wage data,20180202T230000Z,https://s4.reutersmedia.net/resources_v2/images/rcom-default.png,reuters.com,English,United States,Argentina
https://in.reuters.com/article/emerging-markets-latam/emerging-markets-mexico-peso-down-on-nafta-jitters-chilean-equities-sink-idINL2N1QG20C,http://in.mobile.reuters.com/article/amp/idINL2N1QG20C,EMERGING MARKETS - Mexico peso down on NAFTA jitters ; Chilean equities sink,20180227T003000Z,https://s4.reutersmedia.net/resources_v2/images/rcom-default.png,in.reuters.com,English,United States,Argentina
https://www.reuters.com/article/emerging-markets-latam/emerging-markets-mexico-peso-down-on-nafta-jitters-chilean-equities-sink-idUSL2N1QG20C,http://mobile.reuters.com/article/amp/idUSL2N1QG20C,EMERGING MARKETS - Mexico peso down on NAFTA jitters ; Chilean equities sink,20180227T000000Z,https://s4.reutersmedia.net/resources_v2/images/rcom-default.png,reuters.com,English,United States,Argentina
https://finance.yahoo.com/news/emerging-markets-mexico-peso-down-231810303.html,https://www.yahoo.com/amphtml/finance/news/emerging-markets-mexico-peso-down-231810303.html,EMERGING MARKETS - Mexico peso down on NAFTA jitters ; Chilean equities sink,20180227T000000Z,,finance.yahoo.com,English,United States,Argentina
https://www.cnbc.com/2018/02/13/reuters-america-emerging-markets-mexico-markets-steady-ahead-of-key-us-inflation-data.html,//www.cnbc.com/amp/2018/02/13/reuters-america-emerging-markets-mexico-markets-steady-ahead-of-key-us-inflation-data.html,EMERGING MARKETS - Mexico markets steady ahead of key US inflation data,20180213T190000Z,,cnbc.com,English,United States,Argentina
http://www.kitco.com/news/2018-02-27/EMERGING-MARKETS-Latin-America-stocks-currencies-fall-broadly-on-Fed-remarks.html,,"EMERGING MARKETS - Latin America stocks , currencies fall broadly on Fed remarks",20180227T194500Z,,kitco.com,English,United States,Argentina
http://www.kitco.com/news/2018-02-05/EMERGING-MARKETS-LatAm-stocks-extend-losses-on-U-S-inflation-bets.html,,EMERGING MARKETS - LatAm stocks extend losses on U . S . inflation bets,20180205T181500Z,,kitco.com,English,United States,Argentina
https://www.reuters.com/article/emerging-markets-latam/emerging-markets-equities-markets-fall-amid-global-caution-monetary-concerns-idUSL2N1PY15F,http://mobile.reuters.com/article/amp/idUSL2N1PY15F,"EMERGING MARKETS - Equities markets fall amid global caution , monetary concerns",20180208T161500Z,https://s4.reutersmedia.net/resources_v2/images/rcom-default.png,reuters.com,English,United States,Argentina
https://in.reuters.com/article/emerging-markets-latam/emerging-markets-equities-markets-fall-amid-global-caution-monetary-concerns-idINL2N1PY15F,http://in.mobile.reuters.com/article/amp/idINL2N1PY15F,"EMERGING MARKETS - Equities markets fall amid global caution , monetary concerns",20180208T223000Z,https://s4.reutersmedia.net/resources_v2/images/rcom-default.png,in.reuters.com,English,United States,Argentina
http://www.kitco.com/news/2018-02-26/EMERGING-MARKETS-Mexico-peso-down-on-NAFTA-jitters-Chilean-equities-sink.html,,EMERGING MARKETS - Mexico peso down on NAFTA jitters ; Chilean equities sink,20180226T234500Z,,kitco.com,English,United States,Argentina
http://www.sharenet.co.za/news/LatAm_stocks_edge_up_amid_solid_earnings_season/239f640801919659811b46da7dddfb88,,LatAm stocks edge up amid solid earnings season,20180217T010000Z,,sharenet.co.za,English,South Africa,Argentina
https://www.reuters.com/article/emerging-markets-latam/emerging-markets-latin-america-stocks-currencies-fall-broadly-on-fed-remarks-idUSL2N1QH1E7,http://mobile.reuters.com/article/amp/idUSL2N1QH1E7,"EMERGING MARKETS - Latin America stocks , currencies fall broadly on Fed remarks",20180227T193000Z,https://s4.reutersmedia.net/resources_v2/images/rcom-default.png,reuters.com,English,United States,Argentina
https://www.msn.com/en-us/finance/markets/emerging-markets-latam-stocks-extend-losses-on-us-inflation-bets/ar-BBIJD2k,,EMERGING MARKETS - LatAm stocks extend losses on U . S . inflation bets,20180205T170000Z,,msn.com,English,United States,Argentina
https://www.reuters.com/article/emerging-markets-latam/emerging-markets-latam-stocks-extend-losses-on-us-inflation-bets-idUSL2N1PV0VM,http://mobile.reuters.com/article/amp/idUSL2N1PV0VM,EMERGING MARKETS - LatAm stocks extend losses on U . S . inflation bets,20180205T183000Z,https://s4.reutersmedia.net/resources_v2/images/rcom-default.png,reuters.com,English,United States,Argentina
https://uk.reuters.com/article/emerging-markets-latam/emerging-markets-latam-markets-range-bound-despite-global-stock-selloff-idUKL2N1PW12J,http://uk.mobile.reuters.com/article/amp/idUKL2N1PW12J,EMERGING MARKETS - LatAm markets range - bound despite global stock selloff,20180206T213000Z,https://s4.reutersmedia.net/resources_v2/images/rcom-default.png,uk.reuters.com,English,United States,Argentina
https://www.reuters.com/article/emerging-markets-latam/emerging-markets-latam-stocks-extend-losses-on-u-s-inflation-bets-idUSL2N1PV0VM,http://mobile.reuters.com/article/amp/idUSL2N1PV0VM,EMERGING MARKETS - LatAm stocks extend losses on U . S . inflation bets,20180205T164500Z,https://s4.reutersmedia.net/resources_v2/images/rcom-default.png,reuters.com,English,United States,Argentina
https://www.reuters.com/article/emerging-markets-latam/emerging-markets-latam-markets-rise-as-global-stocks-rebound-from-recent-selloff-idUSL2N1Q5131,http://mobile.reuters.com/article/amp/idUSL2N1Q5131,EMERGING MARKETS - LatAm markets rise as global stocks rebound from recent selloff,20180215T164500Z,https://s4.reutersmedia.net/resources_v2/images/rcom-default.png,reuters.com,English,United States,Argentina
https://uk.reuters.com/article/emerging-markets-latam/emerging-markets-latam-markets-rise-as-global-stocks-rebound-from-recent-selloff-idUKL2N1Q5131,http://uk.mobile.reuters.com/article/amp/idUKL2N1Q5131,EMERGING MARKETS - LatAm markets rise as global stocks rebound from recent selloff,20180217T153000Z,https://s4.reutersmedia.net/resources_v2/images/rcom-default.png,uk.reuters.com,English,United States,Argentina
https://www.cnbc.com/2018/02/02/reuters-america-emerging-markets-latam-markets-fall-on-u-s-rate-hike-prospects-after-wage-data.html,//www.cnbc.com/amp/2018/02/02/reuters-america-emerging-markets-latam-markets-fall-on-u-s-rate-hike-prospects-after-wage-data.html,EMERGING MARKETS - LatAm markets fall on U . S . rate hike prospects after wage data,20180202T181500Z,,cnbc.com,English,United States,Argentina
http://www.kitco.com/news/2018-02-02/EMERGING-MARKETS-LatAm-markets-fall-on-U-S-rate-hike-prospects-after-wage-data.html,,EMERGING MARKETS - LatAm markets fall on U . S . rate hike prospects after wage data,20180202T181500Z,,kitco.com,English,United States,Argentina
https://uk.reuters.com/article/emerging-markets-latam/emerging-markets-mexican-equities-fall-during-otherwise-quiet-day-idUKL2N1QD1C2,http://uk.mobile.reuters.com/article/amp/idUKL2N1QD1C2,EMERGING MARKETS - Mexican equities fall during otherwise quiet day,20180224T034500Z,https://s4.reutersmedia.net/resources_v2/images/rcom-default.png,uk.reuters.com,English,United States,Argentina
http://www.kitco.com/news/2018-02-23/EMERGING-MARKETS-Mexican-equities-fall-during-otherwise-quiet-day.html,,EMERGING MARKETS - Mexican equities fall during otherwise quiet day,20180223T183000Z,,kitco.com,English,United States,Argentina
https://www.reuters.com/article/emerging-markets-latam/emerging-markets-mexican-equities-fall-during-otherwise-quiet-day-idUSL2N1QD1C2,http://mobile.reuters.com/article/amp/idUSL2N1QD1C2,EMERGING MARKETS - Mexican equities fall during otherwise quiet day,20180223T183000Z,https://s4.reutersmedia.net/resources_v2/images/rcom-default.png,reuters.com,English,United States,Argentina
http://www.kitco.com/news/2018-02-06/EMERGING-MARKETS-LatAm-markets-range-bound-despite-global-stock-selloff.html,,EMERGING MARKETS - LatAm markets range - bound despite global stock selloff,20180206T164500Z,,kitco.com,English,United States,Argentina
http://www.kitco.com/news/2018-02-15/EMERGING-MARKETS-LatAm-markets-firm-as-global-stocks-rebound.html,,EMERGING MARKETS - LatAm markets firm as global stocks rebound,20180216T033000Z,,kitco.com,English,United States,Argentina
https://uk.reuters.com/article/emerging-markets-latam/emerging-markets-latam-markets-firm-as-global-stocks-rebound-idUKL2N1Q525T,http://uk.mobile.reuters.com/article/amp/idUKL2N1Q525T,EMERGING MARKETS - LatAm markets firm as global stocks rebound,20180217T154500Z,https://s4.reutersmedia.net/resources_v2/images/rcom-default.png,uk.reuters.com,English,United States,Argentina
https://www.reuters.com/article/emerging-markets-latam/emerging-markets-latam-markets-fall-on-u-s-rate-hike-prospects-after-wage-data-idUSL2N1PS19X,http://mobile.reuters.com/article/amp/idUSL2N1PS19X,EMERGING MARKETS - LatAm markets fall on U . S . rate hike prospects after wage data,20180202T180000Z,https://s4.reutersmedia.net/resources_v2/images/rcom-default.png,reuters.com,English,United States,Argentina
https://finance.yahoo.com/news/emerging-markets-latam-markets-fall-171845557.html,https://www.yahoo.com/amphtml/finance/news/emerging-markets-latam-markets-fall-171845557.html,EMERGING MARKETS - LatAm markets fall on U . S . rate hike prospects after wage data,20180203T030000Z,,finance.yahoo.com,English,United States,Argentina
https://www.reuters.com/article/emerging-markets-latam/emerging-markets-latam-markets-fall-on-us-rate-hike-prospects-after-wage-data-idUSL2N1PS19X,http://mobile.reuters.com/article/amp/idUSL2N1PS19X,EMERGING MARKETS - LatAm markets fall on U . S . rate hike prospects after wage data,20180202T204500Z,https://s4.reutersmedia.net/resources_v2/images/rcom-default.png,reuters.com,English,United States,Argentina
https://uk.reuters.com/article/emerging-markets-latam/emerging-markets-latam-markets-fall-on-us-rate-hike-prospects-after-wage-data-idUKL2N1PS19X,http://uk.mobile.reuters.com/article/amp/idUKL2N1PS19X,EMERGING MARKETS - LatAm markets fall on U . S . rate hike prospects after wage data,20180202T204500Z,https://s4.reutersmedia.net/resources_v2/images/rcom-default.png,uk.reuters.com,English,United States,Argentina
https://www.reuters.com/article/emerging-markets-latam/emerging-markets-latam-currencies-weaker-with-eyes-on-fed-stocks-edge-up-idUSL2N1QJ1G1,http://mobile.reuters.com/article/amp/idUSL2N1QJ1G1,EMERGING MARKETS - Latam currencies weaker with eyes on Fed ; stocks edge up,20180301T171500Z,https://s4.reutersmedia.net/resources_v2/images/rcom-default.png,reuters.com,English,United States,Argentina
http://www.kitco.com/news/2018-03-01/EMERGING-MARKETS-Latam-currencies-weaker-with-eyes-on-Fed-stocks-edge-up.html,,EMERGING MARKETS - Latam currencies weaker with eyes on Fed ; stocks edge up,20180301T173000Z,,kitco.com,English,United States,Argentina
https://uk.reuters.com/article/emerging-markets-latam-idUKL2N1QJ1G1,http://uk.mobile.reuters.com/article/amp/idUKL2N1QJ1G1,EMERGING MARKETS - Latam currencies weaker with eyes on Fed ; stocks edge up,20180301T184500Z,https://s4.reutersmedia.net/resources_v2/images/rcom-default.png,uk.reuters.com,English,United States,Argentina
http://www.kitco.com/news/2018-02-28/EMERGING-MARKETS-Mexican-stocks-post-worst-month-since-2011-amid-Fed-NAFTA-worries.html,,"EMERGING MARKETS - Mexican stocks post worst month since 2011 amid Fed , NAFTA worries",20180228T220000Z,,kitco.com,English,United States,Argentina
http://www.sharenet.co.za/news/LatAm_markets_rangebound_despite_global_stock_selloff/719baafc93ca93628065ae6b71e6f5bc,,LatAm markets range - bound despite global stock selloff,20180206T164500Z,,sharenet.co.za,English,South Africa,Argentina
http://www.kitco.com/news/2018-02-26/EMERGING-MARKETS-Chilean-equities-fall-on-lithium-price-worries-forestry.html,,"EMERGING MARKETS - Chilean equities fall on lithium price worries , forestry",20180226T183000Z,,kitco.com,English,United States,Argentina
http://www.sharenet.co.za/news/LatAm_markets_rise_as_global_stocks_rebound_from_recent_selloff/b85f67ba9cd6f406deddaaa927db60c2,,LatAm markets rise as global stocks rebound from recent selloff,20180215T164500Z,,sharenet.co.za,English,South Africa,Argentina
http://www.kitco.com/news/2018-02-15/EMERGING-MARKETS-LatAm-markets-rise-as-global-stocks-rebound-from-recent-selloff.html,,EMERGING MARKETS - LatAm markets rise as global stocks rebound from recent selloff,20180215T173000Z,,kitco.com,English,United States,Argentina
http://www.kitco.com/news/2018-02-08/EMERGING-MARKETS-Equities-markets-fall-amid-global-caution-monetary-concerns.html,,"EMERGING MARKETS - Equities markets fall amid global caution , monetary concerns",20180208T164500Z,,kitco.com,English,United States,Argentina
https://www.forbes.com/sites/kenrapoza/2018/02/20/is-argentina-the-new-darling-of-emerging-markets/,https://www.forbes.com/sites/kenrapoza/2018/02/20/is-argentina-the-new-darling-of-emerging-markets/amp/,Is Argentina The New Darling Of Emerging Markets ? ,20180220T201500Z,https://specials-images.forbesimg.com/dam/imageserve/914489528/640x434.jpg?fit=scale,forbes.com,English,United States,Argentina
https://www.reuters.com/article/argentina-debt/argentina-sells-29-billion-in-peso-denominated-bonds-idUSL2N1QI28S,http://mobile.reuters.com/article/amp/idUSL2N1QI28S,Argentina sells $2 . 9 billion in peso - denominated bonds,20180228T233000Z,https://s4.reutersmedia.net/resources_v2/images/rcom-default.png,reuters.com,English,United States,Argentina
https://www.reuters.com/article/argentina-debt/argentina-sells-2-9-billion-in-peso-denominated-bonds-idUSL2N1QI28S,http://mobile.reuters.com/article/amp/idUSL2N1QI28S,Argentina sells $2 . 9 billion in peso - denominated bonds,20180228T221500Z,https://s4.reutersmedia.net/resources_v2/images/rcom-default.png,reuters.com,English,United States,Argentina
https://www.cnbc.com/2018/03/01/reuters-america-emerging-markets-mexico-stocks-rebound-sqm-shares-sink-in-chile.html,//www.cnbc.com/amp/2018/03/01/reuters-america-emerging-markets-mexico-stocks-rebound-sqm-shares-sink-in-chile.html,"EMERGING MARKETS - Mexico stocks rebound , SQM shares sink in Chile",20180301T223000Z,,cnbc.com,English,United States,Argentina
https://www.reuters.com/article/emerging-markets-latam/emerging-markets-mexico-stocks-rebound-sqm-shares-sink-in-chile-idUSL2N1QJ29X,http://mobile.reuters.com/article/amp/idUSL2N1QJ29X,"EMERGING MARKETS - Mexico stocks rebound , SQM shares sink in Chile",20180301T224500Z,https://s4.reutersmedia.net/resources_v2/images/rcom-default.png,reuters.com,English,United States,Argentina
https://uk.reuters.com/article/emerging-markets-latam/emerging-markets-mexico-stocks-rebound-sqm-shares-sink-in-chile-idUKL2N1QJ29X,http://uk.mobile.reuters.com/article/amp/idUKL2N1QJ29X,"EMERGING MARKETS - Mexico stocks rebound , SQM shares sink in Chile",20180301T224500Z,https://s4.reutersmedia.net/resources_v2/images/rcom-default.png,uk.reuters.com,English,United States,Argentina
http://www.kitco.com/news/2018-03-01/EMERGING-MARKETS-Mexico-stocks-rebound-SQM-shares-sink-in-Chile.html,,"EMERGING MARKETS - Mexico stocks rebound , SQM shares sink in Chile",20180301T224500Z,,kitco.com,English,United States,Argentina
http://countingpips.com/2018/02/argentina-holds-rate-extreme-caution-before-any-cuts/,http://countingpips.com/2018/02/argentina-holds-rate-extreme-caution-before-any-cuts/amp/,"Argentina holds rate , ‘ extreme caution before any cuts",20180228T013000Z,,countingpips.com,English,United States,Argentina
https://uk.reuters.com/article/argentina-cenbank-rates/argentina-central-bank-cuts-rate-on-short-term-securities-idUKL2N1QA1P3,http://uk.mobile.reuters.com/article/amp/idUKL2N1QA1P3,Argentina central bank cuts rate on short - term securities,20180221T054500Z,https://s4.reutersmedia.net/resources_v2/images/rcom-default.png,uk.reuters.com,English,United States,Argentina
https://in.reuters.com/article/argentina-cenbank-rates/argentina-central-bank-cuts-rate-on-short-term-securities-idINL2N1QA1P3,http://in.mobile.reuters.com/article/amp/idINL2N1QA1P3,Argentina central bank cuts rate on short - term securities,20180221T054500Z,https://s4.reutersmedia.net/resources_v2/images/rcom-default.png,in.reuters.com,English,United States,Argentina
https://www.reuters.com/article/argentina-cenbank-rates/argentina-central-bank-cuts-rate-on-short-term-securities-idUSL2N1QA1P3,http://mobile.reuters.com/article/amp/idUSL2N1QA1P3,Argentina central bank cuts rate on short - term securities,20180220T231500Z,https://s4.reutersmedia.net/resources_v2/images/rcom-default.png,reuters.com,English,United States,Argentina
http://www.kitco.com/news/2018-02-28/EMERGING-MARKETS-Mexico-stocks-clock-worst-month-in-6-1-2-years-on-Fed-NAFTA-worries.html,,"EMERGING MARKETS - Mexico stocks clock worst month in 6 - 1 / 2 years on Fed , NAFTA worries",20180228T233000Z,,kitco.com,English,United States,Argentina
https://uk.reuters.com/article/uk-emerging-markets/latin-american-equities-stabilize-as-wall-street-shakes-rout-idUKKBN1FR1DX,http://uk.mobile.reuters.com/article/amp/idUKKBN1FR1DX,Latin American equities stabilize as Wall Street shakes rout,20180207T181500Z,https://s2.reutersmedia.net/resources/r/?m=02&d=20180207&t=2&i=1229135533&r=LYNXMPEE161J3,uk.reuters.com,English,United States,Argentina
https://www.nasdaq.com/article/argentina-central-bank-cuts-rate-on-shortterm-securities-20180220-01601,https://www.nasdaq.com/article/argentina-central-bank-cuts-rate-on-shortterm-securities-20180220-01601/amp,Argentina central bank cuts rate on short - term securities,20180220T231500Z,https://www.nasdaq.com/images/dreamit.jpg,nasdaq.com,English,United States,Argentina
https://www.nasdaq.com/article/latin-american-equities-stabilize-as-wall-street-shakes-rout-20180207-01015,https://www.nasdaq.com/article/latin-american-equities-stabilize-as-wall-street-shakes-rout-20180207-01015/amp,Latin American equities stabilize as Wall Street shakes rout,20180207T170000Z,https://www.nasdaq.com/images/dreamit.jpg,nasdaq.com,English,United States,Argentina
http://www.4-traders.com/BOVESPA-7656/news/Latin-American-equities-stabilize-as-Wall-Street-shakes-rout-25944780/,http://www.4-traders.com/amp/BOVESPA-7656/news/Latin-American-equities-stabilize-as-Wall-Street-shakes-rout-25944780/,Latin American equities stabilize as Wall Street shakes rout,20180207T170000Z,https://img.zonebourse.com/reuters/2018-02-07T162627Z_1_LYNXMPEE161J3_RTROPTP_2_MSCI-INDEXES-ARGENTINA.JPG,4-traders.com,English,United States,Argentina
https://seekingalpha.com/article/4145968-leverage-argentina-leverage-argentina,https://seekingalpha.com/amp/article/4145968-leverage-argentina-leverage-argentina,Leverage In Argentina Is More Than Leverage And Argentina,20180213T123000Z,https://static.seekingalpha.com/uploads/2018/2/13/saupload_ABOOK-Feb-2018-Argentina-Reserves-IMF-1.png,seekingalpha.com,English,United States,Argentina
http://www.kitco.com/news/2018-02-07/Argentina-sells-4-6-bln-in-bonds-Treasury-notes.html,,"Argentina sells $4 . 6 bln in bonds , Treasury notes",20180207T211500Z,,kitco.com,English,United States,Argentina
https://www.bnamericas.com/en/news/banking/at-a-glance-argentinas-fastest-growing-lending-segments,,At a Glance : Argentina fastest - growing lending segments,20180214T191500Z,https://w5s.bnamericas.com/bnamericas/imagebank/105381.jpg,bnamericas.com,English,United States,Argentina
http://www.beloitdailynews.com/article/20180219/AP/302199944,,Beloit Daily News,20180219T191500Z,,beloitdailynews.com,English,United States,Argentina
https://www.nasdaq.com/article/latam-currencies-firm-after-last-weeks-sharp-fall-20180212-00904,https://www.nasdaq.com/article/latam-currencies-firm-after-last-weeks-sharp-fall-20180212-00904/amp,Latam currencies firm after last week sharp fall,20180212T180000Z,https://www.nasdaq.com/images/dreamit.jpg,nasdaq.com,English,United States,Argentina
http://columnistofweek.com/6230275/argentina-new-regulatory-framework-and-recent-ma-activity-will-boost-competition-in-telecom-and-media-markets/,http://columnistofweek.com/6230275/argentina-new-regulatory-framework-and-recent-ma-activity-will-boost-competition-in-telecom-and-media-markets/amp/,Argentina : New Regulatory Framework and Recent M & A Activity Will Boost Competition in Telecom and Media Markets – The Columnist,20180201T080000Z,,columnistofweek.com,English,,Argentina
http://www.kitco.com/news/2018-02-20/Argentina-central-bank-cuts-rate-on-short-term-securities.html,,Argentina central bank cuts rate on short - term securities,20180220T230000Z,,kitco.com,English,United States,Argentina
http://www.malaya.com.ph/business-news/business/towards-inflationary-trouble,,Towards inflationary trouble,20180221T144500Z,http://www.malaya.com.ph/sites/all/themes/Malaya/img/new.jpg,malaya.com.ph,English,Philippines,Argentina
https://www.nasdaq.com/article/latin-america-stocks-currencies-fall-broadly-on-fed-remarks-20180227-01383,https://www.nasdaq.com/article/latin-america-stocks-currencies-fall-broadly-on-fed-remarks-20180227-01383/amp,"Latin America stocks , currencies fall broadly on Fed remarks",20180227T200000Z,https://www.nasdaq.com/images/dreamit.jpg,nasdaq.com,English,United States,Argentina
https://macaudailytimes.com.mo/emerging-markets-south-africa-spotlight-brazil-introduces-pension-reforms.html,,Emerging markets | South Africa in the spotlight as Brazil introduces pension reforms,20180220T001500Z,https://i1.wp.com/macaudailytimes.com.mo/wp-content/uploads/2018/02/michel-temer.jpg,macaudailytimes.com.mo,English,Macau,Argentina
https://www.moneyweb.co.za/news-fast-news/sa-budget-brazil-reforms-to-be-emerging-markets-focus/,,"SA budget , Brazil reforms to be emerging markets focus",20180219T083000Z,https://www.moneyweb.co.za/wp-content/uploads/2014/10/NGI_5799b-555x368.jpg,moneyweb.co.za,English,South Africa,Argentina
https://fixedincome.fidelity.com/ftgw/fi/FINewsArticle?id=201802071516RTRSNEWSCOMBINED_L2N1PX1V0_1,,Fixed Income News,20180207T220000Z,,fixedincome.fidelity.com,English,United States,Argentina
https://www.bloomberg.com/news/articles/2018-02-18/south-africa-budget-brazil-reforms-to-be-emerging-markets-focus,https://www.bloomberg.com/amp/news/articles/2018-02-18/south-africa-budget-brazil-reforms-to-be-emerging-markets-focus,"South Africa Budget , Brazil Reforms to Be Emerging Markets Focus",20180219T070000Z,https://assets.bwbx.io/s3/javelin/public/javelin/images/social-markets-3d32d2f713.jpg,bloomberg.com,English,United States,Argentina
https://seekingalpha.com/article/4145566-argentina-macris-herculean-task,https://seekingalpha.com/amp/article/4145566-argentina-macris-herculean-task,Argentina : Macri Herculean Task - Global X MSCI Argentina ETF ( NYSEARCA : ARGT ) ,20180212T124500Z,https://static2.seekingalpha.com/uploads/2018/2/47904412_15183561182975_rId24_thumb.jpg,seekingalpha.com,English,United States,Argentina
https://www.latinamericanpost.com/index.php/macroeconomy-2/19737-argentina--can-macri-beat-inflation,,Argentina : Can Macri beat inflation ? ,20180220T161500Z,,latinamericanpost.com,English,United States,Argentina
https://www.msn.com/en-ph/news/other/soybean-rallies-on-supply-worries-amid-argentina-drought/ar-BBJhWA2,,Soybean rallies on supply worries amid Argentina drought,20180218T171500Z,,msn.com,English,United States,Argentina
https://www.nasdaq.com/article/latam-stocks-edge-up-amid-solid-earnings-season-20180216-00921,https://www.nasdaq.com/article/latam-stocks-edge-up-amid-solid-earnings-season-20180216-00921/amp,LatAm stocks edge up amid solid earnings season,20180217T020000Z,https://www.nasdaq.com/images/dreamit.jpg,nasdaq.com,English,United States,Argentina
https://www.bloombergquint.com/onweb/2018/02/18/south-africa-budget-brazil-reforms-to-be-emerging-markets-focus,/onweb/2018/02/18/south-africa-budget-brazil-reforms-to-be-emerging-markets-focus.amp,"South Africa Budget , Brazil Reforms to Be Emerging Markets Focus",20180219T110000Z,https://fea.assettype.com/bloombergquint/assets/static/bq_1200x630_black-6867abadeb970f9954da9a6c3895c21ee8cbe46751cd04a78ed2e8f761da4905.png,bloombergquint.com,English,,Argentina
https://www.bloomberg.com/news/articles/2018-02-01/stock-picker-who-made-420-in-argentina-sees-more-gains-ahead,https://www.bloomberg.com/amp/news/articles/2018-02-01/stock-picker-who-made-420-in-argentina-sees-more-gains-ahead,Stock Picker Who Made 420 % in Argentina Sees More Gains Ahead,20180201T143000Z,https://assets.bwbx.io/images/users/iqjWHBFdfxIU/iORb0_SBqZss/v0/1200x675.png,bloomberg.com,English,United States,Argentina
https://www.bloomberg.com/news/articles/2018-02-16/biggest-commodity-winner-of-2018-rallies-on-argentina-s-drought,https://www.bloomberg.com/amp/news/articles/2018-02-16/biggest-commodity-winner-of-2018-rallies-on-argentina-s-drought,Biggest Commodity Winner of 2018 Rallies on Argentina Drought,20180217T000000Z,https://assets.bwbx.io/images/users/iqjWHBFdfxIU/iq3TAymHTy3I/v1/1200x800.jpg,bloomberg.com,English,United States,Argentina
http://www.agupdate.com/farmandranchguide/markets/market_news/biggest-commodity-winner-of-rallies-on-argentina-s-drought/article_4b1fa7fc-151a-11e8-b75f-0b204d7f6f45.html,,Biggest commodity winner of 2018 rallies on Argentina drought | Ag Market Prices and News,20180222T010000Z,https://bloximages.chicago2.vip.townnews.com/agupdate.com/content/tncms/assets/v3/editorial/0/7e/07ed19e4-151d-11e8-b809-5b051069e8d1/5a8a38ce223b6.image.png?crop=857%2C483%2C17%2C0,agupdate.com,English,,Argentina
http://www.agupdate.com/agriview/markets/market_news/biggest-commodity-winner-of-rallies-on-argentina-s-drought/article_4b1fa7fc-151a-11e8-b75f-0b204d7f6f45.html,,Biggest commodity winner of 2018 rallies on Argentina drought | Ag Market Prices and News,20180221T230000Z,https://bloximages.chicago2.vip.townnews.com/agupdate.com/content/tncms/assets/v3/editorial/0/7e/07ed19e4-151d-11e8-b809-5b051069e8d1/5a8a38ce223b6.image.png?crop=857%2C483%2C17%2C0,agupdate.com,English,,Argentina
https://www.bloombergquint.com/markets/2018/02/16/biggest-commodity-winner-of-2018-rallies-on-argentina-s-drought,/markets/2018/02/16/biggest-commodity-winner-of-2018-rallies-on-argentina-s-drought.amp,Biggest Commodity Winner of 2018 Rallies on Argentina Drought,20180217T033000Z,https://fea.assettype.com/bloombergquint/assets/static/bq_1200x630_black-6867abadeb970f9954da9a6c3895c21ee8cbe46751cd04a78ed2e8f761da4905.png,bloombergquint.com,English,,Argentina
http://www.agupdate.com/missourifarmertoday/markets/market_news/biggest-commodity-winner-of-rallies-on-argentina-s-drought/article_4b1fa7fc-151a-11e8-b75f-0b204d7f6f45.html,,Biggest commodity winner of 2018 rallies on Argentina drought | Ag Market Prices and News,20180228T051500Z,https://bloximages.chicago2.vip.townnews.com/agupdate.com/content/tncms/assets/v3/editorial/0/7e/07ed19e4-151d-11e8-b809-5b051069e8d1/5a8a38ce223b6.image.png?crop=857%2C483%2C17%2C0,agupdate.com,English,,Argentina
http://m.nasdaq.com/article/latam-markets-currencies-up-on-weaker-us-dollar-higher-oil-prices-20180214-01442,,"LatAm markets , currencies up on weaker U . S . dollar , higher oil prices",20180215T001500Z,http://www.nasdaq.com/images/dreamit.jpg,m.nasdaq.com,English,United States,Argentina
https://www.marketwatch.com/story/western-asset-emerging-markets-debt-fund-inc-portfolio-composition-as-of-december-31-2017-2018-02-05,https://www.marketwatch.com/amp/story/guid/7a9b6969-4cb9-4c36-b213-fb58d5bb3e3b,"Western Asset Emerging Markets Debt Fund Inc . Portfolio Composition as of December 31 , 2017",20180205T230000Z,,marketwatch.com,English,United States,Argentina
http://www.agupdate.com/iowafarmertoday/markets/market_news/biggest-commodity-winner-of-rallies-on-argentina-s-drought/article_4b1fa7fc-151a-11e8-b75f-0b204d7f6f45.html,,Biggest commodity winner of 2018 rallies on Argentina drought | Ag Market Prices and News,20180228T041500Z,https://bloximages.chicago2.vip.townnews.com/agupdate.com/content/tncms/assets/v3/editorial/0/7e/07ed19e4-151d-11e8-b809-5b051069e8d1/5a8a38ce223b6.image.png?crop=857%2C483%2C17%2C0,agupdate.com,English,,Argentina
http://www.agupdate.com/illinoisfarmertoday/markets/market_news/biggest-commodity-winner-of-rallies-on-argentina-s-drought/article_4b1fa7fc-151a-11e8-b75f-0b204d7f6f45.html,,Biggest commodity winner of 2018 rallies on Argentina drought | Ag Market Prices and News,20180228T020000Z,https://bloximages.chicago2.vip.townnews.com/agupdate.com/content/tncms/assets/v3/editorial/0/7e/07ed19e4-151d-11e8-b809-5b051069e8d1/5a8a38ce223b6.image.png?crop=857%2C483%2C17%2C0,agupdate.com,English,,Argentina
https://www.agricensus.com/Article/Wheat-commentary-Futures-drop-as-dollar-pushes-cash-down-900.html,,Wheat commentary : Futures drop as dollar pushes cash down,20180220T201500Z,,agricensus.com,English,,Argentina
https://www.latinamericanpost.com/index.php/economix/12184-why-has-latam-adopted-the-bitcoin,,Why has LatAm adopted the Bitcoin ? ,20180223T203000Z,,latinamericanpost.com,English,United States,Argentina
https://www.bloomberg.com/news/articles/2018-02-22/volatility-s-return-is-making-a-haven-of-asia-s-emerging-markets,https://www.bloomberg.com/amp/news/articles/2018-02-22/volatility-s-return-is-making-a-haven-of-asia-s-emerging-markets,Volatility Return Is Making a Haven of Asia Emerging Markets,20180222T171500Z,https://assets.bwbx.io/s3/javelin/public/javelin/images/social-markets-3d32d2f713.jpg,bloomberg.com,English,United States,Argentina
https://www.thestar.com.my/business/business-news/2018/02/23/volatility-return-making-a-haven-of-asia-emerging-markets/,,Volatility return making a haven of Asia emerging markets - Business News,20180223T044500Z,http://www.thestar.com.my/~/media/online/2018/02/14/08/57/asian-market-up.ashx/?&crop=1&hash=7B26BFCCF68DCE0938A622780BAE7CCF74AC6656,thestar.com.my,English,Malaysia,Argentina
https://www.thestar.com.my/business/business-news/2018/02/23/as-volatility-returns-this-is-how-emerging-markets-stack-up/,,"As volatility returns , this is how emerging markets stack up - Business News",20180223T083000Z,http://www.thestar.com.my/~/media/online/2017/11/13/01/38/marketreport/china-stock-market-file-pic.ashx/?&crop=1&hash=61318E3633F9A014C5290679D234F18F138CE92D,thestar.com.my,English,Malaysia,Argentina
http://www.4-traders.com/CORN-FUTURES-ZC-CBE--16213/news/Traders-Gobble-Up-Soybean-Meal-25987341/,http://www.4-traders.com/amp/CORN-FUTURES-ZC-CBE--16213/news/Traders-Gobble-Up-Soybean-Meal-25987341/,Traders Gobble Up Soybean Meal,20180213T211500Z,https://img.zonebourse.com/reuters/2017-01-02T180601Z_1_LYNXMPED010KA_RTROPTP_2_ARGENTINA-SOY.JPG,4-traders.com,English,United States,Argentina
https://www.bloombergquint.com/onweb/2018/02/09/argentina-s-100-year-bonds-plunge-as-2018-goes-from-bad-to-worse,/onweb/2018/02/09/argentina-s-100-year-bonds-plunge-as-2018-goes-from-bad-to-worse.amp,Argentina 100 - Year Bonds Drop as 2018 Goes From Bad to Worse,20180210T024500Z,http://thumbor.assettype.com/bloombergquint/2016-05/0d20b290-b044-4333-b51d-4f0b31349f4f/top-noimage-ph-244b55b40c.jpeg,bloombergquint.com,English,,Argentina
https://www.bloomberg.com/news/articles/2018-02-09/argentina-s-100-year-bonds-plunge-as-2018-goes-from-bad-to-worse,https://www.bloomberg.com/amp/news/articles/2018-02-09/argentina-s-100-year-bonds-plunge-as-2018-goes-from-bad-to-worse,Argentina 100 - Year Bonds Plunge,20180209T190000Z,https://assets.bwbx.io/s3/javelin/public/javelin/images/social-markets-3d32d2f713.jpg,bloomberg.com,English,United States,Argentina
https://www.bloombergquint.com/global-economics/2018/02/22/volatility-s-return-is-making-a-haven-of-asia-s-emerging-markets,/global-economics/2018/02/22/volatility-s-return-is-making-a-haven-of-asia-s-emerging-markets.amp,Volatility Return Is Making a Haven of Asia Emerging Markets,20180222T184500Z,https://fea.assettype.com/bloombergquint/assets/static/bq_1200x630_black-6867abadeb970f9954da9a6c3895c21ee8cbe46751cd04a78ed2e8f761da4905.png,bloombergquint.com,English,,Argentina
https://finanza.repubblica.it/Bloomberg/2018/02/23/as_volatility_returns_this_is_how_emerging_markets_stack_up-P4HIYH6S972901_BLF/,,"As Volatility Returns , This Is How Emerging Markets Stack Up - Economia e Finanza",20180223T083000Z,https://assets.bwbx.io/images/users/iqjWHBFdfxIU/iA8goOgmXdL0/v0/pi0TFsqn_N8siPbzgcJYQlLw/-1x-1.jpg,finanza.repubblica.it,English,Italy,Argentina
https://seekingalpha.com/article/4143980-argentina-commodities-based-economy,https://seekingalpha.com/amp/article/4143980-argentina-commodities-based-economy,Argentina Is A Commodities - Based Economy - Global X MSCI Argentina ETF ( NYSEARCA : ARGT ) ,20180207T143000Z,https://static3.seekingalpha.com/images/marketing_images/oil_gas/commodities4_min.jpeg,seekingalpha.com,English,United States,Argentina
https://www.broadwayworld.com/bwwgeeks/article/Telecom-Argentina-SA-announces-an-Investment-Plan-for-the-2018-2020-triennium-the-payment-of-dividends-for-the-fiscal-year-ended-December-31-2016-and-of-interim-divid-20180131,,"Telecom Argentina S . A . announces an Investment Plan for the 2018 - 2020 triennium , the payment of dividends for the fiscal year ended December 31 , 2016 and of interim divid",20180201T051500Z,,broadwayworld.com,English,United States,Argentina
https://www.marketwatch.com/story/western-asset-high-income-fund-ii-inc-portfolio-composition-as-of-december-31-2017-2018-02-05,https://www.marketwatch.com/amp/story/guid/c7ac14e8-4fef-4070-870e-e0a17d42013f,"Western Asset High Income Fund II Inc . Portfolio Composition as of December 31 , 2017",20180205T230000Z,,marketwatch.com,English,United States,Argentina
https://brazilbusiness.einnews.com/pr_news/430810884/argentina-travel-tourism-market-2017-by-analyzing-the-performance-of-various-competitors-2021,https://brazilbusiness.einnews.com/amp/pr_news/430810884/argentina-travel-tourism-market-2017-by-analyzing-the-performance-of-various-competitors-2021,Argentina - Travel & Tourism Market 2017 - By Analyzing the Performance of Various Competitors 2021 - Brazil Business Today,20180207T121500Z,,brazilbusiness.einnews.com,English,United States,Argentina
https://seekingalpha.com/article/4147302-now-time-double-argentina,https://seekingalpha.com/amp/article/4147302-now-time-double-argentina,Now Is The Time To Double Down On Argentina - Global X MSCI Argentina ETF ( NYSEARCA : ARGT ) ,20180215T194500Z,https://static3.seekingalpha.com/uploads/2018/2/15/1633991-15187105262714949.jpg,seekingalpha.com,English,United States,Argentina
http://forimmediaterelease.net/telecom-argentina-s-a-announces-an-investment-plan-for-the-2018-2020-triennium-the-payment-of-dividends-for-the-fiscal-year-ended-december-31-2016-and-of-interim-dividends-for-the-nine-month-period-103046/,,"Telecom Argentina S . A . announces an Investment Plan for the 2018 - 2020 triennium , the payment of dividends for the fiscal year ended December 31 , 2016 and of interim dividends for the nine - month period ended September 30 , 2017",20180201T003000Z,,forimmediaterelease.net,English,United States,Argentina
http://markets.businessinsider.com/news/stocks/Telecom-Argentina-S-A-announces-an-Investment-Plan-for-the-2018-2020-triennium-the-payment-of-dividends-for-the-fiscal-year-ended-December-31-2016-and-of-interim-dividends-for-the-nine-month-1014732470,,"Telecom Argentina S . A . announces an Investment Plan for the 2018 - 2020 triennium , the payment of dividends for the fiscal year ended December 31 , 2016 and of interim dividends for the nine - month ... ",20180201T191500Z,,markets.businessinsider.com,English,United States,Argentina
https://www.agrimoney.com/markets/evening-markets-south-america-factors-lift-soymeal-coffee-futures-53044,,Agrimoney - Markets,20180214T184500Z,,agrimoney.com,English,United States,Argentina
https://www.agrimoney.com/news/evening-markets-south-america-factors-lift-soymeal-coffee-futures-53044,,Agrimoney - News,20180213T231500Z,,agrimoney.com,English,United States,Argentina
https://www.agrimoney.com/commodities/commodities/evening-markets-south-america-factors-lift-soymeal-coffee-futures-53044,,Agrimoney - Commodities,20180214T150000Z,,agrimoney.com,English,United States,Argentina
https://www.investopedia.com/terms/p/primarymarket.asp,,Primary Market,20180214T011500Z,https://i.investopedia.com/inv/genericcontentimages/investing/investing16.jpg,investopedia.com,English,United States,Argentina
http://www.tmcnet.com/usubmit/2018/01/31/8692376.htm,,"Telecom Argentina S . A . announces an Investment Plan for the 2018 - 2020 triennium , the payment of dividends for the fiscal year ended December 31 , 2016 and of interim dividends for the nine - month period ended September 30 , 2017",20180201T000000Z,,tmcnet.com,English,United States,Argentina
http://brudirect.com/news.php?id=41908,,Volatility Return Is Making a Haven of Asia Emerging Markets,20180223T061500Z,,brudirect.com,English,Brunei,Argentina
http://www.4-traders.com/news/Cencosud-Reports-Fourth-Quarter-2017-Results--26087158/,http://www.4-traders.com/amp/news/Cencosud-Reports-Fourth-Quarter-2017-Results--26087158/,Cencosud Reports Fourth Quarter 2017 Results,20180301T204500Z,,4-traders.com,English,United States,Argentina
http://www.finanznachrichten.de/nachrichten-2018-03/43154665-cencosud-s-a-cencosud-reports-fourth-quarter-2017-results-200.htm,,Cencosud S . A .: Cencosud Reports Fourth Quarter 2017 Results,20180301T204500Z,http://fns1.de/g/fb.png,finanznachrichten.de,English,Germany,Argentina
https://www.bloomberg.com/news/articles/2018-02-26/recovering-philippine-governor-gets-no-respite-on-rate-hike-push,https://www.bloomberg.com/amp/news/articles/2018-02-26/recovering-philippine-governor-gets-no-respite-on-rate-hike-push,Recovering Philippine Governor Gets No Respite on Rate - Hike Push,20180226T031500Z,https://assets.bwbx.io/images/users/iqjWHBFdfxIU/ivIm91inib_4/v0/1200x800.jpg,bloomberg.com,English,United States,Argentina
http://www.4-traders.com/CORN-FUTURES-ZC-CBE--16213/news/GRAIN-HIGHLIGHTS-Top-Stories-of-the-Day-25987980/,http://www.4-traders.com/amp/CORN-FUTURES-ZC-CBE--16213/news/GRAIN-HIGHLIGHTS-Top-Stories-of-the-Day-25987980/,GRAIN HIGHLIGHTS : Top Stories of the Day,20180213T230000Z,https://img.zonebourse.com/reuters/2017-02-06T041324Z_1_LYNXMPED1508H_RTROPTP_2_CHINA-CORN-STOCKPILE.JPG,4-traders.com,English,United States,Argentina
https://www.fool.com/investing/2018/03/01/growth-slows-at-united-breweries.aspx?source=iedfolrf0000001,https://www.fool.com/amp/investing/2018/03/01/growth-slows-at-united-breweries.aspx,Growth Slows at United Breweries,20180301T170000Z,,fool.com,English,United States,Argentina
https://www.bloombergquint.com/markets/2018/02/26/recovering-philippine-governor-gets-no-respite-on-rate-hike-push,/markets/2018/02/26/recovering-philippine-governor-gets-no-respite-on-rate-hike-push.amp,Recovering Philippine Governor Gets No Respite on Rate - Hike Push,20180226T043000Z,https://fea.assettype.com/bloombergquint/assets/static/bq_1200x630_black-6867abadeb970f9954da9a6c3895c21ee8cbe46751cd04a78ed2e8f761da4905.png,bloombergquint.com,English,,Argentina
http://money.ca/canadian_money/2018/03/01/cencosud-reports-fourth-quarter-2017-results/,,Cencosud Reports Fourth Quarter 2017 Results,20180301T213000Z,,money.ca,English,,Argentina
http://www.hurriyetdailynews.com/opinion/erdal-saglam/inflated-expectations-and-reality-127645,,Inflated economic expectations and reality,20180220T224500Z,,hurriyetdailynews.com,English,Turkey,Argentina
http://www.elpasotimes.com/story/entertainment/events/tiempo/2018/02/07/bring-out-cowboy-boots-bull-riding-country-concerts/316718002/,https://amp.elpasotimes.com/amp/316718002,"Mexican pop music , country music on the horizon",20180208T011500Z,https://www.gannett-cdn.com/-mm-/5c651da6551e4873b0cb0e4eee2926560e80a3c5/c=0-62-1728-1038&r=x803&c=1600x800/local/-/media/2018/02/07/TXNMGroup/ElPaso/636536238242526013-Timbiriche-MAIN.jpg,elpasotimes.com,English,United States,Argentina
https://www.forbes.com/sites/stevehanke/2018/02/28/hankes-annual-misery-index-the-worlds-saddest-and-happiest-countries/,https://www.forbes.com/sites/stevehanke/2018/02/28/hankes-annual-misery-index-the-worlds-saddest-and-happiest-countries/amp/,Hanke Annual Misery Index : The World Saddest ( And Happiest ) Countries,20180228T183000Z,https://specials-images.forbesimg.com/dam/imageserve/918059292/640x434.jpg?fit=scale,forbes.com,English,United States,Argentina
http://www.4-traders.com/news/LIVESTOCK-HIGHLIGHTS-Top-Stories-of-the-Day--25987978/,http://www.4-traders.com/amp/news/LIVESTOCK-HIGHLIGHTS-Top-Stories-of-the-Day--25987978/,LIVESTOCK HIGHLIGHTS,20180213T230000Z,,4-traders.com,English,United States,Argentina
https://www.theglobeandmail.com/report-on-business/international-business/amid-nafta-uncertainty-mexican-exporters-shift-thoughts-south-and-east/article38011475/,,"Amid NAFTA uncertainty , Mexican exporters shift thoughts south and east",20180217T000000Z,https://www.theglobeandmail.com/resizer/52asMn56pK27QZbcZ-7kpuCaS5g=/1200x0/filters:quality(80)/arc-anglerfish-tgam-prod-tgam.s3.amazonaws.com/public/OXPKBLKW2JCABFPGHNYHYWSE2A.JPG,theglobeandmail.com,English,Canada,Argentina
https://seekingalpha.com/article/4145684-tax-cuts-hurricanes-fires-good-jobs-report-correction,https://seekingalpha.com/amp/article/4145684-tax-cuts-hurricanes-fires-good-jobs-report-correction,"Tax Cuts , Hurricanes , Fires And A Good Jobs Report = Correction",20180212T170000Z,https://static3.seekingalpha.com/uploads/2018/2/10/400122-15182994336108775.png,seekingalpha.com,English,United States,Argentina
https://seekingalpha.com/article/4148169-cresuds-cresy-ceo-alejandro-elsztain-q2-2018-results-earnings-call-transcript,https://seekingalpha.com/amp/article/4148169-cresuds-cresy-ceo-alejandro-elsztain-q2-2018-results-earnings-call-transcript,Cresud ( CRESY ) CEO Alejandro Elsztain on Q2 2018 Results - Earnings Call Transcript,20180220T031500Z,https://static.seekingalpha.com/assets/og_image_410-b8960ce31ec84f7f12dba11a09fc1849b69b234e0f5f39d7c62f46f8692e58a5.png,seekingalpha.com,English,United States,Argentina
http://canadianbusinesstribune.com/pr/minsud-announces-updated-mineral-resource-estimate-at-the-chita-valley-cu-au-ag-mo-project-san-juan-argentina/53046,http://canadianbusinesstribune.com/pr/minsud-announces-updated-mineral-resource-estimate-at-the-chita-valley-cu-au-ag-mo-project-san-juan-argentina/53046/amp,"Minsud Announces Updated Mineral Resource Estimate at the Chita Valley Cu - Au - Ag - Mo Project , San Juan , Argentina – Canadian Business Tribune",20180207T191500Z,,canadianbusinesstribune.com,English,,Argentina
http://www.centralbanknews.info/search?updated-max=2018-01-28T11:49:00-07:00&max-results=11,,Central Bank News,20180204T161500Z,,centralbanknews.info,English,China,Argentina
https://www.latinamericanpost.com/index.php/investment-2/15076-capital-keeps-flowing-into-latin-america,,Capital keeps flowing into Latin America,20180216T080000Z,,latinamericanpost.com,English,United States,Argentina
http://www.asianinvestor.net/article/emerging-markets-why-politics-matter-in-2018/442650,,Emerging markets : why politics matter in 2018 | Partner Content,20180213T011500Z,http://cdn.i.haymarketmedia.asia/?n=asian-investor%2fcontent%2fElection+Africa+emerging+markets.jpg&q=100&v=20170105&c=0,asianinvestor.net,English,China,Argentina
http://menafn.com/1096442418/Minsud-Announces-Updated-Mineral-Resource-Estimate-at-Chita-Valley-CuAuAgMo-Project-San-Juan-Argentina-TSX-Venture-ExchangeMSR,,"Minsud Announces Updated Mineral Resource Estimate at the Chita Valley Cu - Au - Ag - Mo Project , San Juan , Argentina TSX Venture Exchange : MSR",20180207T200000Z,,menafn.com,English,United States,Argentina
https://www.nasdaq.com/article/femsa-fmx-lags-q4-earnings-sales-estimates-stock-falls-cm928760,https://www.nasdaq.com/article/femsa-fmx-lags-q4-earnings-sales-estimates-stock-falls-cm928760/amp,"FEMSA ( FMX ) Lags Q4 Earnings & Sales Estimates , Stock Falls",20180301T173000Z,https://www.nasdaq.com/images/dreamit.jpg,nasdaq.com,English,United States,Argentina
http://conferenceboard.ca/press/newsrelease/2018/02/06/another-year-of-solid-growth-for-the-global-economy-but-uncertainties-remain,,"Another Year of Solid Growth For the Global Economy , But Uncertainties Remain",20180206T134500Z,,conferenceboard.ca,English,,Argentina
http://www.stockhouse.com/news/press-releases/2018/02/07/minsud-announces-updated-mineral-resource-estimate-at-the-chita-valley-cu-au-ag,,"Minsud Announces Updated Mineral Resource Estimate at the Chita Valley Cu - Au - Ag - Mo Project , San Juan , Argentina",20180207T204500Z,,stockhouse.com,English,United States,Argentina
http://www.americasquarterly.org/node/2717,,Weekly Roundup from Across the Americas,20180221T121500Z,,americasquarterly.org,English,United States,Argentina
http://www.centralbanknews.info/search?updated-max=2018-01-29T14:04:00-07:00&max-results=11,,Central Bank News,20180207T164500Z,,centralbanknews.info,English,China,Argentina
http://www.centralbanknews.info/search?updated-max=2018-01-29T06:46:00-07:00&max-results=11,,Central Bank News,20180206T073000Z,,centralbanknews.info,English,China,Argentina
https://www.cryptocurrentsblog.com/cryptocurrents/this-time-is-not-different-a-brief-history-of-private-money-crypto,,CryptoCurrents,20180218T161500Z,http://www.cryptocurrentsblog.com/uploads/1/1/5/8/115878847/published/coal-scrip.jpg,cryptocurrentsblog.com,English,,Argentina
https://www.latinamericanpost.com/index.php/identity-culture/9856-everything-you-ever-wanted-to-know-about-life-in-c,,Everything You Ever Wanted to Know about Life in Cuba,20180227T204500Z,,latinamericanpost.com,English,United States,Argentina
https://finance.yahoo.com/news/tenaris-announces-2017-fourth-quarter-214826443.html,https://www.yahoo.com/amphtml/finance/news/tenaris-announces-2017-fourth-quarter-214826443.html,Tenaris Announces 2017 Fourth Quarter and Annual Results,20180221T221500Z,,finance.yahoo.com,English,United States,Argentina
http://forimmediaterelease.net/pan-american-silver-mineral-reserves-increase-to-288-million-ounces-140329/,,Pan American Silver Mineral Reserves Increase to 288 Million Ounces,20180221T021500Z,,forimmediaterelease.net,English,United States,Argentina
https://www.marketwatch.com/story/pan-american-silver-mineral-reserves-increase-to-288-million-ounces-2018-02-20,https://www.marketwatch.com/amp/story/guid/c93a4e63-57d6-421c-bcf0-328b72355d35,Pan American Silver Mineral Reserves Increase to 288 Million Ounces,20180221T021500Z,,marketwatch.com,English,United States,Argentina
https://www.prnewswire.com/news-releases/pan-american-silver-mineral-reserves-increase-to-288-million-ounces-674651853.html,,Pan American Silver Mineral Reserves Increase to 288 Million Ounces,20180221T014500Z,,prnewswire.com,English,United States,Argentina
http://www.centralbanknews.info/search?updated-max=2018-01-30T20:27:00-07:00&max-results=11,,Central Bank News,20180208T013000Z,,centralbanknews.info,English,China,Argentina
https://www.ipe.com/investment/emerging-markets-ballots-ahead/10023451.article,,Portfolio Strategy Emerging Markets : Ballots ahead | Magazine,20180301T204500Z,,ipe.com,English,United Kingdom,Argentina
https://www.pr-inside.com/tenaris-announces-2017-fourth-quarter-and-annual-r-r4680348.htm,,Tenaris Announces 2017 Fourth Quarter and Annual Results 2018 - 02 - 21,20180222T010000Z,,pr-inside.com,English,United States,Argentina
https://www.digitaldoughnut.com/articles/2018/february/the-impact-of-bitcoin-revolution-over-ecommerce,,The Impact of Bitcoin Revolution over Ecommerce Industry,20180214T160000Z,https://www.digitaldoughnut.com/getattachment/61d55aa8-6bb0-4a6f-b4be-8a55721b3ab4/The-Impact-of-Bitcoin-Revolution-over-Ecommerce,digitaldoughnut.com,English,,Argentina
https://www.prnewswire.com/news-releases/pan-american-silver-announces-793-million-in-net-cash-generated-from-operating-activities-in-q4-2017-674657533.html,,Pan American Silver Announces $79 . 3 million in Net Cash Generated From Operating Activities in Q4,20180221T033000Z,,prnewswire.com,English,United States,Argentina
http://forimmediaterelease.net/pan-american-silver-announces-79-3-million-in-net-cash-generated-from-operating-activities-in-q4-2017-140394/,,Pan American Silver Announces $79 . 3 million in Net Cash Generated From Operating Activities in Q4 2017,20180221T034500Z,,forimmediaterelease.net,English,United States,Argentina
http://www.centralbanknews.info/search?updated-max=2018-01-31T12:24:00-07:00&max-results=11,,Central Bank News,20180208T154500Z,,centralbanknews.info,English,China,Argentina
http://www.4-traders.com/TENARIS-100167/news/Tenaris-Announces-2017-Fourth-Quarter-and-Annual-Results-26032448/,http://www.4-traders.com/amp/TENARIS-100167/news/Tenaris-Announces-2017-Fourth-Quarter-and-Annual-Results-26032448/,Tenaris Announces 2017 Fourth Quarter and Annual Results,20180221T221500Z,,4-traders.com,English,United States,Argentina
http://inpublic.globenewswire.com/2018/02/21/Tenaris+Announces+2017+Fourth+Quarter+and+Annual+Results+HUG2170853.html,,GlobeNewswire : Tenaris Announces 2017 Fourth Quarter and Annual Results,20180222T014500Z,,inpublic.globenewswire.com,English,United States,Argentina
http://menafn.com/1096495144/Tenaris-Announces-2017-Fourth-Quarter-and-Annual-Results-NYSETS,,Tenaris Announces 2017 Fourth Quarter and Annual Results NYSE : TS,20180222T010000Z,,menafn.com,English,United States,Argentina
https://www.investegate.co.uk/tenaris-s-a-/gnw/tenaris-announces-2017-fourth-quarter-and-annua---/20180221224910H0853/,,FE Investegate |Tenaris S . A . Announcements,20180222T004500Z,,investegate.co.uk,English,United Kingdom,Argentina
http://www.stockhouse.com/news/press-releases/2018/02/20/pan-american-silver-announces-79-3-million-in-net-cash-generated-from-operating,,Pan American Silver Announces $79 . 3 million in Net Cash Generated From Operating Activities in Q4 2017,20180221T054500Z,,stockhouse.com,English,United States,Argentina
https://www.benzinga.com/pressreleases/18/02/n11231773/pan-american-silver-announces-79-3-million-in-net-cash-generated-from-,,Pan American Silver Announces $79 . 3 million in Net Cash Generated From Operating Activities in Q4 2017,20180221T060000Z,,benzinga.com,English,United States,Argentina
https://www.benzinga.com/pressreleases/18/02/n11231772/pan-american-silver-announces-79-3-million-in-net-cash-generated-from-,,Pan American Silver Announces $79 . 3 million in Net Cash Generated From Operating Activities in Q4 2017,20180221T060000Z,,benzinga.com,English,United States,Argentina
http://www.centralbanknews.info/search?updated-max=2018-01-31T21:21:00-07:00&max-results=11,,Central Bank News,20180208T203000Z,,centralbanknews.info,English,China,Argentina
http://globenewswire.com/news-release/2018/02/16/1349267/0/en/Yamana-Gold-Provides-2018-2020-Outlook.html,,Yamana Gold Provides 2018 - 2020 Outlook NYSE : AUY,20180216T003000Z,,globenewswire.com,English,United States,Argentina
http://www.4-traders.com/ANGLOGOLD-ASHANTI-LIMITED-1413422/news/AngloGold-Ashanti-February-20-2018-AngloGold-Posts-Strong-Full-Year-Operating-Result-and-Improv-26018981/,http://www.4-traders.com/amp/ANGLOGOLD-ASHANTI-LIMITED-1413422/news/AngloGold-Ashanti-February-20-2018-AngloGold-Posts-Strong-Full-Year-Operating-Result-and-Improv-26018981/,"AngloGold Ashanti : February 20 , 2018 - AngloGold Posts Strong Full - Year Operating Result and Improved Guidance for 2018 ( 241 . 8k ) ",20180220T063000Z,,4-traders.com,English,United States,Argentina
http://www.4-traders.com/YAMANA-GOLD-INC-1412328/news/Yamana-Gold-Provides-2018-2020-Outlook-26003491/,http://www.4-traders.com/amp/YAMANA-GOLD-INC-1412328/news/Yamana-Gold-Provides-2018-2020-Outlook-26003491/,Yamana Gold Provides 2018 - 2020 Outlook,20180216T003000Z,,4-traders.com,English,United States,Argentina
https://americanshipper.com/main/news/naftas-impact-on-us-meat-industry--70722.aspx,,NAFTA impact on U . S . meat industry | News,20180228T183000Z,,americanshipper.com,English,,Argentina
https://seekingalpha.com/article/4147874-erica-movils-amx-ceo-daniel-hajj-q4-2017-results-earnings-call-transcript,https://seekingalpha.com/amp/article/4147874-erica-movils-amx-ceo-daniel-hajj-q4-2017-results-earnings-call-transcript,América Móvil ( AMX ) CEO Daniel Hajj on Q4 2017 Results - Earnings Call Transcript,20180219T130000Z,https://static.seekingalpha.com/assets/og_image_410-b8960ce31ec84f7f12dba11a09fc1849b69b234e0f5f39d7c62f46f8692e58a5.png,seekingalpha.com,English,United States,Argentina
https://www.investegate.co.uk/hochschild-miningplc--hoc-/rns/preliminary-results-2017/201802210700054606F/,,FE Investegate |Hochschild MiningPLC Announcements,20180221T080000Z,,investegate.co.uk,English,United Kingdom,Argentina
http://www.4-traders.com/PHILIP-MORRIS-INTERNATION-2836703/news/PHILIP-MORRIS-INTERNATIONAL-Management-s-Discussion-and-Analysis-of-Financial-Condition-and-Result-25984276/,http://www.4-traders.com/amp/PHILIP-MORRIS-INTERNATION-2836703/news/PHILIP-MORRIS-INTERNATIONAL-Management-s-Discussion-and-Analysis-of-Financial-Condition-and-Result-25984276/,PHILIP MORRIS INTERNATIONAL : Management Discussion and Analysis of Financial Condition and Results of Operations . ( form 10 - K ) ,20180213T140000Z,,4-traders.com,English,United States,Argentina
https://seekingalpha.com/article/4147576-renaults-rnsdf-ceo-carlos-ghosn-full-year-2017-results-earnings-call-transcript,https://seekingalpha.com/amp/article/4147576-renaults-rnsdf-ceo-carlos-ghosn-full-year-2017-results-earnings-call-transcript,Renault ( RNSDF ) CEO Carlos Ghosn on Full Year 2017 Results - Earnings Call Transcript,20180217T011500Z,https://static.seekingalpha.com/assets/og_image_410-b8960ce31ec84f7f12dba11a09fc1849b69b234e0f5f39d7c62f46f8692e58a5.png,seekingalpha.com,English,United States,Argentina
https://seekingalpha.com/article/4152033-femsas-fmx-ceo-eduardo-padilla-q4-2017-results-earnings-call-transcript,https://seekingalpha.com/amp/article/4152033-femsas-fmx-ceo-eduardo-padilla-q4-2017-results-earnings-call-transcript,FEMSA ( FMX ) CEO Eduardo Padilla on Q4 2017 Results - Earnings Call Transcript,20180228T233000Z,https://static.seekingalpha.com/assets/og_image_410-b8960ce31ec84f7f12dba11a09fc1849b69b234e0f5f39d7c62f46f8692e58a5.png,seekingalpha.com,English,United States,Argentina
http://globenewswire.com/news-release/2018/02/14/1348416/0/en/Barrick-Reports-2017-Full-Year-and-Fourth-Quarter-Results.html,,Barrick Reports 2017 Full Year and Fourth Quarter Results Toronto Stock Exchange : ABX,20180214T223000Z,,globenewswire.com,English,United States,Argentina
https://www.businesswire.com/news/home/20180221006576/en/VEOLIA-ENVIRONNEMENT-2017-Annual-Results-results-audit,,VEOLIA ENVIRONNEMENT : 2017 Annual Results ( results in the course of audit ) ,20180222T071500Z,https://mms.businesswire.com/media/20180221006576/en/412950/21/240414.jpg,businesswire.com,English,United States,Argentina
http://www.4-traders.com/TELEFONICA-68962/news/Telefonica-Telef-nica-rsquo-s-net-profit-increases-32-2-in-2017-to-3-132m-26033802/,http://www.4-traders.com/amp/TELEFONICA-68962/news/Telefonica-Telef-nica-rsquo-s-net-profit-increases-32-2-in-2017-to-3-132m-26033802/,"Telefonica : Telefónica net profit increases 32 . 2 % in 2017 to 3 , 132m",20180222T071500Z,,4-traders.com,English,United States,Argentina
https://seekingalpha.com/article/4145502-weekly-commentary-subprime-short-vol,https://seekingalpha.com/amp/article/4145502-weekly-commentary-subprime-short-vol,Weekly Commentary : Subprime And Short Vol,20180212T030000Z,https://static.seekingalpha.com/assets/og_image_410-b8960ce31ec84f7f12dba11a09fc1849b69b234e0f5f39d7c62f46f8692e58a5.png,seekingalpha.com,English,United States,Argentina
https://www.marketwatch.com/story/saputo-inc-financial-results-for-fiscal-2018-third-quarter-ended-december-31-2017-2018-02-01,https://www.marketwatch.com/amp/story/guid/29ab4189-3b9f-41c8-8d97-c8ea2f625580,"Saputo Inc .: Financial Results for Fiscal 2018 Third Quarter Ended December 31 , 2017",20180201T174500Z,,marketwatch.com,English,United States,Argentina
http://www.4-traders.com/SAPUTO-INC-1411574/news/Saputo-Inc-Financial-Results-for-Fiscal-2018-Third-Quarter-Ended-December-31-2017-25913483/,http://www.4-traders.com/amp/SAPUTO-INC-1411574/news/Saputo-Inc-Financial-Results-for-Fiscal-2018-Third-Quarter-Ended-December-31-2017-25913483/,"Saputo Inc .: Financial Results for Fiscal 2018 Third Quarter Ended December 31 , 2017",20180201T174500Z,,4-traders.com,English,United States,Argentina
http://www.4-traders.com/BARRICK-GOLD-CORP-1408870/news/Barrick-Reports-2017-Full-Year-and-Fourth-Quarter-Results-25995058/,http://www.4-traders.com/amp/BARRICK-GOLD-CORP-1408870/news/Barrick-Reports-2017-Full-Year-and-Fourth-Quarter-Results-25995058/,Barrick Reports 2017 Full Year and Fourth Quarter Results,20180214T223000Z,,4-traders.com,English,United States,Argentina
https://seekingalpha.com/article/4150790-mcewen-minings-mux-ceo-robert-mcewen-q4-2017-results-earnings-call-transcript,https://seekingalpha.com/amp/article/4150790-mcewen-minings-mux-ceo-robert-mcewen-q4-2017-results-earnings-call-transcript,McEwen Mining ( MUX ) CEO Robert McEwen on Q4 2017 Results - Earnings Call Transcript,20180226T194500Z,https://static.seekingalpha.com/assets/og_image_410-b8960ce31ec84f7f12dba11a09fc1849b69b234e0f5f39d7c62f46f8692e58a5.png,seekingalpha.com,English,United States,Argentina
http://www.finanznachrichten.de/nachrichten-2018-02/42900707-saputo-inc-financial-results-for-fiscal-2018-third-quarter-ended-december-31-2017-net-earnings-at-dollar-337-0-million-up-70-7-adjusted-net-earning-256.htm,,"Saputo Inc .: Financial Results for Fiscal 2018 Third Quarter Ended December 31 , 2017 / Net earnings at $337 . 0 million , up 70 . 7 % - Adjusted net earnings at $183 . 2 million , down 7 . 2 % ",20180201T174500Z,http://fns1.de/g/fb.png,finanznachrichten.de,English,Germany,Argentina
https://www.investegate.co.uk/uil-limited--utl-/rns/half-year-report/201802211230015471F/,,FE Investegate |UIL Limited Announcements,20180221T130000Z,,investegate.co.uk,English,United Kingdom,Argentina
http://www.4-traders.com/PRAXAIR-14158/news/PRAXAIR-MANAGEMENT-S-DISCUSSION-AND-ANALYSIS-OF-FINANCIAL-CONDITION-AND-RESULTS-OF-OPERATIONS-for-26078742/,http://www.4-traders.com/amp/PRAXAIR-14158/news/PRAXAIR-MANAGEMENT-S-DISCUSSION-AND-ANALYSIS-OF-FINANCIAL-CONDITION-AND-RESULTS-OF-OPERATIONS-for-26078742/,PRAXAIR : MANAGEMENT DISCUSSION AND ANALYSIS OF FINANCIAL CONDITION AND RESULTS OF OPERATIONS ( form 10 - K ) ,20180228T184500Z,,4-traders.com,English,United States,Argentina
http://www.4-traders.com/MEXUS-GOLD-US-11095762/news/MEXUS-GOLD-US-MANAGEMENT-S-DISCUSSION-AND-ANALYSIS-OF-FINANCIAL-CONDITION-AND-RESULTS-OF-OPERATION-26009627/,http://www.4-traders.com/amp/MEXUS-GOLD-US-11095762/news/MEXUS-GOLD-US-MANAGEMENT-S-DISCUSSION-AND-ANALYSIS-OF-FINANCIAL-CONDITION-AND-RESULTS-OF-OPERATION-26009627/,MEXUS GOLD US : MANAGEMENT DISCUSSION AND ANALYSIS OF FINANCIAL CONDITION AND RESULTS OF OPERATIONS ( form 10 - Q ) ,20180216T204500Z,,4-traders.com,English,United States,Argentina
http://www.4-traders.com/YAMANA-GOLD-INC-1412328/news/Yamana-Gold-Announces-Fourth-Quarter-and-Full-Year-2017-Results-26003481/,http://www.4-traders.com/amp/YAMANA-GOLD-INC-1412328/news/Yamana-Gold-Announces-Fourth-Quarter-and-Full-Year-2017-Results-26003481/,Yamana Gold Announces Fourth Quarter and Full Year 2017 Results,20180216T003000Z,,4-traders.com,English,United States,Argentina
http://globenewswire.com/news-release/2018/02/16/1349266/0/en/Yamana-Gold-Announces-Fourth-Quarter-and-Full-Year-2017-Results.html,,Yamana Gold Announces Fourth Quarter and Full Year 2017 Results NYSE : AUY,20180216T003000Z,,globenewswire.com,English,United States,Argentina
http://www.safehaven.com/print/45024/the-grand-crowded-trade-of-financial-speculation,,The Grand Crowded Trade of Financial Speculation | Doug Noland,20180203T160000Z,,safehaven.com,English,United States,Argentina
http://www.safehaven.com/article/45024/the-grand-crowded-trade-of-financial-speculation,,The Grand Crowded Trade of Financial Speculation | Doug Noland,20180203T160000Z,,safehaven.com,English,United States,Argentina
http://www.safehaven.com/print/45041/subprime-and-short-vol,,Subprime and Short Vol | Doug Noland,20180210T181500Z,,safehaven.com,English,United States,Argentina
http://www.safehaven.com/article/45041/subprime-and-short-vol,,Subprime and Short Vol | Doug Noland,20180210T181500Z,,safehaven.com,English,United States,Argentina
http://www.4-traders.com/IRON-MOUNTAIN-INC-20499310/news/IRON-MOUNTAIN-Management-s-Discussion-and-Analysis-of-Financial-Condition-and-Results-of-Operation-26009925/,http://www.4-traders.com/amp/IRON-MOUNTAIN-INC-20499310/news/IRON-MOUNTAIN-Management-s-Discussion-and-Analysis-of-Financial-Condition-and-Results-of-Operation-26009925/,IRON MOUNTAIN : Management Discussion and Analysis of Financial Condition and Results of Operations . ( form 10 - K ) ,20180216T220000Z,,4-traders.com,English,United States,Argentina
https://www.bloomberg.com/news/articles/2018-03-23/argentina-s-1-6-billion-peso-defense-makes-27-rates-tempting,https://www.bloomberg.com/amp/news/articles/2018-03-23/argentina-s-1-6-billion-peso-defense-makes-27-rates-tempting,Argentina Defense of the Peso Makes Its 27 % Rates More Tempting,20180323T130000Z,https://assets.bwbx.io/images/users/iqjWHBFdfxIU/iL.iSD9RRgc0/v1/1200x627.png,bloomberg.com,English,United States,Argentina
https://www.reuters.com/article/emerging-markets-latam/emerging-markets-latam-currencies-seesaw-on-u-s-political-woes-idUSL1N1QY1R0,https://mobile.reuters.com/article/amp/idUSL1N1QY1R0,EMERGING MARKETS - LatAm currencies seesaw on U . S . political woes,20180317T040000Z,https://s4.reutersmedia.net/resources_v2/images/rcom-default.png,reuters.com,English,United States,Argentina
https://uk.reuters.com/article/emerging-markets-latam/emerging-markets-latam-currencies-seesaw-on-u-s-political-woes-idUKL1N1QY1R0,https://uk.mobile.reuters.com/article/amp/idUKL1N1QY1R0,EMERGING MARKETS - LatAm currencies seesaw on U . S . political woes,20180317T044500Z,https://s4.reutersmedia.net/resources_v2/images/rcom-default.png,uk.reuters.com,English,United States,Argentina
https://www.reuters.com/article/emerging-markets-latam/emerging-markets-latam-currencies-seesaw-on-us-political-woes-idUSL1N1QY1R0,https://mobile.reuters.com/article/amp/idUSL1N1QY1R0,EMERGING MARKETS - LatAm currencies seesaw on U . S . political woes,20180317T044500Z,https://s4.reutersmedia.net/resources_v2/images/rcom-default.png,reuters.com,English,United States,Argentina
https://in.reuters.com/article/emerging-markets-latam/emerging-markets-latam-currencies-seesaw-on-us-political-woes-idINL1N1QY1R0,https://in.mobile.reuters.com/article/amp/idINL1N1QY1R0,EMERGING MARKETS - LatAm currencies seesaw on U . S . political woes,20180317T044500Z,https://s4.reutersmedia.net/resources_v2/images/rcom-default.png,in.reuters.com,English,United States,Argentina
https://uk.reuters.com/article/emerging-markets-latam/emerging-markets-latam-currencies-seesaw-on-us-political-woes-idUKL1N1QY1R0,https://uk.mobile.reuters.com/article/amp/idUKL1N1QY1R0,EMERGING MARKETS - LatAm currencies seesaw on U . S . political woes,20180317T044500Z,https://s4.reutersmedia.net/resources_v2/images/rcom-default.png,uk.reuters.com,English,United States,Argentina
https://www.bloombergquint.com/onweb/2018/03/23/argentina-s-1-6-billion-peso-defense-makes-27-rates-tempting,/onweb/2018/03/23/argentina-s-1-6-billion-peso-defense-makes-27-rates-tempting.amp,Argentina $1 . 6 Billion Peso Defense Makes 27 % Rates Tempting,20180323T163000Z,https://fea.assettype.com/bloombergquint/assets/static/bq_1200x630_black-6867abadeb970f9954da9a6c3895c21ee8cbe46751cd04a78ed2e8f761da4905.png,bloombergquint.com,English,,Argentina
https://www.reuters.com/article/emerging-markets-latam/emerging-markets-latam-currencies-jump-on-easing-concerns-over-global-trade-idUSL1N1R81BM,https://mobile.reuters.com/article/amp/idUSL1N1R81BM,EMERGING MARKETS - LatAm currencies jump on easing concerns over global trade,20180326T184500Z,https://s4.reutersmedia.net/resources_v2/images/rcom-default.png,reuters.com,English,United States,Argentina
https://in.reuters.com/article/emerging-markets-latam/emerging-markets-latam-currencies-jump-on-easing-concerns-over-global-trade-idINL1N1R81BM,https://in.mobile.reuters.com/article/amp/idINL1N1R81BM,EMERGING MARKETS - LatAm currencies jump on easing concerns over global trade,20180326T200000Z,https://s4.reutersmedia.net/resources_v2/images/rcom-default.png,in.reuters.com,English,United States,Argentina
https://uk.reuters.com/article/emerging-markets-latam/emerging-markets-latam-currencies-jump-on-easing-concerns-over-global-trade-idUKL1N1R81BM,https://uk.mobile.reuters.com/article/amp/idUKL1N1R81BM,EMERGING MARKETS - LatAm currencies jump on easing concerns over global trade,20180327T020000Z,https://s4.reutersmedia.net/resources_v2/images/rcom-default.png,uk.reuters.com,English,United States,Argentina
http://countingpips.com/2018/03/argentina-maintains-rate-confirms-peso-intervention/,http://countingpips.com/2018/03/argentina-maintains-rate-confirms-peso-intervention/amp/,"Argentina maintains rate , confirms peso intervention",20180314T033000Z,,countingpips.com,English,United States,Argentina
http://countingpips.com/2018/03/argentina-maintains-rate-confirms-peso-intervention-2/,http://countingpips.com/2018/03/argentina-maintains-rate-confirms-peso-intervention-2/amp/,"Argentina maintains rate , confirms peso intervention",20180314T040000Z,,countingpips.com,English,United States,Argentina
http://countingpips.com/2018/03/argentina-maintains-rate-confirms-peso-intervention-5/,http://countingpips.com/2018/03/argentina-maintains-rate-confirms-peso-intervention-5/amp/,"Argentina maintains rate , confirms peso intervention",20180314T103000Z,,countingpips.com,English,United States,Argentina
http://countingpips.com/2018/03/argentina-maintains-rate-confirms-peso-intervention-3/,http://countingpips.com/2018/03/argentina-maintains-rate-confirms-peso-intervention-3/amp/,"Argentina maintains rate , confirms peso intervention",20180314T103000Z,,countingpips.com,English,United States,Argentina
http://countingpips.com/2018/03/argentina-maintains-rate-confirms-peso-intervention-4/,http://countingpips.com/2018/03/argentina-maintains-rate-confirms-peso-intervention-4/amp/,"Argentina maintains rate , confirms peso intervention",20180314T103000Z,,countingpips.com,English,United States,Argentina
https://in.reuters.com/article/emerging-markets-latam/emerging-markets-latam-currencies-seesaw-on-u-s-political-woes-idINL1N1QY1R0,https://in.mobile.reuters.com/article/amp/idINL1N1QY1R0,EMERGING MARKETS - LatAm currencies seesaw on U . S . political woes,20180318T054500Z,https://s4.reutersmedia.net/resources_v2/images/rcom-default.png,in.reuters.com,English,United States,Argentina
https://seekingalpha.com/news/3342263-argentina-central-bank-holds-policy-rate-27_25-percent,https://seekingalpha.com/amp/news/3342263-argentina-central-bank-holds-policy-rate-27_25-percent,Argentina central bank holds policy rate at 27 . 25 percent,20180328T214500Z,https://static.seekingalpha.com/assets/og_image_410-b8960ce31ec84f7f12dba11a09fc1849b69b234e0f5f39d7c62f46f8692e58a5.png,seekingalpha.com,English,United States,Argentina
https://www.reuters.com/article/emerging-markets-latam/emerging-markets-brazil-central-bank-surprises-market-with-rate-signal-idUSL1N1R428X,https://mobile.reuters.com/article/amp/idUSL1N1R428X,EMERGING MARKETS - Brazil central bank surprises market with rate signal,20180323T010000Z,https://s4.reutersmedia.net/resources_v2/images/rcom-default.png,reuters.com,English,United States,Argentina
https://uk.reuters.com/article/emerging-markets-latam/emerging-markets-brazil-central-bank-surprises-market-with-rate-signal-idUSL1N1R428X,https://uk.mobile.reuters.com/article/amp/idUSL1N1R428X,EMERGING MARKETS - Brazil central bank surprises market with rate signal,20180323T010000Z,https://s4.reutersmedia.net/resources_v2/images/rcom-default.png,uk.reuters.com,English,United States,Argentina
https://uk.reuters.com/article/emerging-markets-latam/emerging-markets-brazil-central-bank-surprises-market-with-rate-signal-idUKL1N1R428X,https://uk.mobile.reuters.com/article/amp/idUKL1N1R428X,EMERGING MARKETS - Brazil central bank surprises market with rate signal,20180323T011500Z,https://s4.reutersmedia.net/resources_v2/images/rcom-default.png,uk.reuters.com,English,United States,Argentina
http://www.kitco.com/news/2018-03-02/EMERGING-MARKETS-Brazil-stocks-fall-as-tariff-talk-spurs-profit-taking.html,,EMERGING MARKETS - Brazil stocks fall as tariff talk spurs profit - taking,20180302T181500Z,,kitco.com,English,United States,Argentina
http://www.sharenet.co.za/news/LatAm_currencies_seesaw_on_US_political_woes/83782d0482b67e91e9223930c4e77364,,LatAm currencies seesaw on U . S . political woes,20180317T074500Z,,sharenet.co.za,English,South Africa,Argentina
https://finance.yahoo.com/news/emerging-markets-latin-american-equities-172041549.html,https://www.yahoo.com/amphtml/finance/news/emerging-markets-latin-american-equities-172041549.html,"EMERGING MARKETS - Latin American equities continue slide amid trade fears , tech rout",20180329T044500Z,,finance.yahoo.com,English,United States,Argentina
https://in.reuters.com/article/emerging-markets-latam/emerging-markets-latin-american-equities-continue-slide-amid-trade-fears-tech-rout-idINL1N1RA1FO,https://in.mobile.reuters.com/article/amp/idINL1N1RA1FO,"EMERGING MARKETS - Latin American equities continue slide amid trade fears , tech rout",20180328T204500Z,https://s4.reutersmedia.net/resources_v2/images/rcom-default.png,in.reuters.com,English,United States,Argentina
https://uk.reuters.com/article/emerging-markets-latam/emerging-markets-latin-american-equities-continue-slide-amid-trade-fears-tech-rout-idUKL1N1RA1FO,https://uk.mobile.reuters.com/article/amp/idUKL1N1RA1FO,"EMERGING MARKETS - Latin American equities continue slide amid trade fears , tech rout",20180328T204500Z,https://s4.reutersmedia.net/resources_v2/images/rcom-default.png,uk.reuters.com,English,United States,Argentina
https://www.reuters.com/article/emerging-markets-latam/emerging-markets-latin-american-equities-continue-slide-amid-trade-fears-tech-rout-idUSL1N1RA1FO,https://mobile.reuters.com/article/amp/idUSL1N1RA1FO,"EMERGING MARKETS - Latin American equities continue slide amid trade fears , tech rout",20180328T174500Z,https://s4.reutersmedia.net/resources_v2/images/rcom-default.png,reuters.com,English,United States,Argentina
https://uk.reuters.com/article/emerging-markets-latam/emerging-markets-latin-american-equities-continue-slide-amid-trade-fears-tech-rout-idUSL1N1RA1FO,https://uk.mobile.reuters.com/article/amp/idUSL1N1RA1FO,"EMERGING MARKETS - Latin American equities continue slide amid trade fears , tech rout",20180328T180000Z,https://s4.reutersmedia.net/resources_v2/images/rcom-default.png,uk.reuters.com,English,United States,Argentina
http://www.centralbanknews.info/2018/03/argentina-maintains-rate-confirms-peso.html,,"Argentina maintains rate , confirms peso intervention",20180314T024500Z,,centralbanknews.info,English,China,Argentina
http://www.sharenet.co.za/news/Easing_of_global_trade_concerns_boosts_LatAm_currencies/56be6d771d6dd386450bf9ab841abda2,,Easing of global trade concerns boosts LatAm currencies,20180327T003000Z,,sharenet.co.za,English,South Africa,Argentina
https://www.cnbc.com/2018/03/12/reuters-america-emerging-markets-brazil-stocks-up-fibria-shares-jump-on-ma-reports.html,//www.cnbc.com/amp/2018/03/12/reuters-america-emerging-markets-brazil-stocks-up-fibria-shares-jump-on-ma-reports.html,EMERGING MARKETS - Brazil stocks up ; Fibria shares jump on M & A reports,20180312T180000Z,,cnbc.com,English,United States,Argentina
https://finance.yahoo.com/news/emerging-markets-brazil-stocks-fibria-171402761.html,https://www.yahoo.com/amphtml/finance/news/emerging-markets-brazil-stocks-fibria-171402761.html,EMERGING MARKETS - Brazil stocks up ; Fibria shares jump on M & A reports,20180312T180000Z,,finance.yahoo.com,English,United States,Argentina
https://www.reuters.com/article/emerging-markets-latam/emerging-markets-brazil-stocks-up-fibria-shares-jump-on-ma-reports-idUSL1N1QU11J,http://mobile.reuters.com/article/amp/idUSL1N1QU11J,EMERGING MARKETS - Brazil stocks up ; Fibria shares jump on M & A reports,20180312T174500Z,https://s4.reutersmedia.net/resources_v2/images/rcom-default.png,reuters.com,English,United States,Argentina
https://uk.reuters.com/article/emerging-markets-latam/emerging-markets-brazil-stocks-up-fibria-shares-jump-on-ma-reports-idUKL1N1QU11J,http://uk.mobile.reuters.com/article/amp/idUKL1N1QU11J,EMERGING MARKETS - Brazil stocks up ; Fibria shares jump on M & A reports,20180312T193000Z,https://s4.reutersmedia.net/resources_v2/images/rcom-default.png,uk.reuters.com,English,United States,Argentina
https://www.reuters.com/article/emerging-markets-latam/emerging-markets-latam-stocks-extend-slide-amid-trade-fears-tech-rout-idUSL1N1RA2CU,https://mobile.reuters.com/article/amp/idUSL1N1RA2CU,"EMERGING MARKETS - LatAm stocks extend slide amid trade fears , tech rout",20180328T231500Z,https://s4.reutersmedia.net/resources_v2/images/rcom-default.png,reuters.com,English,United States,Argentina
https://in.reuters.com/article/emerging-markets-latam/emerging-markets-latam-stocks-extend-slide-amid-trade-fears-tech-rout-idINL1N1RA2CU,https://in.mobile.reuters.com/article/amp/idINL1N1RA2CU,"EMERGING MARKETS - LatAm stocks extend slide amid trade fears , tech rout",20180329T030000Z,https://s4.reutersmedia.net/resources_v2/images/rcom-default.png,in.reuters.com,English,United States,Argentina
https://uk.reuters.com/article/emerging-markets-latam/emerging-markets-latam-stocks-extend-slide-amid-trade-fears-tech-rout-idUKL1N1RA2CU,https://uk.mobile.reuters.com/article/amp/idUKL1N1RA2CU,"EMERGING MARKETS - LatAm stocks extend slide amid trade fears , tech rout",20180329T034500Z,https://s4.reutersmedia.net/resources_v2/images/rcom-default.png,uk.reuters.com,English,United States,Argentina
https://in.reuters.com/article/us-argentina-forex/argentina-central-bank-sells-413-million-in-spot-market-idINKCN1GS2SJ,https://in.mobile.reuters.com/article/amp/idINKCN1GS2SJ,Argentina central bank sells $413 million in spot market,20180316T220000Z,https://s4.reutersmedia.net/resources_v2/images/rcom-default.png,in.reuters.com,English,United States,Argentina
https://uk.reuters.com/article/us-argentina-forex/argentina-central-bank-sells-413-million-in-spot-market-idUKKCN1GS2SJ,https://uk.mobile.reuters.com/article/amp/idUKKCN1GS2SJ,Argentina central bank sells $413 million in spot market,20180316T234500Z,https://s4.reutersmedia.net/resources_v2/images/rcom-default.png,uk.reuters.com,English,United States,Argentina
https://www.reuters.com/article/us-argentina-forex/argentina-central-bank-sells-413-million-in-spot-market-idUSKCN1GS2SJ,https://mobile.reuters.com/article/amp/idUSKCN1GS2SJ,Argentina central bank sells $413 million in spot market,20180316T221500Z,https://s4.reutersmedia.net/resources_v2/images/rcom-default.png,reuters.com,English,United States,Argentina
https://www.msn.com/en-us/finance/markets/argentina-central-bank-holds-policy-rate-at-2725-percent/ar-BBKMLnX,,Argentina central bank holds policy rate at 27 . 25 percent,20180327T211500Z,,msn.com,English,United States,Argentina
https://in.reuters.com/article/emerging-markets-latam/emerging-markets-latam-equities-fall-for-3rd-session-on-trade-war-fears-idINL1N1QX1GA,https://in.mobile.reuters.com/article/amp/idINL1N1QX1GA,EMERGING MARKETS - LatAm equities fall for 3rd session on trade war fears,20180315T200000Z,https://s4.reutersmedia.net/resources_v2/images/rcom-default.png,in.reuters.com,English,United States,Argentina
https://www.reuters.com/article/emerging-markets-latam/emerging-markets-latam-equities-fall-for-3rd-session-on-trade-war-fears-idUSL1N1QX1GA,https://mobile.reuters.com/article/amp/idUSL1N1QX1GA,EMERGING MARKETS - LatAm equities fall for 3rd session on trade war fears,20180315T181500Z,https://s4.reutersmedia.net/resources_v2/images/rcom-default.png,reuters.com,English,United States,Argentina
https://uk.reuters.com/article/emerging-markets-latam/emerging-markets-latam-equities-fall-for-3rd-session-on-trade-war-fears-idUKL1N1QX1GA,http://uk.mobile.reuters.com/article/amp/idUKL1N1QX1GA,EMERGING MARKETS - LatAm equities fall for 3rd session on trade war fears,20180315T181500Z,https://s4.reutersmedia.net/resources_v2/images/rcom-default.png,uk.reuters.com,English,United States,Argentina
http://www.infosurhoy.com/cocoon/saii/xhtml/en_GB/news/emerging-markets-latam-equities-fall-for-3rd-session-on/,,EMERGING MARKETS - LatAm equities fall for 3rd session on … ,20180317T173000Z,,infosurhoy.com,English,,Argentina
https://www.reuters.com/article/emerging-markets-latam/emerging-markets-latin-american-equities-edge-lower-after-tillerson-exit-idUSL1N1QV19V,http://mobile.reuters.com/article/amp/idUSL1N1QV19V,EMERGING MARKETS - Latin American equities edge lower after Tillerson exit,20180313T190000Z,https://s4.reutersmedia.net/resources_v2/images/rcom-default.png,reuters.com,English,United States,Argentina
https://www.reuters.com/article/emerging-markets-latam/emerging-markets-latam-currencies-weaker-with-eyes-on-fed-stocks-edge-up-idUSL2N1QJ1G1,http://mobile.reuters.com/article/amp/idUSL2N1QJ1G1,EMERGING MARKETS - Latam currencies weaker with eyes on Fed ; stocks edge up,20180301T171500Z,https://s4.reutersmedia.net/resources_v2/images/rcom-default.png,reuters.com,English,United States,Argentina
http://www.kitco.com/news/2018-03-01/EMERGING-MARKETS-Latam-currencies-weaker-with-eyes-on-Fed-stocks-edge-up.html,,EMERGING MARKETS - Latam currencies weaker with eyes on Fed ; stocks edge up,20180301T173000Z,,kitco.com,English,United States,Argentina
https://uk.reuters.com/article/emerging-markets-latam-idUKL2N1QJ1G1,http://uk.mobile.reuters.com/article/amp/idUKL2N1QJ1G1,EMERGING MARKETS - Latam currencies weaker with eyes on Fed ; stocks edge up,20180301T184500Z,https://s4.reutersmedia.net/resources_v2/images/rcom-default.png,uk.reuters.com,English,United States,Argentina
https://www.reuters.com/article/emerging-markets-latam/emerging-markets-brazil-rate-future-yields-drop-as-central-bank-points-to-further-easing-idUSL1N1R41DJ,https://mobile.reuters.com/article/amp/idUSL1N1R41DJ,EMERGING MARKETS - Brazil rate future yields drop as central bank points to further easing,20180322T181500Z,https://s4.reutersmedia.net/resources_v2/images/rcom-default.png,reuters.com,English,United States,Argentina
https://in.reuters.com/article/emerging-markets-latam/emerging-markets-brazil-rate-future-yields-drop-as-central-bank-points-to-further-easing-idINL1N1R41DJ,https://in.mobile.reuters.com/article/amp/idINL1N1R41DJ,EMERGING MARKETS - Brazil rate future yields drop as central bank points to further easing,20180323T021500Z,https://s4.reutersmedia.net/resources_v2/images/rcom-default.png,in.reuters.com,English,United States,Argentina
https://www.reuters.com/article/emerging-markets-latam/emerging-markets-nafta-optimism-boosts-mexican-markets-idUSL1N1R3272,https://mobile.reuters.com/article/amp/idUSL1N1R3272,EMERGING MARKETS - NAFTA optimism boosts Mexican markets,20180321T230000Z,https://s4.reutersmedia.net/resources_v2/images/rcom-default.png,reuters.com,English,United States,Argentina
https://www.cnbc.com/2018/03/21/reuters-america-emerging-markets-mexico-markets-jump-on-nafta-talks-optimism.html,//www.cnbc.com/amp/2018/03/21/reuters-america-emerging-markets-mexico-markets-jump-on-nafta-talks-optimism.html,EMERGING MARKETS - Mexico markets jump on NAFTA talks optimism,20180321T170000Z,,cnbc.com,English,United States,Argentina
http://www.kitco.com/news/2018-03-29/EMERGING-MARKETS-Brazil-equities-jump-amid-global-volatility-respite.html,,EMERGING MARKETS - Brazil equities jump amid global volatility respite,20180329T184500Z,,kitco.com,English,United States,Argentina
https://www.reuters.com/article/emerging-markets-latam/emerging-markets-brazil-equities-jump-amid-global-volatility-respite-idUSL1N1RB1FW,https://mobile.reuters.com/article/amp/idUSL1N1RB1FW,EMERGING MARKETS - Brazil equities jump amid global volatility respite,20180329T173000Z,https://s4.reutersmedia.net/resources_v2/images/rcom-default.png,reuters.com,English,United States,Argentina
https://in.reuters.com/article/emerging-markets-latam/emerging-markets-brazil-equities-jump-amid-global-volatility-respite-idINL1N1RB1FW,https://in.mobile.reuters.com/article/amp/idINL1N1RB1FW,EMERGING MARKETS - Brazil equities jump amid global volatility respite,20180329T214500Z,https://s4.reutersmedia.net/resources_v2/images/rcom-default.png,in.reuters.com,English,United States,Argentina
https://uk.reuters.com/article/emerging-markets-latam/emerging-markets-brazil-equities-jump-amid-global-volatility-respite-idUKL1N1RB1FW,https://uk.mobile.reuters.com/article/amp/idUKL1N1RB1FW,EMERGING MARKETS - Brazil equities jump amid global volatility respite,20180331T030000Z,https://s4.reutersmedia.net/resources_v2/images/rcom-default.png,uk.reuters.com,English,United States,Argentina
https://www.cnbc.com/2018/03/08/reuters-america-emerging-markets-brazil-stocks-fall-on-iron-ore-corporate-news.html,//www.cnbc.com/amp/2018/03/08/reuters-america-emerging-markets-brazil-stocks-fall-on-iron-ore-corporate-news.html,"EMERGING MARKETS - Brazil stocks fall on iron ore , corporate news",20180308T183000Z,,cnbc.com,English,United States,Argentina
https://in.reuters.com/article/us-argentina-cenbank/argentina-central-bank-holds-policy-rate-at-27-25-percent-idINKBN1H32ZF,https://in.mobile.reuters.com/article/amp/idINKBN1H32ZF,Argentina central bank holds policy rate at 27 . 25 percent,20180327T211500Z,https://s3.reutersmedia.net/resources/r/?m=02&d=20180327&t=2&i=1245461186&r=LYNXMPEE2Q1Z6,in.reuters.com,English,United States,Argentina
https://www.reuters.com/article/us-argentina-cenbank/argentina-central-bank-holds-policy-rate-at-2725-percent-idUSKBN1H32ZF,https://mobile.reuters.com/article/amp/idUSKBN1H32ZF,Argentina central bank holds policy rate at 27 . 25 percent,20180327T214500Z,https://s3.reutersmedia.net/resources/r/?m=02&d=20180327&t=2&i=1245461186&r=LYNXMPEE2Q1Z6,reuters.com,English,United States,Argentina
https://www.reuters.com/article/us-argentina-cenbank/argentina-central-bank-holds-policy-rate-at-27-25-percent-idUSKBN1H32ZF,https://mobile.reuters.com/article/amp/idUSKBN1H32ZF,Argentina central bank holds policy rate at 27 . 25 percent,20180327T210000Z,https://s3.reutersmedia.net/resources/r/?m=02&d=20180327&t=2&i=1245461186&r=LYNXMPEE2Q1Z6,reuters.com,English,United States,Argentina
https://in.reuters.com/article/emerging-markets-latam/emerging-markets-trump-trade-talk-still-drags-on-latam-equities-idINL1N1QW17C,http://in.mobile.reuters.com/article/amp/idINL1N1QW17C,EMERGING MARKETS - Trump trade talk still drags on LatAm equities,20180314T184500Z,https://s4.reutersmedia.net/resources_v2/images/rcom-default.png,in.reuters.com,English,United States,Argentina
https://www.reuters.com/article/emerging-markets-latam/emerging-markets-trump-trade-talk-still-drags-on-latam-equities-idUSL1N1QW17C,http://mobile.reuters.com/article/amp/idUSL1N1QW17C,EMERGING MARKETS - Trump trade talk still drags on LatAm equities,20180314T181500Z,https://s4.reutersmedia.net/resources_v2/images/rcom-default.png,reuters.com,English,United States,Argentina
https://uk.reuters.com/article/emerging-markets-latam/emerging-markets-trump-trade-talk-still-drags-on-latam-equities-idUSL1N1QW17C,http://uk.mobile.reuters.com/article/amp/idUSL1N1QW17C,EMERGING MARKETS - Trump trade talk still drags on LatAm equities,20180314T180000Z,https://s4.reutersmedia.net/resources_v2/images/rcom-default.png,uk.reuters.com,English,United States,Argentina
https://uk.reuters.com/article/emerging-markets-latam/emerging-markets-trump-trade-talk-still-drags-on-latam-equities-idUKL1N1QW17C,http://uk.mobile.reuters.com/article/amp/idUKL1N1QW17C,EMERGING MARKETS - Trump trade talk still drags on LatAm equities,20180314T203000Z,https://s4.reutersmedia.net/resources_v2/images/rcom-default.png,uk.reuters.com,English,United States,Argentina
http://en.brinkwire.com/216889/emerging-markets-trump-trade-talk-still-drags-on-latam/,,EMERGING MARKETS - Trump trade talk still drags on LatAm … ,20180317T204500Z,,en.brinkwire.com,English,,Argentina
https://www.reuters.com/article/emerging-markets-latam/emerging-markets-trade-jitters-base-metals-weigh-on-latam-equities-idUSL1N1R51N8,https://mobile.reuters.com/article/amp/idUSL1N1R51N8,"EMERGING MARKETS - Trade jitters , base metals weigh on LatAm equities",20180323T193000Z,https://s4.reutersmedia.net/resources_v2/images/rcom-default.png,reuters.com,English,United States,Argentina
https://uk.reuters.com/article/emerging-markets-latam/emerging-markets-trade-jitters-base-metals-weigh-on-latam-equities-idUKL1N1R51N8,https://uk.mobile.reuters.com/article/amp/idUKL1N1R51N8,"EMERGING MARKETS - Trade jitters , base metals weigh on LatAm equities",20180324T181500Z,https://s4.reutersmedia.net/resources_v2/images/rcom-default.png,uk.reuters.com,English,United States,Argentina
http://www.sharenet.co.za/news/LatAm_currencies_seesaw_ahead_of_Fed_policy_meeting/6c699a72acf18ae96f45892f50a01db8,,LatAm currencies seesaw ahead of Fed policy meeting,20180319T160000Z,,sharenet.co.za,English,South Africa,Argentina
http://www.sharenet.co.za/news/LatAm_currencies_dip_ahead_of_Fed_policy_meeting/ff95c909eb2da04dded29518b22fd910,,LatAm currencies dip ahead of Fed policy meeting,20180320T001500Z,,sharenet.co.za,English,South Africa,Argentina
https://www.reuters.com/article/emerging-markets-latam/emerging-markets-brazil-stocks-fall-on-iron-ore-corporate-news-idUSL2N1QQ1LQ,http://mobile.reuters.com/article/amp/idUSL2N1QQ1LQ,"EMERGING MARKETS - Brazil stocks fall on iron ore , corporate news",20180308T181500Z,https://s4.reutersmedia.net/resources_v2/images/rcom-default.png,reuters.com,English,United States,Argentina
https://www.msn.com/en-us/finance/markets/emerging-markets-brazil-equities-jump-amid-global-volatility-respite/ar-AAvgbbn,,EMERGING MARKETS - Brazil equities jump amid global volatility respite,20180329T183000Z,,msn.com,English,United States,Argentina
http://www.infosurhoy.com/cocoon/saii/xhtml/en_GB/news/emerging-markets-trump-trade-talk-still-drags-on-latam/,,EMERGING MARKETS - Trump trade talk still drags on LatAm … ,20180318T164500Z,,infosurhoy.com,English,,Argentina
https://www.nasdaq.com/article/latin-american-stocks-slide-following-wall-street-losses-20180327-01351,https://www.nasdaq.com/article/latin-american-stocks-slide-following-wall-street-losses-20180327-01351/amp,Latin American stocks slide following Wall Street losses,20180328T014500Z,https://www.nasdaq.com/images/dreamit.jpg,nasdaq.com,English,United States,Argentina
https://www.reuters.com/article/emerging-markets-latam/emerging-markets-latam-markets-up-as-trade-war-fears-subside-idUSL2N1QO0X5,http://mobile.reuters.com/article/amp/idUSL2N1QO0X5,EMERGING MARKETS - LatAm markets up as trade war fears subside,20180306T161500Z,https://s4.reutersmedia.net/resources_v2/images/rcom-default.png,reuters.com,English,United States,Argentina
https://uk.reuters.com/article/emerging-markets-latam/emerging-markets-latam-markets-up-as-trade-war-fears-subside-idUKL2N1QO0X5,http://uk.mobile.reuters.com/article/amp/idUKL2N1QO0X5,EMERGING MARKETS - LatAm markets up as trade war fears subside,20180306T173000Z,https://s4.reutersmedia.net/resources_v2/images/rcom-default.png,uk.reuters.com,English,United States,Argentina
https://in.reuters.com/article/ypf-results/update-1-argentinas-ypf-posts-2017-profit-of-627-mln-vs-2016-loss-idINL2N1QK1YL,http://in.mobile.reuters.com/article/amp/idINL2N1QK1YL,UPDATE 1 - Argentina YPF posts 2017 profit of $627 mln vs 2016 loss,20180303T010000Z,https://s4.reutersmedia.net/resources_v2/images/rcom-default.png,in.reuters.com,English,United States,Argentina
https://www.reuters.com/article/ypf-results/update-1-argentinas-ypf-posts-2017-profit-of-627-mln-vs-2016-loss-idUSL2N1QK1YL,http://mobile.reuters.com/article/amp/idUSL2N1QK1YL,UPDATE 1 - Argentina YPF posts 2017 profit of $627 mln vs 2016 loss,20180303T000000Z,https://s4.reutersmedia.net/resources_v2/images/rcom-default.png,reuters.com,English,United States,Argentina
https://uk.reuters.com/article/ypf-results/update-1-argentinas-ypf-posts-2017-profit-of-627-mln-vs-2016-loss-idUKL2N1QK1YL,http://uk.mobile.reuters.com/article/amp/idUKL2N1QK1YL,UPDATE 1 - Argentina YPF posts 2017 profit of $627 mln vs 2016 loss,20180303T020000Z,https://s4.reutersmedia.net/resources_v2/images/rcom-default.png,uk.reuters.com,English,United States,Argentina
https://www.reuters.com/article/argentina-forex/argentina-central-bank-says-sells-1589-million-in-spot-market-idUSE6N1NS006,https://mobile.reuters.com/article/amp/idUSE6N1NS006,Argentina central bank says sells $158 . 9 million in spot market,20180328T071500Z,https://s4.reutersmedia.net/resources_v2/images/rcom-default.png,reuters.com,English,United States,Argentina
https://www.reuters.com/article/argentina-forex/argentina-central-bank-says-sells-158-9-million-in-spot-market-idUSE6N1NS006,https://mobile.reuters.com/article/amp/idUSE6N1NS006,Argentina central bank says sells $158 . 9 million in spot market,20180331T030000Z,https://s4.reutersmedia.net/resources_v2/images/rcom-default.png,reuters.com,English,United States,Argentina
https://www.cnbc.com/2018/03/02/reuters-america-emerging-markets-brazil-stocks-fall-as-tariff-talk-spurs-profit-taking.html,//www.cnbc.com/amp/2018/03/02/reuters-america-emerging-markets-brazil-stocks-fall-as-tariff-talk-spurs-profit-taking.html,EMERGING MARKETS - Brazil stocks fall as tariff talk spurs profit - taking,20180302T184500Z,,cnbc.com,English,United States,Argentina
https://www.reuters.com/article/emerging-markets-latam/emerging-markets-brazilian-equities-lead-regional-losses-as-tariff-fears-heat-up-idUSL2N1QP1EQ,http://mobile.reuters.com/article/amp/idUSL2N1QP1EQ,EMERGING MARKETS - Brazilian equities lead regional losses as tariff fears heat up,20180307T184500Z,https://s4.reutersmedia.net/resources_v2/images/rcom-default.png,reuters.com,English,United States,Argentina
https://uk.reuters.com/article/emerging-markets-latam/emerging-markets-brazilian-equities-lead-regional-losses-as-tariff-fears-heat-up-idUKL2N1QP1EQ,http://uk.mobile.reuters.com/article/amp/idUKL2N1QP1EQ,EMERGING MARKETS - Brazilian equities lead regional losses as tariff fears heat up,20180307T200000Z,https://s4.reutersmedia.net/resources_v2/images/rcom-default.png,uk.reuters.com,English,United States,Argentina
https://uk.reuters.com/article/emerging-markets-latam/emerging-markets-latin-american-equities-jump-on-us-jobs-data-idUKL2N1QR15W,http://uk.mobile.reuters.com/article/amp/idUKL2N1QR15W,EMERGING MARKETS - Latin American equities jump on U . S . jobs data,20180309T193000Z,https://s4.reutersmedia.net/resources_v2/images/rcom-default.png,uk.reuters.com,English,United States,Argentina
https://www.reuters.com/article/emerging-markets-latam/emerging-markets-latin-american-equities-jump-on-us-jobs-data-idUSL2N1QR15W,http://mobile.reuters.com/article/amp/idUSL2N1QR15W,EMERGING MARKETS - Latin American equities jump on U . S . jobs data,20180310T074500Z,https://s4.reutersmedia.net/resources_v2/images/rcom-default.png,reuters.com,English,United States,Argentina
https://in.reuters.com/article/emerging-markets-latam/emerging-markets-latin-american-equities-jump-on-u-s-jobs-data-idINL2N1QR15W,http://in.mobile.reuters.com/article/amp/idINL2N1QR15W,EMERGING MARKETS - Latin American equities jump on U . S . jobs data,20180309T181500Z,https://s4.reutersmedia.net/resources_v2/images/rcom-default.png,in.reuters.com,English,United States,Argentina
https://www.reuters.com/article/emerging-markets-latam/emerging-markets-latin-american-equities-jump-on-u-s-jobs-data-idUSL2N1QR15W,http://mobile.reuters.com/article/amp/idUSL2N1QR15W,EMERGING MARKETS - Latin American equities jump on U . S . jobs data,20180309T174500Z,https://s4.reutersmedia.net/resources_v2/images/rcom-default.png,reuters.com,English,United States,Argentina
https://finance.yahoo.com/news/emerging-markets-latin-american-equities-171724952.html,https://www.yahoo.com/amphtml/finance/news/emerging-markets-latin-american-equities-171724952.html,EMERGING MARKETS - Latin American equities jump on U . S . jobs data,20180309T183000Z,,finance.yahoo.com,English,United States,Argentina
http://www.sharenet.co.za/news/Latin_American_equities_continue_slide_amid_trade_fears_tech_rout/c91ffee8a503f98dcc011456b2673a6b,,"Latin American equities continue slide amid trade fears , tech rout",20180328T180000Z,,sharenet.co.za,English,South Africa,Argentina
https://www.nasdaq.com/article/argentina-central-bank-holds-policy-rate-at-2725-pct-20180313-01295,https://www.nasdaq.com/article/argentina-central-bank-holds-policy-rate-at-2725-pct-20180313-01295/amp,Argentina central bank holds policy rate at 27 . 25 pct,20180313T213000Z,https://www.nasdaq.com/images/dreamit.jpg,nasdaq.com,English,United States,Argentina
https://in.reuters.com/article/us-argentina-cenbank/argentina-central-bank-holds-policy-rate-at-2725-percent-idINKCN1GP2W8,http://in.mobile.reuters.com/article/amp/idINKCN1GP2W8,Argentina central bank holds policy rate at 27 . 25 percent,20180314T004500Z,https://s4.reutersmedia.net/resources_v2/images/rcom-default.png,in.reuters.com,English,United States,Argentina
https://www.reuters.com/article/us-argentina-cenbank/argentina-central-bank-holds-policy-rate-at-27-25-percent-idUSKCN1GP2W8,http://mobile.reuters.com/article/amp/idUSKCN1GP2W8,Argentina central bank holds policy rate at 27 . 25 percent,20180314T051500Z,https://s4.reutersmedia.net/resources_v2/images/rcom-default.png,reuters.com,English,United States,Argentina
https://uk.reuters.com/article/us-argentina-cenbank/argentina-central-bank-holds-policy-rate-at-2725-percent-idUKKCN1GP2W8,http://uk.mobile.reuters.com/article/amp/idUKKCN1GP2W8,Argentina central bank holds policy rate at 27 . 25 percent,20180313T231500Z,https://s4.reutersmedia.net/resources_v2/images/rcom-default.png,uk.reuters.com,English,United States,Argentina
https://www.reuters.com/article/us-argentina-cenbank/argentina-central-bank-holds-policy-rate-at-2725-percent-idUSKCN1GP2W8,http://mobile.reuters.com/article/amp/idUSKCN1GP2W8,Argentina central bank holds policy rate at 27 . 25 percent,20180313T231500Z,https://s4.reutersmedia.net/resources_v2/images/rcom-default.png,reuters.com,English,United States,Argentina
https://af.reuters.com/article/commoditiesNews/idAFL2N1QN0V0,,EMERGING MARKETS - Brazil equities mixed as corruption probe weighs | Agricultural Commodities,20180305T200000Z,https://s4.reutersmedia.net/resources_v2/images/rcom-default.png,af.reuters.com,English,United States,Argentina
https://www.cnbc.com/2018/03/02/reuters-america-update-1-argentinas-ypf-posts-2017-profit-of-627-mln-vs-2016-loss.html,//www.cnbc.com/amp/2018/03/02/reuters-america-update-1-argentinas-ypf-posts-2017-profit-of-627-mln-vs-2016-loss.html,UPDATE 1 - Argentina YPF posts 2017 profit of $627 mln vs 2016 loss,20180303T211500Z,,cnbc.com,English,United States,Argentina
https://fixedincome.fidelity.com/ftgw/fi/FINewsArticle?id=201803081623RTRSNEWSCOMBINED_E6N1QK009_1,,Fixed Income News,20180308T234500Z,,fixedincome.fidelity.com,English,United States,Argentina
https://www.cnbc.com/2018/03/01/reuters-america-emerging-markets-mexico-stocks-rebound-sqm-shares-sink-in-chile.html,//www.cnbc.com/amp/2018/03/01/reuters-america-emerging-markets-mexico-stocks-rebound-sqm-shares-sink-in-chile.html,"EMERGING MARKETS - Mexico stocks rebound , SQM shares sink in Chile",20180301T223000Z,,cnbc.com,English,United States,Argentina
https://finance.yahoo.com/news/emerging-markets-brazil-equities-mixed-171515915.html,https://www.yahoo.com/amphtml/finance/news/emerging-markets-brazil-equities-mixed-171515915.html,EMERGING MARKETS - Brazil equities mixed as corruption probe weighs,20180305T180000Z,,finance.yahoo.com,English,United States,Argentina
https://uk.reuters.com/article/emerging-markets-latam/emerging-markets-brazil-equities-mixed-as-corruption-probe-weighs-idUKL2N1QN0V0,http://uk.mobile.reuters.com/article/amp/idUKL2N1QN0V0,EMERGING MARKETS - Brazil equities mixed as corruption probe weighs,20180305T184500Z,https://s4.reutersmedia.net/resources_v2/images/rcom-default.png,uk.reuters.com,English,United States,Argentina
https://www.reuters.com/article/emerging-markets-latam/emerging-markets-brazil-equities-mixed-as-corruption-probe-weighs-idUSL2N1QN0V0,http://mobile.reuters.com/article/amp/idUSL2N1QN0V0,EMERGING MARKETS - Brazil equities mixed as corruption probe weighs,20180305T174500Z,https://s4.reutersmedia.net/resources_v2/images/rcom-default.png,reuters.com,English,United States,Argentina
https://www.reuters.com/article/argentina-fiscal-provinces/argentina-to-sell-42-bln-bond-as-part-of-provincial-fiscal-pact-idUSL1N1RA0MM,https://mobile.reuters.com/article/amp/idUSL1N1RA0MM,Argentina to sell $4 . 2 bln bond as part of provincial fiscal pact,20180329T030000Z,https://s4.reutersmedia.net/resources_v2/images/rcom-default.png,reuters.com,English,United States,Argentina
http://www.sharenet.co.za/news/Latin_American_equities_jump_on_US_jobs_data/3ce602a396ac1996c936fbb3b56fcd2f,,Latin American equities jump on U . S . jobs data,20180310T033000Z,,sharenet.co.za,English,South Africa,Argentina
https://in.reuters.com/article/emerging-markets-latam/emerging-markets-mexico-stocks-rebound-sqm-shares-sink-in-chile-idINL2N1QJ29X,http://in.mobile.reuters.com/article/amp/idINL2N1QJ29X,"EMERGING MARKETS - Mexico stocks rebound , SQM shares sink in Chile",20180302T013000Z,https://s4.reutersmedia.net/resources_v2/images/rcom-default.png,in.reuters.com,English,United States,Argentina
https://www.reuters.com/article/emerging-markets-latam/emerging-markets-mexico-stocks-rebound-sqm-shares-sink-in-chile-idUSL2N1QJ29X,http://mobile.reuters.com/article/amp/idUSL2N1QJ29X,"EMERGING MARKETS - Mexico stocks rebound , SQM shares sink in Chile",20180301T224500Z,https://s4.reutersmedia.net/resources_v2/images/rcom-default.png,reuters.com,English,United States,Argentina
https://uk.reuters.com/article/emerging-markets-latam/emerging-markets-mexico-stocks-rebound-sqm-shares-sink-in-chile-idUKL2N1QJ29X,http://uk.mobile.reuters.com/article/amp/idUKL2N1QJ29X,"EMERGING MARKETS - Mexico stocks rebound , SQM shares sink in Chile",20180301T224500Z,https://s4.reutersmedia.net/resources_v2/images/rcom-default.png,uk.reuters.com,English,United States,Argentina
http://www.kitco.com/news/2018-03-01/EMERGING-MARKETS-Mexico-stocks-rebound-SQM-shares-sink-in-Chile.html,,"EMERGING MARKETS - Mexico stocks rebound , SQM shares sink in Chile",20180301T224500Z,,kitco.com,English,United States,Argentina
http://en.mercopress.com/2018/03/05/ypf-recovers-from-2016-and-posts-full-year-profit-of-us-627m-for-2017,,YPF recovers from 2016 and posts full year profit of US$ 627m for 2017 MercoPress,20180305T094500Z,http://en.mercopress.com/data/cache/noticias/63072/600x315/25519.jpg,en.mercopress.com,English,Argentina,Argentina
https://in.reuters.com/article/us-argentina-economy/argentina-2018-growth-seen-around-3-percent-after-drought-official-idINKCN1GQ2SZ,http://in.mobile.reuters.com/article/amp/idINKCN1GQ2SZ,Argentina 2018 growth seen around 3 percent after drought : official,20180314T190000Z,https://s4.reutersmedia.net/resources_v2/images/rcom-default.png,in.reuters.com,English,United States,Argentina
https://www.nasdaq.com/article/argentina-2018-growth-seen-around-3-pct-after-drought-20180314-00971,https://www.nasdaq.com/article/argentina-2018-growth-seen-around-3-pct-after-drought-20180314-00971/amp,Argentina 2018 growth seen around 3 pct after drought,20180314T193000Z,https://www.nasdaq.com/images/dreamit.jpg,nasdaq.com,English,United States,Argentina
https://uk.reuters.com/article/us-argentina-economy/argentina-2018-growth-seen-around-3-percent-after-drought-official-idUKKCN1GQ2SZ,http://uk.mobile.reuters.com/article/amp/idUKKCN1GQ2SZ,Argentina 2018 growth seen around 3 percent after drought : official,20180314T221500Z,https://s4.reutersmedia.net/resources_v2/images/rcom-default.png,uk.reuters.com,English,United States,Argentina
https://www.reuters.com/article/us-argentina-economy/argentina-2018-growth-seen-around-3-percent-after-drought-official-idUSKCN1GQ2SZ,http://mobile.reuters.com/article/amp/idUSKCN1GQ2SZ,Argentina 2018 growth seen around 3 percent after drought : official,20180314T193000Z,https://s4.reutersmedia.net/resources_v2/images/rcom-default.png,reuters.com,English,United States,Argentina
http://www.agupdate.com/illinoisfarmertoday/iowafarmertoday/markets/crop/corn-and-soybean-futures-climb-despite-worrisome-headlines/article_b0713020-2213-11e8-8129-0bd8ddaae77a.html,,Corn and soybean futures climb despite worrisome headlines | Crop,20180307T183000Z,https://bloximages.chicago2.vip.townnews.com/agupdate.com/content/tncms/assets/v3/editorial/5/49/54934248-ca39-11e7-b028-e3ef78114ee7/5a0c92777bc3d.image.jpg,agupdate.com,English,,Argentina
https://www.cnbc.com/2018/03/29/reuters-america-emerging-markets-brazil-equities-jump-amid-global-volatility-respite.html,//www.cnbc.com/amp/2018/03/29/reuters-america-emerging-markets-brazil-equities-jump-amid-global-volatility-respite.html,EMERGING MARKETS - Brazil equities jump amid global volatility respite,20180329T171500Z,,cnbc.com,English,United States,Argentina
https://www.nasdaq.com/article/mexican-peso-stocks-up-as-trump-allows-tariff-exemptions-20180308-01593,https://www.nasdaq.com/article/mexican-peso-stocks-up-as-trump-allows-tariff-exemptions-20180308-01593/amp,"Mexican peso , stocks up as Trump allows tariff exemptions",20180309T001500Z,https://www.nasdaq.com/images/dreamit.jpg,nasdaq.com,English,United States,Argentina
https://af.reuters.com/article/commoditiesNews/idAFL1N1QW13F,,Argentina 2018 growth seen around 3 pct after drought - official | Agricultural Commodities,20180314T190000Z,https://s4.reutersmedia.net/resources_v2/images/rcom-default.png,af.reuters.com,English,United States,Argentina
https://www.cnbc.com/2018/03/14/reuters-america-argentina-2018-growth-seen-around-3-pct-after-drought-official.html,//www.cnbc.com/amp/2018/03/14/reuters-america-argentina-2018-growth-seen-around-3-pct-after-drought-official.html,Argentina 2018 growth seen around 3 pct after drought,20180314T191500Z,,cnbc.com,English,United States,Argentina
https://www.reuters.com/article/argentina-debt/argentina-sells-34-bln-in-treasury-notes-idUSL1N1QW26F,http://mobile.reuters.com/article/amp/idUSL1N1QW26F,Argentina sells $3 . 4 bln in Treasury notes,20180315T011500Z,https://s4.reutersmedia.net/resources_v2/images/rcom-default.png,reuters.com,English,United States,Argentina
https://uk.reuters.com/article/argentina-debt/argentina-sells-34-bln-in-treasury-notes-idUKL1N1QW26F,http://uk.mobile.reuters.com/article/amp/idUKL1N1QW26F,Argentina sells $3 . 4 bln in Treasury notes,20180315T011500Z,https://s4.reutersmedia.net/resources_v2/images/rcom-default.png,uk.reuters.com,English,United States,Argentina
https://in.reuters.com/article/argentina-debt/argentina-sells-34-bln-in-treasury-notes-idINL1N1QW26F,http://in.mobile.reuters.com/article/amp/idINL1N1QW26F,Argentina sells $3 . 4 bln in Treasury notes,20180315T003000Z,https://s4.reutersmedia.net/resources_v2/images/rcom-default.png,in.reuters.com,English,United States,Argentina
https://www.reuters.com/article/argentina-debt/argentina-sells-3-4-bln-in-treasury-notes-idUSL1N1QW26F,http://mobile.reuters.com/article/amp/idUSL1N1QW26F,Argentina sells $3 . 4 bln in Treasury notes,20180314T221500Z,https://s4.reutersmedia.net/resources_v2/images/rcom-default.png,reuters.com,English,United States,Argentina
https://fixedincome.fidelity.com/ftgw/fi/FINewsArticle?id=201803131627RTRSNEWSCOMBINED_L1N1QV1SQ_1,,Fixed Income News,20180313T204500Z,,fixedincome.fidelity.com,English,United States,Argentina
http://en.brinkwire.com/217256/argentina-2018-growth-seen-around-3-pct-after-drought/,,Argentina 2018 growth seen around 3 pct after drought … ,20180318T093000Z,,en.brinkwire.com,English,,Argentina
http://en.mercopress.com/2018/03/14/argentines-tourists-flocked-mainly-to-brazil-in-january-2018,,Argentines tourists flocked mainly to Brazil in January 2018 MercoPress,20180314T093000Z,http://en.mercopress.com/data/cache/noticias/63213/600x315/20171217151932-30909441-0-body.jpg,en.mercopress.com,English,Argentina,Argentina
https://www.bnamericas.com/en/news/oilandgas/argentina-awards-natgas-network-service-contract/,,Argentina awards natgas network service contract,20180328T114500Z,https://w5s.bnamericas.com/bnamericas/imagebank/104486.jpg,bnamericas.com,English,United States,Argentina
http://www.bnamericas.com/en/news/oilandgas/argentina-awards-natgas-network-service-contract/,,Argentina awards natgas network service contract,20180327T233000Z,https://w5s.bnamericas.com/bnamericas/imagebank/104486.jpg,bnamericas.com,English,United States,Argentina
http://www.bnamericas.com/en/news/petrochemicals/argentina-awards-natgas-network-service-contract1/,,Argentina awards natgas network service contract,20180327T220000Z,https://w5s.bnamericas.com/bnamericas/imagebank/104486.jpg,bnamericas.com,English,United States,Argentina
http://web6.bnamericas.com/en/news/oilandgas/argentina-awards-natgas-network-service-contract/,,Argentina awards natgas network service contract,20180327T214500Z,https://w5s.bnamericas.com/bnamericas/imagebank/104486.jpg,web6.bnamericas.com,English,United States,Argentina
https://wineeconomist.com/2018/03/13/globalization-2/,https://wineeconomist.com/2018/03/13/globalization-2/amp/,Book Review : Intriguing Variations on a Wine Globalization Theme « The Wine Economist,20180313T084500Z,https://wineeconomist.files.wordpress.com/2018/03/9781107192928.jpg,wineeconomist.com,English,United States,Argentina
https://www.cnbc.com/2018/03/02/reuters-america-emerging-markets-latin-american-stocks-seesaw-after-trump-tariff-threats.html,//www.cnbc.com/amp/2018/03/02/reuters-america-emerging-markets-latin-american-stocks-seesaw-after-trump-tariff-threats.html,EMERGING MARKETS - Latin American stocks seesaw after Trump tariff threats,20180303T003000Z,,cnbc.com,English,United States,Argentina
https://www.reuters.com/article/emerging-markets-latam/emerging-markets-latin-american-stocks-seesaw-after-trump-tariff-threats-idUSL2N1QK1XB,http://mobile.reuters.com/article/amp/idUSL2N1QK1XB,EMERGING MARKETS - Latin American stocks seesaw after Trump tariff threats,20180303T001500Z,https://s4.reutersmedia.net/resources_v2/images/rcom-default.png,reuters.com,English,United States,Argentina
https://uk.reuters.com/article/emerging-markets-latam/emerging-markets-latin-american-stocks-seesaw-after-trump-tariff-threats-idUKL2N1QK1XB,http://uk.mobile.reuters.com/article/amp/idUKL2N1QK1XB,EMERGING MARKETS - Latin American stocks seesaw after Trump tariff threats,20180303T021500Z,https://s4.reutersmedia.net/resources_v2/images/rcom-default.png,uk.reuters.com,English,United States,Argentina
https://in.reuters.com/article/emerging-markets-latam/emerging-markets-latin-american-stocks-seesaw-after-trump-tariff-threats-idINL2N1QK1XB,http://in.mobile.reuters.com/article/amp/idINL2N1QK1XB,EMERGING MARKETS - Latin American stocks seesaw after Trump tariff threats,20180303T021500Z,https://s4.reutersmedia.net/resources_v2/images/rcom-default.png,in.reuters.com,English,United States,Argentina
http://www.bnamericas.com/en/news/waterandwaste/argentine-province-starts-work-on-kuwaiti-funded-aqueduct,,Argentine province starts work on Kuwaiti - funded aqueduct,20180314T183000Z,https://w5s.bnamericas.com/bnamericas/imagebank/111955.jpg,bnamericas.com,English,United States,Argentina
http://www.bnamericas.com/en/news/waterandwaste/argentine-province-starts-work-on-kuwaiti-funded-aqueduct/,,Argentine province starts work on Kuwaiti - funded aqueduct,20180314T183000Z,https://w5s.bnamericas.com/bnamericas/imagebank/111955.jpg,bnamericas.com,English,United States,Argentina
http://markets.businessinsider.com/news/interestrates/argentina-merval-falls-2-48-amid-rumors-of-pension-fund-repositioning-1018927511,,ARGENTINA : Merval Falls 2 . 48 % Amid Rumors Of Pension Fund Repositioning,20180320T000000Z,,markets.businessinsider.com,English,United States,Argentina
http://www.bnamericas.com/en/news/infrastructure/mendoza-province-opens-new-tunnel/,,Mendoza province opens new tunnel,20180322T211500Z,https://w5s.bnamericas.com/bnamericas/imagebank/112167.jpg,bnamericas.com,English,United States,Argentina
https://www.agricensus.com/Article/Argentina-soy-sales-fall-10-on-year-wheat-doubles-in-2-years-1040.html,,"Argentina soy sales fall 10 % on year , wheat doubles in 2 years",20180308T020000Z,,agricensus.com,English,,Argentina
https://www.hellenicshippingnews.com/argentina-soy-sales-fall-10-on-year-wheat-doubles-in-2-years/,,"Argentina soy sales fall 10 % on year , wheat doubles in 2 years",20180309T020000Z,,hellenicshippingnews.com,English,China,Argentina
http://www.blackseagrain.net/novosti/argentina-soy-sales-fall-10-on-year-wheat-doubles-in-2-years,,"Argentina soy sales fall 10 % on year , wheat doubles in 2 years BlackSeaGrain",20180309T144500Z,,blackseagrain.net,English,Ukraine,Argentina
https://uk.reuters.com/article/emerging-markets-latam/emerging-markets-latin-american-stocks-seesaw-after-trump-tariff-threats-idUSL2N1QK1XB,http://uk.mobile.reuters.com/article/amp/idUSL2N1QK1XB,EMERGING MARKETS - Latin American stocks seesaw after Trump tariff threats,20180304T033000Z,https://s4.reutersmedia.net/resources_v2/images/rcom-default.png,uk.reuters.com,English,United States,Argentina
https://www.nasdaq.com/article/brazil-central-bank-surprises-market-with-rate-signal-20180322-01325,https://www.nasdaq.com/article/brazil-central-bank-surprises-market-with-rate-signal-20180322-01325/amp,Brazil central bank surprises market with rate signal,20180323T014500Z,https://www.nasdaq.com/images/dreamit.jpg,nasdaq.com,English,United States,Argentina
https://uk.reuters.com/article/argentina-stocks-etf/flows-into-global-xs-argentina-etf-slow-as-em-volatility-increases-idUKL1N1R91CY,https://uk.mobile.reuters.com/article/amp/idUKL1N1R91CY,Flows into Global X Argentina ETF slow as EM volatility increases,20180328T071500Z,https://s4.reutersmedia.net/resources_v2/images/rcom-default.png,uk.reuters.com,English,United States,Argentina
https://www.reuters.com/article/argentina-stocks-etf/flows-into-global-xs-argentina-etf-slow-as-em-volatility-increases-idUSL1N1R91CY,https://mobile.reuters.com/article/amp/idUSL1N1R91CY,Flows into Global X Argentina ETF slow as EM volatility increases,20180327T203000Z,https://s4.reutersmedia.net/resources_v2/images/rcom-default.png,reuters.com,English,United States,Argentina
http://en.mercopress.com/2018/03/14/argentina-central-bank-leaves-basic-rate-unchanged-to-combat-inflation,,Argentina central bank leaves basic rate unchanged to combat inflation MercoPress,20180314T101500Z,http://en.mercopress.com/data/cache/noticias/63217/600x315/141001174832-argentina-central-bank-resignation-1024x576.jpg,en.mercopress.com,English,Argentina,Argentina
https://www.reuters.com/article/us-argentina-stocks-etf/flows-into-global-xs-argentina-etf-slow-as-em-volatility-increases-idUSKBN1H32XU,https://mobile.reuters.com/article/amp/idUSKBN1H32XU,Flows into Global X Argentina ETF slow as EM volatility increases,20180327T223000Z,https://s4.reutersmedia.net/resources_v2/images/rcom-default.png,reuters.com,English,United States,Argentina
https://m.nasdaq.com/article/brazil-central-bank-surprises-market-with-rate-signal-20180322-01325,,Brazil central bank surprises market with rate signal,20180323T014500Z,https://www.nasdaq.com/images/dreamit.jpg,m.nasdaq.com,English,United States,Argentina
https://intpolicydigest.org/2018/03/07/argentina-the-big-failure/,,Argentina : The Big Failure,20180307T123000Z,https://intpolicydigest.org/wp-content/uploads/2018/03/1533789122424.jpg,intpolicydigest.org,English,,Argentina
https://www.reuters.com/article/argentina-energy/argentina-plans-2019-payment-of-15-bln-in-delayed-gas-subsidies-idUSL1N1QX1RZ,https://mobile.reuters.com/article/amp/idUSL1N1QX1RZ,Argentina plans 2019 payment of $1 . 5 bln in delayed gas subsidies,20180315T214500Z,https://s4.reutersmedia.net/resources_v2/images/rcom-default.png,reuters.com,English,United States,Argentina
https://af.reuters.com/article/energyOilNews/idAFL1N1QX1RZ,,Argentina plans 2019 payment of $1 . 5 bln in delayed gas subsidies | Energy & Oil,20180315T224500Z,https://s4.reutersmedia.net/resources_v2/images/rcom-default.png,af.reuters.com,English,United States,Argentina
https://uk.reuters.com/article/argentina-energy/argentina-plans-2019-payment-of-15-bln-in-delayed-gas-subsidies-idUKL1N1QX1RZ,https://uk.mobile.reuters.com/article/amp/idUKL1N1QX1RZ,Argentina plans 2019 payment of $1 . 5 bln in delayed gas subsidies,20180315T231500Z,https://s4.reutersmedia.net/resources_v2/images/rcom-default.png,uk.reuters.com,English,United States,Argentina
https://in.reuters.com/article/argentina-energy/argentina-plans-2019-payment-of-15-bln-in-delayed-gas-subsidies-idINL1N1QX1RZ,https://in.mobile.reuters.com/article/amp/idINL1N1QX1RZ,Argentina plans 2019 payment of $1 . 5 bln in delayed gas subsidies,20180315T231500Z,https://s4.reutersmedia.net/resources_v2/images/rcom-default.png,in.reuters.com,English,United States,Argentina
https://af.reuters.com/article/commoditiesNews/idAFL1N1QX1RZ,,Argentina plans 2019 payment of $1 . 5 bln in delayed gas subsidies | Agricultural Commodities,20180315T231500Z,https://s4.reutersmedia.net/resources_v2/images/rcom-default.png,af.reuters.com,English,United States,Argentina
https://www.euromoney.com/article/b17dvgbq7vlnkq/uruguay-has-a-dollar-dilemma,,Uruguay has a dollar dilemma,20180320T150000Z,,euromoney.com,English,United Kingdom,Argentina
https://www.nasdaq.com/article/argentina-plans-2019-payment-of-15-bln-in-delayed-gas-subsidies-20180315-01361,https://www.nasdaq.com/article/argentina-plans-2019-payment-of-15-bln-in-delayed-gas-subsidies-20180315-01361/amp,Argentina plans 2019 payment of $1 . 5 bln in delayed gas subsidies,20180315T213000Z,https://www.nasdaq.com/images/dreamit.jpg,nasdaq.com,English,United States,Argentina
https://seekingalpha.com/news/3336462-ypf-expects-35-percent-shale-production-growth-vaca-muerta-costs-fall,https://seekingalpha.com/amp/news/3336462-ypf-expects-35-percent-shale-production-growth-vaca-muerta-costs-fall,YPF expects 35 % shale production growth as Vaca Muerta costs fall - YPF Sociedad Anonima ( NYSE : YPF ) ,20180305T201500Z,https://static.seekingalpha.com/assets/og_image_410-b8960ce31ec84f7f12dba11a09fc1849b69b234e0f5f39d7c62f46f8692e58a5.png,seekingalpha.com,English,United States,Argentina
https://www.ozy.com/flashback/the-great-default-that-never-was-mexicos-tequila-crisis/85238,,The Great Default That Never Was Mexico Tequila Crisis | Flashback,20180321T053000Z,https://pictures.ozy.com/pictures/1500xany/2/6/3/122263_ap_9709120340.jpg,ozy.com,English,United States,Argentina
https://www.devdiscourse.com/Article/1568-argentina-plans-to-pay-natural-gas-production-subsidy-from-2019-to-oil-companies,,Argentina plans to pay natural gas production subsidy from 2019 to oil companies,20180316T123000Z,http://www.devdiscourse.com/AdminFiles/NewsImages/16_03_2018_11_16_56_0540522.jpg,devdiscourse.com,English,,Argentina
https://www.quora.com/Would-Falklands-be-part-of-Argentina-today-if-Falklands-were-populated-with-Argentinian-settlers-instead-British-ones,,Would Falklands be part of Argentina today if Falklands were populated with Argentinian settlers instead British ones ? ,20180401T191500Z,,quora.com,English,,Argentina
http://www.rttnews.com/story.aspx?Id=2874024,,ARGENTINA : Merval Falls 2 . 48 % Amid Rumors Of Pension Fund Repositioning,20180320T021500Z,,rttnews.com,English,United States,Argentina
http://www.rttnews.com/2874024/argentina-merval-falls-2-48-amid-rumors-of-pension-fund-repositioning.aspx,,ARGENTINA : Merval Falls 2 . 48 % Amid Rumors Of Pension Fund Repositioning,20180320T003000Z,,rttnews.com,English,United States,Argentina
http://www.4-traders.com/CABN-HLDGADR-41148907/news/CABN-HLDGADR-Cablevisi-n-Holding-Announces-Fourth-Quarter-and-Accumulated-2017-Results-26133191/,http://www.4-traders.com/amp/CABN-HLDGADR-41148907/news/CABN-HLDGADR-Cablevisi-n-Holding-Announces-Fourth-Quarter-and-Accumulated-2017-Results-26133191/,CABN HLDGADR : Cablevisión Holding Announces Fourth Quarter and Accumulated 2017 Results,20180309T011500Z,,4-traders.com,English,United States,Argentina
https://www.latinamericanpost.com/index.php/economix/11817-latam-s-inflation-problem-explained,,Latam´s inflation problem explained,20180323T061500Z,,latinamericanpost.com,English,United States,Argentina
https://everything-everywhere.com/travel-to-argentina/,,Travel to Argentina,20180308T064500Z,https://photos.smugmug.com/South-America/Argentina/Ushuaia-2012/i-89tBVkD/0/X2/GMA_1647-X2.jpg,everything-everywhere.com,English,,Argentina
https://panampost.com/luis-henrique-ball-jr/2018/03/08/thursday-march-8-latin-america-news-briefing/,https://panampost.com/amp/luis-henrique-ball-jr/2018/03/08/thursday-march-8-latin-america-news-briefing/,Thursday March 8 : Latin America News Briefing,20180308T091500Z,https://panampost.com/wp-content/uploads/pexels-photo-97050.jpg,panampost.com,English,United States,Argentina
https://www.reuters.com/article/us-ypf-results/ypf-expects-35-percent-shale-output-growth-as-vaca-muerta-costs-fall-idUSKBN1GH261,http://mobile.reuters.com/article/amp/idUSKBN1GH261,YPF expects 35 percent shale output growth as Vaca Muerta costs fall,20180305T163000Z,https://s4.reutersmedia.net/resources_v2/images/rcom-default.png,reuters.com,English,United States,Argentina
https://www.epmag.com/ypf-expects-35-shale-output-growth-vaca-muerta-costs-fall-1688106,,YPF Expects 35 % Shale Output Growth As Vaca Muerta Costs Fall,20180306T163000Z,,epmag.com,English,United States,Argentina
https://www.bnamericas.com/en/news/banking/banking-the-week-in-10-stories41/,,Banking : The week in 10 stories,20180302T224500Z,https://w5s.bnamericas.com/bnamericas/site/images/news/news_3_14.jpg,bnamericas.com,English,United States,Argentina
http://www.bnamericas.com/en/news/banking/banking-the-week-in-10-stories41/,,Banking : The week in 10 stories,20180302T213000Z,https://w5s.bnamericas.com/bnamericas/site/images/news/news_3_3.jpg,bnamericas.com,English,United States,Argentina
http://www.bnamericas.com/en/news/banking/banking-the-week-in-10-stories41,,Banking : The week in 10 stories,20180302T223000Z,https://w5s.bnamericas.com/bnamericas/site/images/news/news_3_13.jpg,bnamericas.com,English,United States,Argentina
http://www.centralbanknews.info/search?updated-max=2018-03-15T10:24:00-06:00&max-results=11,,Central Bank News,20180321T210000Z,,centralbanknews.info,English,China,Argentina
http://www.centralbanknews.info/search?updated-max=2018-03-15T11:56:00-06:00&max-results=11,,Central Bank News,20180322T013000Z,,centralbanknews.info,English,China,Argentina
http://www.centralbanknews.info/search?updated-max=2018-03-19T08:00:00-06:00&max-results=11,,Central Bank News,20180322T161500Z,,centralbanknews.info,English,China,Argentina
https://www.latinamericanpost.com/index.php/banking-2/11963-finally-a-deal-between-argentina-and-bondholders,,Finally a deal between Argentina and bondholders,20180305T101500Z,,latinamericanpost.com,English,United States,Argentina
https://thebitcoinnews.com/bitcoin-is-ideal-for-countries-adopting-a-passive-monetary-policy/,,Bitcoin Is Ideal for Countries Adopting a Passive Monetary Policy,20180331T084500Z,,thebitcoinnews.com,English,,Argentina
https://insidebitcoins.com/news/bitcoin-is-ideal-for-countries-adopting-a-passive-monetary-policy/118458,,Bitcoin Is Ideal for Countries Adopting a Passive Monetary Policy - Inside Bitcoins,20180331T204500Z,,insidebitcoins.com,English,United States,Argentina
https://tribune.com.pk/story/1669350/6-exchange-rate-pakistani-economy/,https://tribune.com.pk/story/1669350/6-exchange-rate-pakistani-economy/?amp=1,Exchange rate and the Pakistani economy,20180326T051500Z,https://c.tribune.com.pk/2018/03/1669350-ShahidJavedBurkiNew-1522037920-409-640x480.jpg,tribune.com.pk,English,Pakistan,Argentina
https://seekingalpha.com/article/4158873-rejecting-bear-thesis-argentina,https://seekingalpha.com/amp/article/4158873-rejecting-bear-thesis-argentina,Rejecting The Bear Thesis For Argentina - Global X MSCI Argentina ETF ( NYSEARCA : ARGT ) ,20180326T170000Z,https://static2.seekingalpha.com/images/marketing_images/global_currencies_flags/argentina_flag_cc0.jpeg,seekingalpha.com,English,United States,Argentina
https://www.euromoney.com/article/b17df15px2crgl/argentina-leaves-markets-worried-about-ability-to-grow,,Argentina leaves markets worried about ability to grow,20180319T151500Z,,euromoney.com,English,United Kingdom,Argentina
http://www.4-traders.com/REPSOL-YPF-75044/news/Repsol-YPF-Economic-Conditions-Argentina-26264002/,http://www.4-traders.com/amp/REPSOL-YPF-75044/news/Repsol-YPF-Economic-Conditions-Argentina-26264002/,Repsol YPF : Economic Conditions Argentina,20180331T203000Z,,4-traders.com,English,United States,Argentina
http://www.centralbanknews.info/search?updated-max=2018-03-21T12:05:00-06:00&max-results=11,,Central Bank News,20180326T014500Z,,centralbanknews.info,English,China,Argentina
http://www.petroleumworld.com/story18031612.htm,,"Petroleumworld , Latin America Energy , Oil and Gas , News and Information",20180316T131500Z,,petroleumworld.com,English,United States,Argentina
https://panampost.com/luis-henrique-ball-jr/2018/03/09/thursday-march-9-latin-america-daily-briefing/,https://panampost.com/amp/luis-henrique-ball-jr/2018/03/09/thursday-march-9-latin-america-daily-briefing/,Thursday March 9 : Latin America Daily Briefing,20180309T101500Z,https://panampost.com/wp-content/uploads/pexels-photo-97050.jpg,panampost.com,English,United States,Argentina
http://www.4-traders.com/news/Cencosud-Reports-Fourth-Quarter-2017-Results--26087158/,http://www.4-traders.com/amp/news/Cencosud-Reports-Fourth-Quarter-2017-Results--26087158/,Cencosud Reports Fourth Quarter 2017 Results,20180301T204500Z,,4-traders.com,English,United States,Argentina
https://www.msn.com/en-us/travel/news/e2-80-98trump-effect-e2-80-99-on-international-tourism-san-antonio-texas-see-mixed-results/ar-BBJN3O3,,"  Trump effect  on international tourism ? San Antonio , Texas see mixed results",20180302T180000Z,,msn.com,English,United States,Argentina
https://www.latinamericanpost.com/index.php/travel-1/9879-journey-to-argentinas-forgotten-territory,,Journey to Argentina forgotten territory,20180318T121500Z,,latinamericanpost.com,English,United States,Argentina
http://www.finanznachrichten.de/nachrichten-2018-03/43154665-cencosud-s-a-cencosud-reports-fourth-quarter-2017-results-200.htm,,Cencosud S . A .: Cencosud Reports Fourth Quarter 2017 Results,20180301T204500Z,http://fns1.de/g/fb.png,finanznachrichten.de,English,Germany,Argentina
http://www.4-traders.com/ALGN-WINE-31423438/news/ALGN-WINE-ALGODON-WINES-LUXURY-DEVELOPMENT-GROUP-INC-MANAGEMENT-S-DISCUSSION-AND-ANALYSIS-OF-F-26258862/,http://www.4-traders.com/amp/ALGN-WINE-31423438/news/ALGN-WINE-ALGODON-WINES-LUXURY-DEVELOPMENT-GROUP-INC-MANAGEMENT-S-DISCUSSION-AND-ANALYSIS-OF-F-26258862/,"ALGN WINE : ALGODON WINES & LUXURY DEVELOPMENT GROUP , INC . MANAGEMENT DISCUSSION AND ANALYSIS OF FINANCIAL CONDITION AND RESULTS OF OPERATIONS ( form 10 - K ) ",20180330T211500Z,,4-traders.com,English,United States,Argentina
https://www.military-technologies.net/2018/03/02/automatic-checkweigher-market-growth-forecast-analysis-by-manufacturers-regions-type-and-application-to-2022/,,"Automatic Checkweigher Market Growth Forecast Analysis by Manufacturers , Regions , Type and Application to 2022 – MilTech",20180302T223000Z,,military-technologies.net,English,United States,Argentina
https://borgenproject.org/how-international-trade-benefits-latin-american-development/,,How International Trade Benefits Latin American Development,20180319T114500Z,https://borgenproject.org/wp-content/uploads/6516170755_eb24e99b4b_z-530x398.jpg,borgenproject.org,English,United States,Argentina
https://www.fginsight.com/news/farmers-urged-to-plan-ahead-to-make-sure-protein-feed-needs-met-56086,,Farmers urged to plan ahead to make sure protein feed needs met - NEWS,20180322T121500Z,https://bmcontent.affino.com/AcuCustom/Sitename/DAM/199/DF_P24___dairy_feeding_outside15_Main.jpg,fginsight.com,English,United Kingdom,Argentina
https://www.worldcrunch.com/opinion-analysis/how-a-strong-dollar-could-squeeze-emerging-economies,https://www.worldcrunch.com/business-finance/amp/how-a-strong-dollar-could-squeeze-emerging-economies,How A Strong Dollar Could Squeeze Emerging Economies,20180325T100000Z,https://www.worldcrunch.com/assets/img/thumbnails/Dolares%20Buenos%20Aires.jpg,worldcrunch.com,English,United States,Argentina
https://www.businesswire.com/news/home/20180308006439/en/Loma-Negra-Announces-4Q17-YoY-Growth-57,,Loma Negra Announces 4Q17 YoY Growth of 57 % in Revenues and 208 % in Net Profit,20180308T233000Z,,businesswire.com,English,United States,Argentina
https://www.worldcrunch.com/business-finance/how-a-strong-dollar-could-squeeze-emerging-economies,https://www.worldcrunch.com/business-finance/amp/how-a-strong-dollar-could-squeeze-emerging-economies,How A Strong Dollar Could Squeeze Emerging Economies,20180319T091500Z,https://www.worldcrunch.com/assets/img/thumbnails/Dolares%20Buenos%20Aires.jpg,worldcrunch.com,English,United States,Argentina
http://www.4-traders.com/BLACKROCK-FRONTIERS-INV-T-7012198/news/Blackrock-Frontiers-Inv-Tst-Investment-Trust-Plc-Portfolio-Update-26242809/,http://www.4-traders.com/amp/BLACKROCK-FRONTIERS-INV-T-7012198/news/Blackrock-Frontiers-Inv-Tst-Investment-Trust-Plc-Portfolio-Update-26242809/,Blackrock Frontiers Inv Tst : Investment Trust Plc - Portfolio Update,20180328T140000Z,,4-traders.com,English,United States,Argentina
http://www.finanznachrichten.de/nachrichten-2018-03/43387868-blackrock-frontiers-investment-trust-plc-portfolio-update-008.htm,,BlackRock Frontiers Investment Trust Plc,20180328T140000Z,http://fns1.de/g/fb.png,finanznachrichten.de,English,Germany,Argentina
http://www.centralbanknews.info/search?updated-max=2018-03-20T17:43:00-06:00&max-results=11,,Central Bank News,20180325T161500Z,,centralbanknews.info,English,China,Argentina
http://gulfnews.com/business/sectors/features/there-is-no-displacing-venezuela-on-the-misery-score-1.2188986,http://m.gulfnews.com/amp/business/sectors/features/there-is-no-displacing-venezuela-on-the-misery-score-1.2188986,There is no displacing Venezuela on the misery score,20180317T040000Z,,gulfnews.com,English,United States,Argentina
http://www.centralbanknews.info/search?updated-max=2018-03-20T08:29:00-06:00&max-results=11,,Central Bank News,20180323T214500Z,,centralbanknews.info,English,China,Argentina
http://www.wisebread.com/8-places-to-travel-where-the-dollar-is-still-strong,,8 Places to Travel Where the Dollar Is Still Strong,20180307T103000Z,http://www.wisebread.com/files/fruganomics/blog-images/landscape_of_coron_busuanga_island.jpg,wisebread.com,English,,Argentina
https://www.fool.com/investing/2018/03/01/growth-slows-at-united-breweries.aspx?source=iedfolrf0000001,https://www.fool.com/amp/investing/2018/03/01/growth-slows-at-united-breweries.aspx,Growth Slows at United Breweries,20180301T170000Z,,fool.com,English,United States,Argentina
http://money.ca/canadian_money/2018/03/01/cencosud-reports-fourth-quarter-2017-results/,,Cencosud Reports Fourth Quarter 2017 Results,20180301T213000Z,,money.ca,English,,Argentina
http://wobko.net/2018/03/24/u-s-pork-to-feel-further-chill-from-china-tariff-threat.html,,U . S . pork to feel further chill from China tariff threat,20180324T151500Z,,wobko.net,English,,Argentina
https://www.cato.org/publications/commentary/hankes-annual-misery-index-worlds-saddest-happiest-countries,,Hanke Annual Misery Index : the World Saddest ( And Happiest ) Countries,20180307T183000Z,,cato.org,English,United States,Argentina
https://www.investegate.co.uk/blackrock-frontiers--brfi-/prn/portfolio-update/20180328143325P329C/,,FE Investegate |BlackRock Frontiers Announcements,20180328T143000Z,,investegate.co.uk,English,United Kingdom,Argentina
http://m.gulfnews.com/business/sectors/features/there-is-no-displacing-venezuela-on-the-misery-score-1.2188986,,There is no displacing Venezuela on the misery score,20180317T054500Z,,m.gulfnews.com,English,United States,Argentina
https://www.bloomberg.com/news/articles/2018-03-18/big-russia-week-is-emerging-market-focus-as-g-20-meets-on-trade,https://www.bloomberg.com/amp/news/articles/2018-03-18/big-russia-week-is-emerging-market-focus-as-g-20-meets-on-trade,Russia Is This Week Emerging - Market Focus as the G - 20 Meets on Trade,20180318T214500Z,https://assets.bwbx.io/images/users/iqjWHBFdfxIU/ikqYFuSWpxEk/v0/1200x800.jpg,bloomberg.com,English,United States,Argentina
https://www.bloombergquint.com/politics/2018/03/18/big-russia-week-is-emerging-market-focus-as-g-20-meets-on-trade,/politics/2018/03/18/big-russia-week-is-emerging-market-focus-as-g-20-meets-on-trade.amp,Big Russia Week Is Emerging - Market Focus as G - 20 Meets on Trade,20180318T214500Z,https://fea.assettype.com/bloombergquint/assets/static/bq_1200x630_black-6867abadeb970f9954da9a6c3895c21ee8cbe46751cd04a78ed2e8f761da4905.png,bloombergquint.com,English,,Argentina
https://www.prnewswire.com/news-releases/telecom-argentina-sa-announces-consolidated-results-for-the-annual-period-fy17-and-fourth-quarter-for-fiscal-year-2017-4q17-300610382.html,,Telecom Argentina S . A . announces consolidated results for the annual period ( FY17 ) and fourth,20180308T000000Z,,prnewswire.com,English,United States,Argentina
http://www.tmcnet.com/usubmit/2018/03/07/8713836.htm,,Telecom Argentina S . A . announces consolidated results for the annual period ( FY17 ) and fourth quarter for fiscal year 2017 ( 4Q17 ) ,20180308T001500Z,,tmcnet.com,English,United States,Argentina
http://www.mobilitytechzone.com/broadband-stimulus/news/2018/03/07/8713836.htm,,Telecom Argentina S . A . announces consolidated results for the annual period ( FY17 ) and fourth quarter for fiscal year 2017 ( 4Q17 ) ,20180308T033000Z,,mobilitytechzone.com,English,United States,Argentina
https://www.marketwatch.com/story/telecom-argentina-sa-announces-consolidated-results-for-the-annual-period-fy17-and-fourth-quarter-for-fiscal-year-2017-4q17-2018-03-07,https://www.marketwatch.com/amp/story/guid/2e380c14-0ddd-48bc-818d-a0996dcbf58d,Telecom Argentina S . A . announces consolidated results for the annual period ( FY17 ) and fourth quarter for fiscal year 2017 ( 4Q17 ) ,20180308T000000Z,,marketwatch.com,English,United States,Argentina
https://www.benzinga.com/pressreleases/18/03/n11324450/telecom-argentina-s-a-announces-consolidated-results-for-the-annual-pe,,Telecom Argentina S . A . announces consolidated results for the annual period ( FY17 ) and fourth quarter for fiscal year 2017 ( 4Q17 ) ,20180308T001500Z,,benzinga.com,English,United States,Argentina
http://forimmediaterelease.net/telecom-argentina-s-a-announces-consolidated-results-for-the-annual-period-fy17-and-fourth-quarter-for-fiscal-year-2017-4q17-169592/,,Telecom Argentina S . A . announces consolidated results for the annual period ( FY17 ) and fourth quarter for fiscal year 2017 ( 4Q17 ) ,20180308T001500Z,,forimmediaterelease.net,English,United States,Argentina
http://www.mobilitytechzone.com/wimax/news/2018/03/07/8713836.htm,,Telecom Argentina S . A . announces consolidated results for the annual period ( FY17 ) and fourth quarter for fiscal year 2017 ( 4Q17 ) ,20180308T024500Z,,mobilitytechzone.com,English,United States,Argentina
http://www.stockhouse.com/news/press-releases/2018/03/07/telecom-argentina-s-a-announces-consolidated-results-for-the-annual-period-fy17,,Telecom Argentina S . A . announces consolidated results for the annual period ( FY17 ) and fourth quarter for fiscal year 2017 ( 4Q17 ) ,20180308T134500Z,,stockhouse.com,English,United States,Argentina
http://markets.businessinsider.com/news/stocks/telecom-argentina-s-a-announces-consolidated-results-for-the-annual-period-fy17-and-fourth-quarter-for-fiscal-year-2017-4q17-1018327419,,Telecom Argentina S . A . announces consolidated results for the annual period ( FY17 ) and fourth quarter for fiscal year 2017 ( 4Q17 ) ,20180308T014500Z,,markets.businessinsider.com,English,United States,Argentina
http://www.latinfinance.com/web-articles/2018/3/qa-albright-capital-talks-latam-ventures,,Q & A : Albright Capital talks LatAm ventures,20180313T163000Z,,latinfinance.com,English,United States,Argentina
http://www.latinfinance.com/web-articles/2018/3/albright-capital-talks-latam-ventures,,Albright Capital talks LatAm ventures,20180313T201500Z,,latinfinance.com,English,United States,Argentina
https://www.ajot.com/news/will-trumps-economy-overheat-as-tax-cuts-kick-in-eco-week,,Eco Week : Will Trump s Economy Overheat as Tax Cuts Kick In ? ,20180316T131500Z,,ajot.com,English,United States,Argentina
https://www.agweb.com/blog/the-hueber-report/the-wait-is-almost-over/,,The wait is almost over,20180329T174500Z,,agweb.com,English,United States,Argentina
https://www.zerohedge.com/news/2018-03-08/hankes-annual-misery-index-worlds-saddest-and-happiest-countries,,Hanke Annual Misery Index : The World Saddest ( And Happiest ) Countries | Zero Hedge,20180308T223000Z,,zerohedge.com,English,United States,Argentina
https://www.agrimoney.com/news/evening-markets-soymeal-arabica-coffee-rediscover-headway-55503,,Agrimoney - News,20180314T011500Z,,agrimoney.com,English,United States,Argentina
https://www.bloomberg.com/news/articles/2018-03-16/will-trump-s-economy-overheat-as-tax-cuts-kick-in-eco-week,,Will Trump Economy Overheat as Tax Cuts Kick In ?: Eco Week,20180316T084500Z,https://assets.bwbx.io/images/users/iqjWHBFdfxIU/ibg23b_A.HPg/v0/1200x799.jpg,bloomberg.com,English,United States,Argentina
https://www.bloombergquint.com/global-economics/2018/03/16/will-trump-s-economy-overheat-as-tax-cuts-kick-in-eco-week,/global-economics/2018/03/16/will-trump-s-economy-overheat-as-tax-cuts-kick-in-eco-week.amp,Will Trump Economy Overheat as Tax Cuts Kick In ?: Eco Week,20180316T091500Z,https://fea.assettype.com/bloombergquint/assets/static/bq_1200x630_black-6867abadeb970f9954da9a6c3895c21ee8cbe46751cd04a78ed2e8f761da4905.png,bloombergquint.com,English,,Argentina
https://www.agrimoney.com/news/morning-markets-us-rain-prospects-dampen-wheat-bulls-parade-55554,,Agrimoney - News,20180314T104500Z,,agrimoney.com,English,United States,Argentina
https://seekingalpha.com/article/4156166-mexico-city-caution-required-mexican-stocks,https://seekingalpha.com/amp/article/4156166-mexico-city-caution-required-mexican-stocks,From Mexico City : Caution Required With Mexican Stocks,20180314T084500Z,https://static.seekingalpha.com/uploads/2018/3/14/saupload_MSCI-indices-Mex-620x483.jpg,seekingalpha.com,English,United States,Argentina
https://www.nasdaq.com/article/femsa-fmx-lags-q4-earnings-sales-estimates-stock-falls-cm928760,https://www.nasdaq.com/article/femsa-fmx-lags-q4-earnings-sales-estimates-stock-falls-cm928760/amp,"FEMSA ( FMX ) Lags Q4 Earnings & Sales Estimates , Stock Falls",20180301T173000Z,https://www.nasdaq.com/images/dreamit.jpg,nasdaq.com,English,United States,Argentina
https://seekingalpha.com/article/4159483-will-sino-u-s-trade-war-impact-grain-meat-markets,https://seekingalpha.com/amp/article/4159483-will-sino-u-s-trade-war-impact-grain-meat-markets,"Will A Sino - U . S . Trade War Impact Grain , Meat Markets ? ",20180328T123000Z,https://static.seekingalpha.com/uploads/2018/3/28/saupload_will-a-sino-us-trade-war-impact-grain-meat-markets-fig02.jpg,seekingalpha.com,English,United States,Argentina
https://voxeu.org/article/cryptocurrencies-challenge-status-quo,,Cryptocurrencies challenge the status quo,20180315T031500Z,https://voxeu.org/sites/default/files/image/FromMay2014/mandeng15march.jpg,voxeu.org,English,,Argentina
https://panampost.com/luis-henrique-ball-jr/2018/03/14/wednesday-march-14-latin-america-daily-briefing/,https://panampost.com/amp/luis-henrique-ball-jr/2018/03/14/wednesday-march-14-latin-america-daily-briefing/,"Wednesday , March 14 : Latin America Daily Briefing",20180314T093000Z,https://panampost.com/wp-content/uploads/pexels-photo-97050.jpg,panampost.com,English,United States,Argentina
https://es.panampost.com/cristina-salinas/2018/03/15/marzo-15-resumen-noticias-de-la-manana/,https://es.panampost.com/cristina-salinas/2018/03/15/marzo-15-resumen-noticias-de-la-manana/amp/,Marzo 15 : Resumen noticias de la mañana,20180315T130000Z,https://es.panampost.com/wp-content/uploads/lo-mas-950x468.jpg,es.panampost.com,English,United States,Argentina
http://www.southdadenewsleader.com/news/a-fantastic-voyage/article_68866132-1e2f-11e8-86e2-d72118c0e88e.html,,A Fantastic Voyage - South Dade News Leader : Community News | South Dade News Leader,20180302T161500Z,http://southdadenewsleader.com/content/tncms/live/global/resources/images/_site/og-image.jpg,southdadenewsleader.com,English,United States,Argentina
https://seekingalpha.com/article/4154210-environmental-social-governance-factors-global-macro-investing,https://seekingalpha.com/amp/article/4154210-environmental-social-governance-factors-global-macro-investing,"Environmental , Social And Governance Factors In Global Macro Investing",20180307T190000Z,https://static.seekingalpha.com/uploads/2018/3/7/saupload_0318_ESG_Role.png,seekingalpha.com,English,United States,Argentina
https://www.investegate.co.uk/cablevision-holding--cvh-/rns/fourth-quarter-and-accumulated-2017-results/201803090700061991H/,,FE Investegate |Cablevision Holding Announcements,20180309T074500Z,,investegate.co.uk,English,United Kingdom,Argentina
http://www.eurasiareview.com/19032018-cryptocurrencies-challenge-the-status-quo-analysis/,,Cryptocurrencies Challenge The Status Quo – Analysis – Eurasia Review,20180319T051500Z,https://i1.wp.com/www.eurasiareview.com/wp-content/uploads/2017/08/g-9.jpg?fit=830%2C510,eurasiareview.com,English,United States,Argentina
http://www.dw.com/en/venezuelans-launch-new-currencies-amid-economic-crisis/a-43055975,http://amp.dw.com/en/venezuelans-launch-new-currencies-amid-economic-crisis/a-43055975,Venezuelans launch new currencies amid economic crisis | Americas| North and South American news impacting on Europe | DW,20180320T184500Z,http://www.dw.com/image/36730186_304.jpg,dw.com,English,Germany,Argentina
https://www.msn.com/en-us/travel/news/affordable-international-destinations-to-visit-this-spring/ar-BBKxb9r,,Affordable International Destinations to Visit This Spring,20180321T210000Z,,msn.com,English,United States,Argentina
https://www.wsj.com/articles/todays-top-supply-chain-and-logistics-news-from-wsj-1521714442,https://www.wsj.com/amp/articles/todays-top-supply-chain-and-logistics-news-from-wsj-1521714442,Today Top Supply Chain and Logistics News From WSJ,20180322T123000Z,https://si.wsj.net/public/resources/images/BN-XY498_trucks_SOC_20180321181546.jpg,wsj.com,English,United States,Argentina
http://www.4-traders.com/GENERAL-MILLS-12763/news/General-Mills-Today-s-Top-Supply-Chain-and-Logistics-News-From-WSJ-26208258/,http://www.4-traders.com/amp/GENERAL-MILLS-12763/news/General-Mills-Today-s-Top-Supply-Chain-and-Logistics-News-From-WSJ-26208258/,General Mills : Today Top Supply Chain and Logistics News From WSJ,20180322T111500Z,,4-traders.com,English,United States,Argentina
http://www.centralbanknews.info/search?updated-max=2018-02-28T11:58:00-07:00&max-results=11,,Central Bank News,20180308T141500Z,,centralbanknews.info,English,China,Argentina
https://www.ipe.com/investment/briefing-investment/emerging-market-debt-a-universe-in-constant-flux/10023910.article,,Emerging market debt : A universe in constant flux | Magazine,20180401T024500Z,,ipe.com,English,United Kingdom,Argentina
http://www.centralbanknews.info/search?updated-max=2018-03-03T13:25:00-07:00&max-results=11,,Central Bank News,20180312T173000Z,,centralbanknews.info,English,China,Argentina
http://www.centralbanknews.info/search?updated-max=2018-03-01T08:16:00-07:00&max-results=11,,Central Bank News,20180311T180000Z,,centralbanknews.info,English,China,Argentina
https://www.latinamericanpost.com/index.php/global-issues/8893-spaniards-pull-out,,Spaniards pull out,20180317T163000Z,,latinamericanpost.com,English,United States,Argentina
http://www.centralbanknews.info/search?updated-max=2018-02-28T13:44:00-07:00&max-results=11,,Central Bank News,20180309T043000Z,,centralbanknews.info,English,China,Argentina
https://www.stabroeknews.com/2018/news/world/03/09/trump-sets-steel-and-aluminum-tariffs-but-exempts-canada-mexico/,,"Trump sets steel and aluminum tariffs but exempts Canada , Mexico – Stabroek News",20180309T101500Z,https://s1.stabroeknews.com/images/2018/03/trump-steel.jpg,stabroeknews.com,English,Guyana,Argentina
https://fbkfinanzwirtschaft.wordpress.com/2018/03/05/inflation-and-honest-data/,https://fbkfinanzwirtschaft.wordpress.com/2018/03/05/inflation-and-honest-data/amp/,Inflation and Honest Data « Föhrenbergkreis Finanzwirtschaft,20180305T061500Z,http://www.mauldineconomics.com/images/uploads/newsletters/180303-05.jpg,fbkfinanzwirtschaft.wordpress.com,English,United States,Argentina
http://www.4-traders.com/ADECOAGRO-SA-7281924/news/Adecoagro-acute-s-Net-Income-in-4Q17-was-5-0-million-driving-2017-full-year-Net-Income-to-a-reco-26173722/,http://www.4-traders.com/amp/ADECOAGRO-SA-7281924/news/Adecoagro-acute-s-Net-Income-in-4Q17-was-5-0-million-driving-2017-full-year-Net-Income-to-a-reco-26173722/,"Adecoagro : acute ; s Net Income in 4Q17 was $5 . 0 million , driving 2017 full year Net Income to a record $11 . 7 million",20180315T213000Z,,4-traders.com,English,United States,Argentina
https://www.ipe.com/investment/emerging-markets-ballots-ahead/10023451.article,,Portfolio Strategy Emerging Markets : Ballots ahead | Magazine,20180301T204500Z,,ipe.com,English,United Kingdom,Argentina
https://www.reuters.com/article/emerging-markets-latam/emerging-markets-colombian-peso-gains-on-oil-mideast-tensions-idUSL1N1RO1W6,https://mobile.reuters.com/article/amp/idUSL1N1RO1W6,"EMERGING MARKETS - Colombian peso gains on oil , Mideast tensions",20180411T213000Z,https://s4.reutersmedia.net/resources_v2/images/rcom-default.png,reuters.com,English,United States,Argentina
https://uk.reuters.com/article/emerging-markets-latam/emerging-markets-colombian-peso-gains-on-oil-mideast-tensions-idUKL1N1RO1W6,https://uk.mobile.reuters.com/article/amp/idUKL1N1RO1W6,"EMERGING MARKETS - Colombian peso gains on oil , Mideast tensions",20180411T233000Z,https://s4.reutersmedia.net/resources_v2/images/rcom-default.png,uk.reuters.com,English,United States,Argentina
https://in.reuters.com/article/emerging-markets-latam/emerging-markets-colombian-peso-gains-on-oil-mideast-tensions-idINL1N1RO1W6,https://in.mobile.reuters.com/article/amp/idINL1N1RO1W6,"EMERGING MARKETS - Colombian peso gains on oil , Mideast tensions",20180412T060000Z,https://s4.reutersmedia.net/resources_v2/images/rcom-default.png,in.reuters.com,English,United States,Argentina
https://uk.reuters.com/article/emerging-markets-latam/emerging-markets-colombian-peso-gains-on-oil-mideast-tensions-idUSL1N1RO1W6,https://uk.mobile.reuters.com/article/amp/idUSL1N1RO1W6,"EMERGING MARKETS - Colombian peso gains on oil , Mideast tensions",20180411T220000Z,https://s4.reutersmedia.net/resources_v2/images/rcom-default.png,uk.reuters.com,English,United States,Argentina
https://www.cnbc.com/2018/04/27/reuters-america-emerging-markets-argentina-surprises-with-hike-mexico-brazil-fx-gain.html,//www.cnbc.com/amp/2018/04/27/reuters-america-emerging-markets-argentina-surprises-with-hike-mexico-brazil-fx-gain.html,"EMERGING MARKETS - Argentina surprises with hike ; Mexico , Brazil FX gain",20180428T001500Z,,cnbc.com,English,United States,Argentina
https://uk.reuters.com/article/emerging-markets-latam/emerging-markets-argentina-surprises-with-hike-mexico-brazil-fx-gain-idUKL1N1S42GZ,https://uk.mobile.reuters.com/article/amp/idUKL1N1S42GZ,"EMERGING MARKETS - Argentina surprises with hike ; Mexico , Brazil FX gain",20180428T003000Z,https://s4.reutersmedia.net/resources_v2/images/rcom-default.png,uk.reuters.com,English,United States,Argentina
https://www.reuters.com/article/emerging-markets-latam/emerging-markets-argentina-surprises-with-hike-mexico-brazil-fx-gain-idUSL1N1S42GZ,https://mobile.reuters.com/article/amp/idUSL1N1S42GZ,"EMERGING MARKETS - Argentina surprises with hike ; Mexico , Brazil FX gain",20180428T000000Z,https://s4.reutersmedia.net/resources_v2/images/rcom-default.png,reuters.com,English,United States,Argentina
https://in.reuters.com/article/emerging-markets-latam/emerging-markets-argentina-surprises-with-hike-mexico-brazil-fx-gain-idINL1N1S42GZ,https://in.mobile.reuters.com/article/amp/idINL1N1S42GZ,"EMERGING MARKETS - Argentina surprises with hike ; Mexico , Brazil FX gain",20180428T180000Z,https://s4.reutersmedia.net/resources_v2/images/rcom-default.png,in.reuters.com,English,United States,Argentina
https://www.reuters.com/article/emerging-markets-latam/emerging-markets-weak-retail-figures-keep-a-lid-on-brazilian-real-idUSL1N1RP10H,https://mobile.reuters.com/article/amp/idUSL1N1RP10H,EMERGING MARKETS - Weak retail figures keep a lid on Brazilian real,20180412T160000Z,https://s4.reutersmedia.net/resources_v2/images/rcom-default.png,reuters.com,English,United States,Argentina
https://uk.reuters.com/article/emerging-markets-latam/emerging-markets-weak-retail-figures-keep-a-lid-on-brazilian-real-idUKL1N1RP10H,https://uk.mobile.reuters.com/article/amp/idUKL1N1RP10H,EMERGING MARKETS - Weak retail figures keep a lid on Brazilian real,20180412T161500Z,https://s4.reutersmedia.net/resources_v2/images/rcom-default.png,uk.reuters.com,English,United States,Argentina
https://uk.reuters.com/article/emerging-markets-latam/emerging-markets-weak-retail-figures-keep-a-lid-on-brazilian-real-idUSL1N1RP10H,https://uk.mobile.reuters.com/article/amp/idUSL1N1RP10H,EMERGING MARKETS - Weak retail figures keep a lid on Brazilian real,20180412T164500Z,https://s4.reutersmedia.net/resources_v2/images/rcom-default.png,uk.reuters.com,English,United States,Argentina
https://www.reuters.com/article/emerging-markets-latam/emerging-markets-mexico-peso-slips-as-china-u-s-frictions-fuel-trade-war-fears-idUSL2N1RF0PC,https://mobile.reuters.com/article/amp/idUSL2N1RF0PC,EMERGING MARKETS - Mexico peso slips as China - U . S . frictions fuel trade war fears,20180402T154500Z,https://s4.reutersmedia.net/resources_v2/images/rcom-default.png,reuters.com,English,United States,Argentina
https://finance.yahoo.com/news/emerging-markets-mexico-peso-slips-151347251.html,https://www.yahoo.com/amphtml/finance/news/emerging-markets-mexico-peso-slips-151347251.html,EMERGING MARKETS - Mexico peso slips as China - U . S . frictions fuel trade war fears,20180402T160000Z,,finance.yahoo.com,English,United States,Argentina
https://www.reuters.com/article/emerging-markets-latam/emerging-markets-mexico-peso-slips-as-china-us-frictions-fuel-trade-war-fears-idUSL2N1RF0PC,https://mobile.reuters.com/article/amp/idUSL2N1RF0PC,EMERGING MARKETS - Mexico peso slips as China - U . S . frictions fuel trade war fears,20180402T180000Z,https://s4.reutersmedia.net/resources_v2/images/rcom-default.png,reuters.com,English,United States,Argentina
https://uk.reuters.com/article/emerging-markets-latam/emerging-markets-mexico-peso-slips-as-china-us-frictions-fuel-trade-war-fears-idUKL2N1RF0PC,https://uk.mobile.reuters.com/article/amp/idUKL2N1RF0PC,EMERGING MARKETS - Mexico peso slips as China - U . S . frictions fuel trade war fears,20180402T180000Z,https://s4.reutersmedia.net/resources_v2/images/rcom-default.png,uk.reuters.com,English,United States,Argentina
https://www.cnbc.com/2018/04/02/reuters-america-emerging-markets-mexico-peso-slips-as-china-u-s-frictions-fuel-trade-war-fears.html,//www.cnbc.com/amp/2018/04/02/reuters-america-emerging-markets-mexico-peso-slips-as-china-u-s-frictions-fuel-trade-war-fears.html,EMERGING MARKETS - Mexico peso slips as China - U . S . frictions fuel trade war fears,20180402T154500Z,,cnbc.com,English,United States,Argentina
https://www.cnbc.com/2018/04/27/reuters-america-emerging-markets-mexico-brazil-currencies-up-on-mixed-u-s-data.html,//www.cnbc.com/amp/2018/04/27/reuters-america-emerging-markets-mexico-brazil-currencies-up-on-mixed-u-s-data.html,"EMERGING MARKETS - Mexico , Brazil currencies up on mixed U . S . data",20180427T181500Z,,cnbc.com,English,United States,Argentina
https://www.cnbc.com/2018/04/09/reuters-america-emerging-markets-brazil-stocks-down-on-election-uncertainty.html,//www.cnbc.com/amp/2018/04/09/reuters-america-emerging-markets-brazil-stocks-down-on-election-uncertainty.html,EMERGING MARKETS - Brazil stocks down on election uncertainty,20180409T170000Z,,cnbc.com,English,United States,Argentina
http://www.nigeriatoday.ng/2018/04/update-7-argentina-central-bank-tightens-money-spigot-with-sudden-rate-hike-reuters/,http://www.nigeriatoday.ng/2018/04/update-7-argentina-central-bank-tightens-money-spigot-with-sudden-rate-hike-reuters/amp/,UPDATE 7 - Argentina central bank tightens money spigot with sudden rate hike,20180427T203000Z,http://t2.gstatic.com/images?q=tbn:ANd9GcSlSWjM6DOvLd-W4mvH2_zTXIJjLxrtgKsySHxRW20H53xbfx5BVEKqBaZg0Uh8NBwq0ocx2Nn6,nigeriatoday.ng,English,,Argentina
https://finance.yahoo.com/news/emerging-markets-mexico-brazil-currencies-143605683.html,https://www.yahoo.com/amphtml/finance/news/emerging-markets-mexico-brazil-currencies-143605683.html,"EMERGING MARKETS - Mexico , Brazil currencies up on mixed U . S . data",20180427T151500Z,,finance.yahoo.com,English,United States,Argentina
http://www.latinfinance.com/daily-briefs/2018/4/9/buenos-aires-bond-leaves-door-open-for-more-global-local-efforts,,Buenos Aire bond leaves door open for more  global - local  efforts,20180409T043000Z,,latinfinance.com,English,United States,Argentina
https://uk.investing.com/news/forex-news/argentina-jolts-fx-traders-by-hiking-rate-above-30-to-buoy-peso-1149089,https://m.uk.investing.com/news/forex-news/argentina-jolts-fx-traders-by-hiking-rate-above-30-to-buoy-peso-1149089?ampMode=1,Argentina Jolts FX Traders by Hiking Rate Above 30 % to Buoy Peso By Bloomberg,20180428T003000Z,https://i-invdn-com.akamaized.net/content/pic60be67f0890350c11a14308dececd44d.jpg,uk.investing.com,English,Germany,Argentina
https://www.investing.com/news/forex-news/argentina-jolts-fx-traders-by-hiking-rate-above-30-to-buoy-peso-1419567,https://m.investing.com/news/forex-news/argentina-jolts-fx-traders-by-hiking-rate-above-30-to-buoy-peso-1419567?ampMode=1,Argentina Jolts FX Traders by Hiking Rate Above 30 % to Buoy Peso By Bloomberg,20180428T003000Z,https://i-invdn-com.akamaized.net/content/pic60be67f0890350c11a14308dececd44d.jpg,investing.com,English,Germany,Argentina
https://www.reuters.com/article/emerging-markets-latam/emerging-markets-latin-american-equities-jump-as-china-signals-openness-idUSL1N1RN17S,https://mobile.reuters.com/article/amp/idUSL1N1RN17S,EMERGING MARKETS - Latin American equities jump as China signals openness,20180410T170000Z,https://s4.reutersmedia.net/resources_v2/images/rcom-default.png,reuters.com,English,United States,Argentina
https://uk.reuters.com/article/emerging-markets-latam/emerging-markets-latin-american-equities-jump-as-china-signals-openness-idUSL1N1RN17S,https://uk.mobile.reuters.com/article/amp/idUSL1N1RN17S,EMERGING MARKETS - Latin American equities jump as China signals openness,20180410T170000Z,https://s4.reutersmedia.net/resources_v2/images/rcom-default.png,uk.reuters.com,English,United States,Argentina
https://af.reuters.com/article/commoditiesNews/idAFL1N1RN17S,,EMERGING MARKETS - Latin American equities jump as China signals openness | Agricultural Commodities,20180410T171500Z,https://s4.reutersmedia.net/resources_v2/images/rcom-default.png,af.reuters.com,English,United States,Argentina
https://uk.reuters.com/article/emerging-markets-latam/emerging-markets-latin-american-equities-jump-as-china-signals-openness-idUKL1N1RN17S,https://uk.mobile.reuters.com/article/amp/idUKL1N1RN17S,EMERGING MARKETS - Latin American equities jump as China signals openness,20180411T150000Z,https://s4.reutersmedia.net/resources_v2/images/rcom-default.png,uk.reuters.com,English,United States,Argentina
https://www.reuters.com/article/emerging-markets-latam/emerging-markets-brazil-stocks-down-on-election-uncertainty-idUSL1N1RM12P,https://mobile.reuters.com/article/amp/idUSL1N1RM12P,EMERGING MARKETS - Brazil stocks down on election uncertainty,20180409T164500Z,https://s4.reutersmedia.net/resources_v2/images/rcom-default.png,reuters.com,English,United States,Argentina
https://uk.reuters.com/article/emerging-markets-latam/emerging-markets-brazil-stocks-down-on-election-uncertainty-idUKL1N1RM12P,https://uk.mobile.reuters.com/article/amp/idUKL1N1RM12P,EMERGING MARKETS - Brazil stocks down on election uncertainty,20180409T200000Z,https://s4.reutersmedia.net/resources_v2/images/rcom-default.png,uk.reuters.com,English,United States,Argentina
http://countingpips.com/2018/04/argentina-holds-rate-april-inflation-to-ease-from-march-2/,http://countingpips.com/2018/04/argentina-holds-rate-april-inflation-to-ease-from-march-2/amp/,"Argentina holds rate , April inflation to ease from March",20180410T220000Z,,countingpips.com,English,United States,Argentina
http://countingpips.com/2018/04/argentina-holds-rate-april-inflation-to-ease-from-march/,http://countingpips.com/2018/04/argentina-holds-rate-april-inflation-to-ease-from-march/amp/,"Argentina holds rate , April inflation to ease from March",20180411T021500Z,,countingpips.com,English,United States,Argentina
http://www.sharenet.co.za/news/Colombian_peso_gains_on_oil_amid_Middle_East_tension/7c020e6465a6c0841342dee6655ee64b,,Colombian peso gains on oil amid Middle East tension,20180411T164500Z,,sharenet.co.za,English,South Africa,Argentina
https://www.cnbc.com/2018/04/11/reuters-america-emerging-markets-colombian-peso-gains-on-oil-mideast-tensions.html,//www.cnbc.com/amp/2018/04/11/reuters-america-emerging-markets-colombian-peso-gains-on-oil-mideast-tensions.html,"EMERGING MARKETS - Colombian peso gains on oil , Mideast tensions",20180411T213000Z,,cnbc.com,English,United States,Argentina
http://en.mercopress.com/2018/04/12/argentina-central-bank-keeps-benchmark-interest-rate-at-27.75,,Argentina central bank keeps benchmark interest rate at 27 . 75 % — MercoPress,20180412T103000Z,http://en.mercopress.com/data/cache/noticias/63578/600x315/banco-central-de-argentina-1100x618.jpg,en.mercopress.com,English,Argentina,Argentina
https://uk.reuters.com/article/emerging-markets-latam/emerging-markets-mexico-peso-drops-2-pct-on-technical-correction-political-jitters-idUKL1N1RW22W,https://uk.mobile.reuters.com/article/amp/idUKL1N1RW22W,"EMERGING MARKETS - Mexico peso drops 2 pct on technical correction , political jitters",20180419T221500Z,https://s4.reutersmedia.net/resources_v2/images/rcom-default.png,uk.reuters.com,English,United States,Argentina
https://www.reuters.com/article/emerging-markets-latam/emerging-markets-mexico-peso-drops-2-pct-on-technical-correction-political-jitters-idUSL1N1RW22W,https://mobile.reuters.com/article/amp/idUSL1N1RW22W,"EMERGING MARKETS - Mexico peso drops 2 pct on technical correction , political jitters",20180419T213000Z,https://s4.reutersmedia.net/resources_v2/images/rcom-default.png,reuters.com,English,United States,Argentina
https://uk.reuters.com/article/emerging-markets-latam/emerging-markets-mexico-peso-rebounds-brazil-reals-slump-deepens-idUKL1N1S129V,https://uk.mobile.reuters.com/article/amp/idUKL1N1S129V,"EMERGING MARKETS - Mexico peso rebounds , Brazil real slump deepens",20180425T024500Z,https://s4.reutersmedia.net/resources_v2/images/rcom-default.png,uk.reuters.com,English,United States,Argentina
https://uk.reuters.com/article/emerging-markets-latam/emerging-markets-mexico-peso-rebounds-brazil-reals-slump-deepens-idUSL1N1S129V,https://uk.mobile.reuters.com/article/amp/idUSL1N1S129V,"EMERGING MARKETS - Mexico peso rebounds , Brazil real slump deepens",20180425T003000Z,https://s4.reutersmedia.net/resources_v2/images/rcom-default.png,uk.reuters.com,English,United States,Argentina
https://www.reuters.com/article/emerging-markets-latam/emerging-markets-mexico-peso-rebounds-brazil-reals-slump-deepens-idUSL1N1S129V,https://mobile.reuters.com/article/amp/idUSL1N1S129V,"EMERGING MARKETS - Mexico peso rebounds , Brazil real slump deepens",20180425T003000Z,https://s4.reutersmedia.net/resources_v2/images/rcom-default.png,reuters.com,English,United States,Argentina
https://www.reuters.com/article/argentina-forex/argentina-central-bank-sells-1-472-bln-largest-intervention-in-years-idUSE6N1M7026,https://mobile.reuters.com/article/amp/idUSE6N1M7026,"Argentina central bank sells $1 . 472 bln , largest intervention in years",20180425T230000Z,https://s4.reutersmedia.net/resources_v2/images/rcom-default.png,reuters.com,English,United States,Argentina
http://www.centralbanknews.info/2018/04/argentina-holds-rate-april-inflation-to.html,,"Argentina holds rate , April inflation to ease from March",20180410T223000Z,,centralbanknews.info,English,Russia,Argentina
https://uk.reuters.com/article/emerging-markets-latam/emerging-markets-latam-currencies-down-as-global-trade-tensions-escalate-idUKL2N1RJ1XL,https://uk.mobile.reuters.com/article/amp/idUKL2N1RJ1XL,EMERGING MARKETS - LatAm currencies down as global trade tensions escalate,20180406T230000Z,https://s4.reutersmedia.net/resources_v2/images/rcom-default.png,uk.reuters.com,English,United States,Argentina
https://www.reuters.com/article/emerging-markets-latam/emerging-markets-latam-currencies-down-as-global-trade-tensions-escalate-idUSL2N1RJ1XL,https://mobile.reuters.com/article/amp/idUSL2N1RJ1XL,EMERGING MARKETS - LatAm currencies down as global trade tensions escalate,20180406T213000Z,https://s4.reutersmedia.net/resources_v2/images/rcom-default.png,reuters.com,English,United States,Argentina
http://www.sharenet.co.za/news/Colombia_peso_rebounds_to_3yr_high_as_crude_rises/be7ea44c0891342058cf365b2830e97d,,Colombia peso rebounds to 3 - yr high as crude rises,20180403T213000Z,,sharenet.co.za,English,South Africa,Argentina
https://uk.reuters.com/article/emerging-markets-latam/emerging-markets-latam-currencies-fall-on-technical-correction-political-jitters-idUKL1N1RW0VE,https://uk.mobile.reuters.com/article/amp/idUKL1N1RW0VE,"EMERGING MARKETS - Latam currencies fall on technical correction , political jitters",20180419T154500Z,https://s4.reutersmedia.net/resources_v2/images/rcom-default.png,uk.reuters.com,English,United States,Argentina
https://www.reuters.com/article/emerging-markets-latam/emerging-markets-latam-currencies-fall-on-technical-correction-political-jitters-idUSL1N1RW0VE,https://mobile.reuters.com/article/amp/idUSL1N1RW0VE,"EMERGING MARKETS - Latam currencies fall on technical correction , political jitters",20180419T151500Z,https://s4.reutersmedia.net/resources_v2/images/rcom-default.png,reuters.com,English,United States,Argentina
https://www.cnbc.com/2018/04/19/reuters-america-emerging-markets-mexico-peso-drops-2-pct-on-technical-correction-political-jitters.html,//www.cnbc.com/amp/2018/04/19/reuters-america-emerging-markets-mexico-peso-drops-2-pct-on-technical-correction-political-jitters.html,"EMERGING MARKETS - Mexico peso drops 2 pct on technical correction , political jitters",20180419T211500Z,,cnbc.com,English,United States,Argentina
http://www.sharenet.co.za/news/Weak_retail_figures_keep_a_lid_on_Brazilian_real/a49fca067eb06b86574a25f3f6a22eb2,,Weak retail figures keep a lid on Brazilian real,20180412T160000Z,,sharenet.co.za,English,South Africa,Argentina
https://uk.reuters.com/article/argentina-cenbank/argentina-central-bank-holds-policy-rate-at-2725-pct-idUKL1N1RN21K,https://uk.mobile.reuters.com/article/amp/idUKL1N1RN21K,Argentina central bank holds policy rate at 27 . 25 pct,20180411T073000Z,https://s4.reutersmedia.net/resources_v2/images/rcom-default.png,uk.reuters.com,English,United States,Argentina
https://www.reuters.com/article/argentina-cenbank/argentina-central-bank-holds-policy-rate-at-27-25-pct-idUSL1N1RN21K,https://mobile.reuters.com/article/amp/idUSL1N1RN21K,Argentina central bank holds policy rate at 27 . 25 pct,20180410T213000Z,https://s4.reutersmedia.net/resources_v2/images/rcom-default.png,reuters.com,English,United States,Argentina
https://www.reuters.com/article/argentina-cenbank/argentina-central-bank-holds-policy-rate-at-2725-pct-idUSL1N1RN21K,https://mobile.reuters.com/article/amp/idUSL1N1RN21K,Argentina central bank holds policy rate at 27 . 25 pct,20180410T221500Z,https://s4.reutersmedia.net/resources_v2/images/rcom-default.png,reuters.com,English,United States,Argentina
https://www.reuters.com/article/emerging-markets-latam/emerging-markets-mexico-brazil-currencies-gain-stocks-mixed-on-earnings-idUSL1N1S429A,https://mobile.reuters.com/article/amp/idUSL1N1S429A,"EMERGING MARKETS - Mexico , Brazil currencies gain ; stocks mixed on earnings",20180427T223000Z,https://s4.reutersmedia.net/resources_v2/images/rcom-default.png,reuters.com,English,United States,Argentina
https://finance.yahoo.com/news/emerging-markets-mexico-brazil-currencies-220628557.html,https://www.yahoo.com/amphtml/finance/news/emerging-markets-mexico-brazil-currencies-220628557.html,"EMERGING MARKETS - Mexico , Brazil currencies gain ; stocks mixed on earnings",20180427T223000Z,,finance.yahoo.com,English,United States,Argentina
https://www.cnbc.com/2018/04/27/reuters-america-emerging-markets-mexico-brazil-currencies-gain-stocks-mixed-on-earnings.html,//www.cnbc.com/amp/2018/04/27/reuters-america-emerging-markets-mexico-brazil-currencies-gain-stocks-mixed-on-earnings.html,"EMERGING MARKETS - Mexico , Brazil currencies gain ; stocks mixed on earnings",20180427T230000Z,,cnbc.com,English,United States,Argentina
https://uk.reuters.com/article/emerging-markets-latam/emerging-markets-mexico-brazil-currencies-gain-stocks-mixed-on-earnings-idUKL1N1S429A,https://uk.mobile.reuters.com/article/amp/idUKL1N1S429A,"EMERGING MARKETS - Mexico , Brazil currencies gain ; stocks mixed on earnings",20180428T100000Z,https://s4.reutersmedia.net/resources_v2/images/rcom-default.png,uk.reuters.com,English,United States,Argentina
https://www.cnbc.com/2018/04/24/reuters-america-emerging-markets-latam-currencies-rebound-after-selloff-except-brazil.html,//www.cnbc.com/amp/2018/04/24/reuters-america-emerging-markets-latam-currencies-rebound-after-selloff-except-brazil.html,"EMERGING MARKETS - LatAm currencies rebound after selloff , except Brazil",20180424T161500Z,,cnbc.com,English,United States,Argentina
https://www.reuters.com/article/emerging-markets-latam/emerging-markets-latam-currencies-rangebound-as-us-yields-steady-idUSL1N1S31UD,https://mobile.reuters.com/article/amp/idUSL1N1S31UD,EMERGING MARKETS - LatAm currencies rangebound as U . S . yields steady,20180426T183000Z,https://s4.reutersmedia.net/resources_v2/images/rcom-default.png,reuters.com,English,United States,Argentina
https://www.reuters.com/article/emerging-markets-latam/emerging-markets-latam-currencies-rangebound-as-u-s-yields-steady-idUSL1N1S31UD,https://mobile.reuters.com/article/amp/idUSL1N1S31UD,EMERGING MARKETS - LatAm currencies rangebound as U . S . yields steady,20180426T183000Z,https://s4.reutersmedia.net/resources_v2/images/rcom-default.png,reuters.com,English,United States,Argentina
https://uk.reuters.com/article/emerging-markets-latam/emerging-markets-latam-currencies-rangebound-as-us-yields-steady-idUKL1N1S31UD,https://uk.mobile.reuters.com/article/amp/idUKL1N1S31UD,EMERGING MARKETS - LatAm currencies rangebound as U . S . yields steady,20180426T214500Z,https://s4.reutersmedia.net/resources_v2/images/rcom-default.png,uk.reuters.com,English,United States,Argentina
https://www.reuters.com/article/argentina-peso/update-2-argentine-central-bank-hikes-rate-after-peso-hits-new-low-idUSL1N1S40TF,https://mobile.reuters.com/article/amp/idUSL1N1S40TF,UPDATE 3 - Argentine central bank hikes rate after peso hits new low,20180427T170000Z,https://s4.reutersmedia.net/resources_v2/images/rcom-default.png,reuters.com,English,United States,Argentina
https://www.reuters.com/article/emerging-markets-latam/emerging-markets-fading-trade-war-fears-lift-latam-markets-idUSL1N1RV0Z2,https://mobile.reuters.com/article/amp/idUSL1N1RV0Z2,EMERGING MARKETS - Fading trade war fears lift LatAm markets,20180418T153000Z,https://s4.reutersmedia.net/resources_v2/images/rcom-default.png,reuters.com,English,United States,Argentina
https://uk.reuters.com/article/emerging-markets-latam/emerging-markets-fading-trade-war-fears-lift-latam-markets-idUKL1N1RV0Z2,https://uk.mobile.reuters.com/article/amp/idUKL1N1RV0Z2,EMERGING MARKETS - Fading trade war fears lift LatAm markets,20180418T153000Z,https://s4.reutersmedia.net/resources_v2/images/rcom-default.png,uk.reuters.com,English,United States,Argentina
https://www.reuters.com/article/emerging-markets-latam/emerging-markets-mexico-colombia-pesos-drop-as-trump-comments-weigh-on-oil-idUSL1N1RX0UB,https://mobile.reuters.com/article/amp/idUSL1N1RX0UB,"EMERGING MARKETS - Mexico , Colombia pesos drop as Trump comments weigh on oil",20180420T153000Z,https://s4.reutersmedia.net/resources_v2/images/rcom-default.png,reuters.com,English,United States,Argentina
https://www.cnbc.com/2018/04/20/reuters-america-emerging-markets-mexico-colombia-pesos-drop-as-trump-comments-weigh-on-oil.html,//www.cnbc.com/amp/2018/04/20/reuters-america-emerging-markets-mexico-colombia-pesos-drop-as-trump-comments-weigh-on-oil.html,"EMERGING MARKETS - Mexico , Colombia pesos drop as Trump comments weigh on oil",20180420T153000Z,,cnbc.com,English,United States,Argentina
https://uk.reuters.com/article/emerging-markets-latam/emerging-markets-mexico-colombia-pesos-drop-as-trump-comments-weigh-on-oil-idUKL1N1RX0UB,https://uk.mobile.reuters.com/article/amp/idUKL1N1RX0UB,"EMERGING MARKETS - Mexico , Colombia pesos drop as Trump comments weigh on oil",20180421T161500Z,https://s4.reutersmedia.net/resources_v2/images/rcom-default.png,uk.reuters.com,English,United States,Argentina
https://in.reuters.com/article/emerging-markets-latam/emerging-markets-latam-currencies-rebound-after-selloff-except-brazil-idINL1N1S114Z,https://in.mobile.reuters.com/article/amp/idINL1N1S114Z,"EMERGING MARKETS - LatAm currencies rebound after selloff , except Brazil",20180424T171500Z,https://s4.reutersmedia.net/resources_v2/images/rcom-default.png,in.reuters.com,English,United States,Argentina
https://uk.reuters.com/article/emerging-markets-latam/emerging-markets-latam-currencies-rebound-after-selloff-except-brazil-idUKL1N1S114Z,https://uk.mobile.reuters.com/article/amp/idUKL1N1S114Z,"EMERGING MARKETS - LatAm currencies rebound after selloff , except Brazil",20180424T164500Z,https://s4.reutersmedia.net/resources_v2/images/rcom-default.png,uk.reuters.com,English,United States,Argentina
https://www.reuters.com/article/emerging-markets-latam/emerging-markets-latam-currencies-rebound-after-selloff-except-brazil-idUSL1N1S114Z,https://mobile.reuters.com/article/amp/idUSL1N1S114Z,"EMERGING MARKETS - LatAm currencies rebound after selloff , except Brazil",20180424T161500Z,https://s4.reutersmedia.net/resources_v2/images/rcom-default.png,reuters.com,English,United States,Argentina
https://finance.yahoo.com/news/emerging-markets-latam-currencies-rebound-153856427.html,https://www.yahoo.com/amphtml/finance/news/emerging-markets-latam-currencies-rebound-153856427.html,"EMERGING MARKETS - LatAm currencies rebound after selloff , except Brazil",20180424T160000Z,,finance.yahoo.com,English,United States,Argentina
https://www.msn.com/en-us/news/world/emerging-markets-mexico-stock-exchange-leads-gains-on-nafta-optimism/ar-AAvwMlR,,EMERGING MARKETS - Mexico stock exchange leads gains on NAFTA optimism,20180406T003000Z,,msn.com,English,United States,Argentina
https://in.reuters.com/article/emerging-markets-latam/emerging-markets-mexico-stock-exchange-leads-gains-on-nafta-optimism-idINL2N1RI1NM,https://in.mobile.reuters.com/article/amp/idINL2N1RI1NM,EMERGING MARKETS - Mexico stock exchange leads gains on NAFTA optimism,20180406T001500Z,https://s4.reutersmedia.net/resources_v2/images/rcom-default.png,in.reuters.com,English,United States,Argentina
https://uk.reuters.com/article/emerging-markets-latam/emerging-markets-mexico-stock-exchange-leads-gains-on-nafta-optimism-idUKL2N1RI1NM,https://uk.mobile.reuters.com/article/amp/idUKL2N1RI1NM,EMERGING MARKETS - Mexico stock exchange leads gains on NAFTA optimism,20180406T001500Z,https://s4.reutersmedia.net/resources_v2/images/rcom-default.png,uk.reuters.com,English,United States,Argentina
https://www.reuters.com/article/emerging-markets-latam/emerging-markets-mexico-stock-exchange-leads-gains-on-nafta-optimism-idUSL2N1RI1NM,https://mobile.reuters.com/article/amp/idUSL2N1RI1NM,EMERGING MARKETS - Mexico stock exchange leads gains on NAFTA optimism,20180405T233000Z,https://s4.reutersmedia.net/resources_v2/images/rcom-default.png,reuters.com,English,United States,Argentina
https://uk.reuters.com/article/argentina-peso/update-1-argentine-peso-weakens-to-record-closing-low-of-2055-per-us-dollar-idUKL1N1S323L,https://uk.mobile.reuters.com/article/amp/idUKL1N1S323L,UPDATE 1 - Argentine peso weakens to record closing low of 20 . 55 per U . S . dollar,20180427T194500Z,https://s4.reutersmedia.net/resources_v2/images/rcom-default.png,uk.reuters.com,English,United States,Argentina
https://www.reuters.com/article/argentina-peso/update-1-argentine-peso-weakens-to-record-closing-low-of-2055-per-us-dollar-idUSL1N1S323L,https://mobile.reuters.com/article/amp/idUSL1N1S323L,UPDATE 1 - Argentine peso weakens to record closing low of 20 . 55 per U . S . dollar,20180427T144500Z,https://s4.reutersmedia.net/resources_v2/images/rcom-default.png,reuters.com,English,United States,Argentina
https://www.reuters.com/article/emerging-markets-latam/emerging-markets-brazil-mexico-currencies-sink-as-us-yields-spike-idUSL1N1S01JP,https://mobile.reuters.com/article/amp/idUSL1N1S01JP,"EMERGING MARKETS - Brazil , Mexico currencies sink as U . S . yields spike",20180423T213000Z,https://s4.reutersmedia.net/resources_v2/images/rcom-default.png,reuters.com,English,United States,Argentina
https://www.reuters.com/article/emerging-markets-latam/emerging-markets-brazil-mexico-currencies-sink-as-u-s-yields-spike-idUSL1N1S01JP,https://mobile.reuters.com/article/amp/idUSL1N1S01JP,"EMERGING MARKETS - Brazil , Mexico currencies sink as U . S . yields spike",20180423T213000Z,https://s4.reutersmedia.net/resources_v2/images/rcom-default.png,reuters.com,English,United States,Argentina
https://uk.reuters.com/article/emerging-markets-latam/emerging-markets-brazil-mexico-currencies-sink-as-us-yields-spike-idUKL1N1S01JP,https://uk.mobile.reuters.com/article/amp/idUKL1N1S01JP,"EMERGING MARKETS - Brazil , Mexico currencies sink as U . S . yields spike",20180423T221500Z,https://s4.reutersmedia.net/resources_v2/images/rcom-default.png,uk.reuters.com,English,United States,Argentina
https://uk.reuters.com/article/emerging-markets-latam/emerging-markets-brazil-mexico-currencies-sink-as-u-s-yields-spike-idUKL1N1S01JP,https://uk.mobile.reuters.com/article/amp/idUKL1N1S01JP,"EMERGING MARKETS - Brazil , Mexico currencies sink as U . S . yields spike",20180423T220000Z,https://s4.reutersmedia.net/resources_v2/images/rcom-default.png,uk.reuters.com,English,United States,Argentina
http://www.sharenet.co.za/news/LatAm_currencies_slump_as_US_bond_yields_test_3_pct_milestone/d214138779e9068a43621b25621f17aa,,LatAm currencies slump as U . S . bond yields test 3 pct milestone,20180425T163000Z,,sharenet.co.za,English,South Africa,Argentina
https://www.reuters.com/article/emerging-markets-latam/emerging-markets-latam-markets-seesaw-on-syria-u-s-economic-data-idUSL1N1RT0YV,https://mobile.reuters.com/article/amp/idUSL1N1RT0YV,"EMERGING MARKETS - LatAm markets seesaw on Syria , U . S . economic data",20180416T161500Z,https://s4.reutersmedia.net/resources_v2/images/rcom-default.png,reuters.com,English,United States,Argentina
https://uk.reuters.com/article/emerging-markets-latam/emerging-markets-latam-markets-seesaw-on-syria-u-s-economic-data-idUKL1N1RT0YV,https://uk.mobile.reuters.com/article/amp/idUKL1N1RT0YV,"EMERGING MARKETS - LatAm markets seesaw on Syria , U . S . economic data",20180416T184500Z,https://s4.reutersmedia.net/resources_v2/images/rcom-default.png,uk.reuters.com,English,United States,Argentina
https://in.reuters.com/article/emerging-markets-latam/emerging-markets-latam-markets-seesaw-on-syria-us-economic-data-idINL1N1RT0YV,https://in.mobile.reuters.com/article/amp/idINL1N1RT0YV,"EMERGING MARKETS - LatAm markets seesaw on Syria , U . S . economic data",20180416T184500Z,https://s4.reutersmedia.net/resources_v2/images/rcom-default.png,in.reuters.com,English,United States,Argentina
https://uk.reuters.com/article/emerging-markets-latam/emerging-markets-latam-markets-seesaw-on-syria-us-economic-data-idUKL1N1RT0YV,https://uk.mobile.reuters.com/article/amp/idUKL1N1RT0YV,"EMERGING MARKETS - LatAm markets seesaw on Syria , U . S . economic data",20180416T184500Z,https://s4.reutersmedia.net/resources_v2/images/rcom-default.png,uk.reuters.com,English,United States,Argentina
https://www.bloomberg.com/news/articles/2018-04-27/argentina-raises-interest-rates-in-surprise-move-to-defend-peso,https://www.bloomberg.com/amp/news/articles/2018-04-27/argentina-raises-interest-rates-in-surprise-move-to-defend-peso,Argentina Moves to Defend the Peso With a Surprise Rate Increase,20180427T163000Z,https://assets.bwbx.io/images/users/iqjWHBFdfxIU/ieemW3bH83dQ/v2/1200x675.png,bloomberg.com,English,United States,Argentina
https://in.reuters.com/article/emerging-markets-latam/emerging-markets-mexico-brazil-currencies-gain-stocks-mixed-on-earnings-idINL1N1S429A,https://in.mobile.reuters.com/article/amp/idINL1N1S429A,"EMERGING MARKETS - Mexico , Brazil currencies gain ; stocks mixed on earnings",20180429T094500Z,https://s4.reutersmedia.net/resources_v2/images/rcom-default.png,in.reuters.com,English,United States,Argentina
http://www.sharenet.co.za/news/Latin_American_equities_jump_as_China_signals_openness/00b6378d70f5466402ea5dea7aa796ba,,Latin American equities jump as China signals openness,20180410T173000Z,,sharenet.co.za,English,South Africa,Argentina
https://www.bloombergquint.com/onweb/2018/04/27/argentina-raises-interest-rates-in-surprise-move-to-defend-peso,/onweb/2018/04/27/argentina-raises-interest-rates-in-surprise-move-to-defend-peso.amp,Argentina Moves to Defend Peso With Surprise Rate Increase,20180427T170000Z,https://fea.assettype.com/bloombergquint/assets/static/bq_1200x630_black-6867abadeb970f9954da9a6c3895c21ee8cbe46751cd04a78ed2e8f761da4905.png,bloombergquint.com,English,,Argentina
http://citywireamericas.com/news/grabbing-the-bull-by-the-horns-argentina-hikes-rates-to-30-25-to-stop-peso-slide/a1114809,,  Grabbing the bull by the horn : Argentina hikes rates to 30 . 25 % to stop peso slide,20180427T194500Z,https://d1qq9lwf5ow8iz.cloudfront.net/live-images-1/ImageDetail_f23dd2ec-353d-4859-ab0a-7293e0b6d5ef_Medium,citywireamericas.com,English,,Argentina
http://www.thepropertypin.com/./viewtopic.php?f=19&p=931035,,Argentina all ready to kick off again,20180409T233000Z,,thepropertypin.com,English,Ireland,Argentina
https://www.cnbc.com/2018/04/19/reuters-america-emerging-markets-latam-currencies-fall-on-technical-correction-political-jitters.html,//www.cnbc.com/amp/2018/04/19/reuters-america-emerging-markets-latam-currencies-fall-on-technical-correction-political-jitters.html,"EMERGING MARKETS - Latam currencies fall on technical correction , political jitters",20180419T151500Z,,cnbc.com,English,United States,Argentina
https://www.reuters.com/article/emerging-markets-latam/emerging-markets-brazil-equities-lead-gains-as-lula-loses-in-court-idUSL2N1RI16M,https://mobile.reuters.com/article/amp/idUSL2N1RI16M,EMERGING MARKETS - Brazil equities lead gains as Lula loses in court,20180405T173000Z,https://s4.reutersmedia.net/resources_v2/images/rcom-default.png,reuters.com,English,United States,Argentina
https://www.msn.com/en-us/news/world/emerging-markets-politics-trade-talk-boost-mexico-rattle-brazil/ar-AAvtPpY,,"EMERGING MARKETS - Politics , trade talk boost Mexico , rattle Brazil",20180405T004500Z,,msn.com,English,United States,Argentina
https://in.reuters.com/article/emerging-markets-latam/emerging-markets-brazil-equities-lead-gains-as-lula-loses-in-court-idINL2N1RI16M,https://in.mobile.reuters.com/article/amp/idINL2N1RI16M,EMERGING MARKETS - Brazil equities lead gains as Lula loses in court,20180405T173000Z,https://s4.reutersmedia.net/resources_v2/images/rcom-default.png,in.reuters.com,English,United States,Argentina
https://uk.reuters.com/article/emerging-markets-latam/emerging-markets-brazil-equities-lead-gains-as-lula-loses-in-court-idUKL2N1RI16M,https://uk.mobile.reuters.com/article/amp/idUKL2N1RI16M,EMERGING MARKETS - Brazil equities lead gains as Lula loses in court,20180405T173000Z,https://s4.reutersmedia.net/resources_v2/images/rcom-default.png,uk.reuters.com,English,United States,Argentina
https://www.bloomberg.com/news/articles/2018-04-28/argentina-s-extraordinary-rate-hike-could-be-just-the-beginning,https://www.bloomberg.com/amp/news/articles/2018-04-28/argentina-s-extraordinary-rate-hike-could-be-just-the-beginning,Argentina Extraordinary Rate Hike Could Be Just the Beginning,20180428T030000Z,https://assets.bwbx.io/images/users/iqjWHBFdfxIU/iVbHB2yfe4uI/v0/1200x800.jpg,bloomberg.com,English,United States,Argentina
https://www.bloombergquint.com/onweb/2018/04/28/argentina-s-extraordinary-rate-hike-could-be-just-the-beginning,/onweb/2018/04/28/argentina-s-extraordinary-rate-hike-could-be-just-the-beginning.amp,Argentina Extraordinary Rate Hike Could Be Just the Beginning,20180428T043000Z,https://fea.assettype.com/bloombergquint/assets/static/bq_1200x630_black-6867abadeb970f9954da9a6c3895c21ee8cbe46751cd04a78ed2e8f761da4905.png,bloombergquint.com,English,,Argentina
https://www.reuters.com/article/emerging-markets-latam/emerging-markets-politics-trade-talk-boost-mexico-rattle-brazil-idUSL2N1RH1GG,https://mobile.reuters.com/article/amp/idUSL2N1RH1GG,"EMERGING MARKETS - Politics , trade talk boost Mexico , rattle Brazil",20180404T191500Z,https://s4.reutersmedia.net/resources_v2/images/rcom-default.png,reuters.com,English,United States,Argentina
https://uk.reuters.com/article/emerging-markets-latam/emerging-markets-politics-trade-talk-boost-mexico-rattle-brazil-idUKL2N1RH1GG,https://uk.mobile.reuters.com/article/amp/idUKL2N1RH1GG,"EMERGING MARKETS - Politics , trade talk boost Mexico , rattle Brazil",20180404T203000Z,https://s4.reutersmedia.net/resources_v2/images/rcom-default.png,uk.reuters.com,English,United States,Argentina
https://in.reuters.com/article/emerging-markets-latam/emerging-markets-politics-trade-talk-boost-mexico-rattle-brazil-idINL2N1RH1GG,https://in.mobile.reuters.com/article/amp/idINL2N1RH1GG,"EMERGING MARKETS - Politics , trade talk boost Mexico , rattle Brazil",20180404T194500Z,https://s4.reutersmedia.net/resources_v2/images/rcom-default.png,in.reuters.com,English,United States,Argentina
https://uk.reuters.com/article/emerging-markets-latam/emerging-markets-latin-american-equities-follow-wall-st-higher-amid-light-trading-idUKL1N1S70VA,https://uk.mobile.reuters.com/article/amp/idUKL1N1S70VA,EMERGING MARKETS - Latin American equities follow Wall St higher amid light trading,20180430T181500Z,https://s4.reutersmedia.net/resources_v2/images/rcom-default.png,uk.reuters.com,English,United States,Argentina
https://in.reuters.com/article/emerging-markets-latam/emerging-markets-latin-american-equities-follow-wall-st-higher-amid-light-trading-idINL1N1S70VA,https://in.mobile.reuters.com/article/amp/idINL1N1S70VA,EMERGING MARKETS - Latin American equities follow Wall St higher amid light trading,20180430T181500Z,https://s4.reutersmedia.net/resources_v2/images/rcom-default.png,in.reuters.com,English,United States,Argentina
https://www.reuters.com/article/emerging-markets-latam/emerging-markets-latin-american-equities-follow-wall-st-higher-amid-light-trading-idUSL1N1S70VA,https://mobile.reuters.com/article/amp/idUSL1N1S70VA,EMERGING MARKETS - Latin American equities follow Wall St higher amid light trading,20180430T170000Z,https://s4.reutersmedia.net/resources_v2/images/rcom-default.png,reuters.com,English,United States,Argentina
https://www.investopedia.com/partner/reuters/latam-stocks-rise-earnings-fx-edge-back-losses/,,"LatAm Stocks Rise on Earnings , FX Edge Back From Losses",20180427T004500Z,https://i.investopedia.com/inv/genericcontentimages/subchannel/investing/stocks/thinkstockphotos120961426.jpg,investopedia.com,English,United States,Argentina
http://www.sharenet.co.za/news/LatAm_markets_seesaw_on_Syria_US_economic_data/4b2e4e2cbe6a575492b940be51f76868,,"LatAm markets seesaw on Syria , U . S . economic data",20180416T170000Z,,sharenet.co.za,English,South Africa,Argentina
http://www.thepropertypin.com/./viewtopic.php?f=19&p=931057,,Argentina all ready to kick off again,20180410T134500Z,,thepropertypin.com,English,Ireland,Argentina
https://uk.reuters.com/article/emerging-markets-latam/emerging-markets-latam-currencies-weaken-on-rising-us-bond-yields-oil-decline-idUKL1N1S00QT,https://uk.mobile.reuters.com/article/amp/idUKL1N1S00QT,"EMERGING MARKETS - LatAm currencies weaken on rising U . S . bond yields , oil decline",20180423T221500Z,https://s4.reutersmedia.net/resources_v2/images/rcom-default.png,uk.reuters.com,English,United States,Argentina
https://in.reuters.com/article/emerging-markets-latam/emerging-markets-latam-currencies-weaken-on-rising-us-bond-yields-oil-decline-idINL1N1S00QT,https://in.mobile.reuters.com/article/amp/idINL1N1S00QT,"EMERGING MARKETS - LatAm currencies weaken on rising U . S . bond yields , oil decline",20180423T194500Z,https://s4.reutersmedia.net/resources_v2/images/rcom-default.png,in.reuters.com,English,United States,Argentina
https://www.reuters.com/article/emerging-markets-latam/emerging-markets-latam-currencies-weaken-on-rising-us-bond-yields-oil-decline-idUSL1N1S00QT,https://mobile.reuters.com/article/amp/idUSL1N1S00QT,"EMERGING MARKETS - LatAm currencies weaken on rising U . S . bond yields , oil decline",20180424T034500Z,https://s4.reutersmedia.net/resources_v2/images/rcom-default.png,reuters.com,English,United States,Argentina
https://seekingalpha.com/article/4167540-argentina-next-massive-rate-hike,https://seekingalpha.com/amp/article/4167540-argentina-next-massive-rate-hike,Argentina : What Next After A Massive Rate Hike ? - Global X MSCI Argentina ETF ( NYSEARCA : ARGT ) ,20180430T163000Z,https://static.seekingalpha.com/uploads/2018/4/5/839737-1522985004813578.jpg,seekingalpha.com,English,United States,Argentina
http://www.sharenet.co.za/news/Brazil_traders_buy_back_in_on_geopolitical_calm_Wall_Street_gains/f62defe151f13bdb0d13152aa94ad5bc,,"Brazil traders buy back in on geopolitical calm , Wall Street gains",20180417T181500Z,,sharenet.co.za,English,South Africa,Argentina
http://www.sharenet.co.za/news/Brazil_equities_lead_gains_as_Lula_loses_in_court/6040589cc9978c54c3ac6a0aa525b154,,Brazil equities lead gains as Lula loses in court,20180405T184500Z,,sharenet.co.za,English,South Africa,Argentina
http://www.sharenet.co.za/news/Politics_trade_talk_boost_Mexico_rattle_Brazil/6040589cc9978c54c3ac6a0aa525b154,,"Politics , trade talk boost Mexico , rattle Brazil",20180405T013000Z,,sharenet.co.za,English,South Africa,Argentina
http://www.sharenet.co.za/news/Politics_trade_talk_boost_Mexico_rattle_Brazil/89c4bb400a07d492533f3e3ce92f6ebe,,"Politics , trade talk boost Mexico , rattle Brazil",20180404T191500Z,,sharenet.co.za,English,South Africa,Argentina
http://www.latinfinance.com/daily-briefs/2018/4/30/argentina-pens-sudden-rate-hike,,Argentina pens sudden rate hike,20180428T003000Z,,latinfinance.com,English,United States,Argentina
https://timesofindia.indiatimes.com/business/india-business/argentina-central-bank-tightens-money-spigot-with-sudden-rate-hike/articleshow/63946236.cms,https://m.timesofindia.com/business/india-business/argentina-central-bank-tightens-money-spigot-with-sudden-rate-hike/amp_articleshow/63946236.cms,Argentina central bank tightens money spigot with sudden rate hike,20180428T003000Z,https://static.toiimg.com/photo/msid-47529300/47529300.jpg,timesofindia.indiatimes.com,English,India,Argentina
https://www.cnbc.com/2018/04/05/reuters-america-emerging-markets-brazil-equities-lead-gains-as-lula-loses-in-court.html,//www.cnbc.com/amp/2018/04/05/reuters-america-emerging-markets-brazil-equities-lead-gains-as-lula-loses-in-court.html,EMERGING MARKETS - Brazil equities lead gains as Lula loses in court,20180405T180000Z,,cnbc.com,English,United States,Argentina
https://www.latinamericanpost.com/index.php/economics/11956-uruguay-gets-into-latams-double-digit-inflation-c,,Uruguay gets into Latam Double - Digit inflation club,20180413T124500Z,,latinamericanpost.com,English,United States,Argentina
http://www.sharenet.co.za/news/Latin_American_equities_follow_Wall_St_higher_amid_light_trading/1f1670432bcbcd2e045354cd3baa36c0,,Latin American equities follow Wall St higher amid light trading,20180430T173000Z,,sharenet.co.za,English,South Africa,Argentina
http://www.afr.com/markets/currencies/argentine-lifts-interest-rates-to-defend-peso-20180427-h0zd9x,https://amp.afr.com/markets/currencies/argentine-lifts-interest-rates-to-defend-peso-20180427-h0zd9x,Argentine central bank lifts interest rates to defend peso,20180427T204500Z,http://www.afr.com/content/dam/images/h/0/z/d/9/z/image.related.afrArticleLead.620x365.h0zd9x.png/1524860390801.jpg,afr.com,English,Australia,Argentina
https://www.reuters.com/article/argentina-peso/update-7-argentina-central-bank-tightens-money-spigot-with-sudden-rate-hike-idUSL1N1S40TF,https://mobile.reuters.com/article/amp/idUSL1N1S40TF,UPDATE 7 - Argentina central bank tightens money spigot with sudden rate hike,20180427T203000Z,https://s4.reutersmedia.net/resources_v2/images/rcom-default.png,reuters.com,English,United States,Argentina
https://www.cnbc.com/2018/04/04/reuters-america-emerging-markets-politics-trade-talk-boost-mexico-rattle-brazil.html,//www.cnbc.com/amp/2018/04/04/reuters-america-emerging-markets-politics-trade-talk-boost-mexico-rattle-brazil.html,"EMERGING MARKETS - Politics , trade talk boost Mexico , rattle Brazil",20180404T194500Z,,cnbc.com,English,United States,Argentina
http://en.mercopress.com/2018/04/25/argentina-central-bank-holds-benchmark-rate-at-27.25-economy-expands-4.7-in-first-two-months,,Argentina central bank holds benchmark rate at 27 . 25 %; economy expands 4 . 7 % in first two months MercoPress,20180425T103000Z,http://en.mercopress.com/data/cache/noticias/63778/600x315/14946-thumb.jpg,en.mercopress.com,English,Argentina,Argentina
https://www.reuters.com/article/emerging-markets-latam/emerging-markets-mexico-peso-dips-on-fears-of-china-us-trade-war-idUSL2N1RF1BH,https://mobile.reuters.com/article/amp/idUSL2N1RF1BH,EMERGING MARKETS - Mexico peso dips on fears of China - U . S . trade war,20180403T041500Z,https://s4.reutersmedia.net/resources_v2/images/rcom-default.png,reuters.com,English,United States,Argentina
https://www.reuters.com/article/emerging-markets-latam/emerging-markets-mexico-peso-dips-on-fears-of-china-u-s-trade-war-idUSL2N1RF1BH,https://mobile.reuters.com/article/amp/idUSL2N1RF1BH,EMERGING MARKETS - Mexico peso dips on fears of China - U . S . trade war,20180402T230000Z,https://s4.reutersmedia.net/resources_v2/images/rcom-default.png,reuters.com,English,United States,Argentina
http://en.mercopress.com/2018/04/29/argentina-increases-basic-rate-300-points-to-30.25-to-combat-inflation,,Argentina increases basic rate 300 points to 30 . 25 % to combat inflation MercoPress,20180429T063000Z,http://en.mercopress.com/data/cache/noticias/63838/600x315/acb1.jpg,en.mercopress.com,English,Argentina,Argentina
https://www.reuters.com/article/argentina-peso/update-8-argentina-central-bank-tightens-money-spigot-with-sudden-rate-hike-idUSL1N1S40TF,https://mobile.reuters.com/article/amp/idUSL1N1S40TF,UPDATE 8 - Argentina central bank tightens money spigot with sudden rate hike,20180427T221500Z,https://s4.reutersmedia.net/resources_v2/images/rcom-default.png,reuters.com,English,United States,Argentina
https://uk.reuters.com/article/argentina-peso/update-2-argentine-central-bank-hikes-rate-after-peso-hits-new-low-idUKL1N1S40TF,https://uk.mobile.reuters.com/article/amp/idUKL1N1S40TF,UPDATE 8 - Argentina central bank tightens money spigot with sudden rate hike,20180428T004500Z,https://s4.reutersmedia.net/resources_v2/images/rcom-default.png,uk.reuters.com,English,United States,Argentina
https://uk.reuters.com/article/argentina-peso/update-8-argentina-central-bank-tightens-money-spigot-with-sudden-rate-hike-idUKL1N1S40TF,https://uk.mobile.reuters.com/article/amp/idUKL1N1S40TF,UPDATE 8 - Argentina central bank tightens money spigot with sudden rate hike,20180428T004500Z,https://s4.reutersmedia.net/resources_v2/images/rcom-default.png,uk.reuters.com,English,United States,Argentina
https://in.reuters.com/article/argentina-peso/update-5-argentine-central-bank-surprises-markets-with-rate-hike-idINL1N1S40TF,https://in.mobile.reuters.com/article/amp/idINL1N1S40TF,UPDATE 7 - Argentina central bank tightens money spigot with sudden rate hike,20180428T004500Z,https://s4.reutersmedia.net/resources_v2/images/rcom-default.png,in.reuters.com,English,United States,Argentina
https://in.reuters.com/article/argentina-peso/update-7-argentina-central-bank-tightens-money-spigot-with-sudden-rate-hike-idINL1N1S40TF,https://in.mobile.reuters.com/article/amp/idINL1N1S40TF,UPDATE 8 - Argentina central bank tightens money spigot with sudden rate hike,20180428T043000Z,https://s4.reutersmedia.net/resources_v2/images/rcom-default.png,in.reuters.com,English,United States,Argentina
https://uk.reuters.com/article/argentina-peso/update-5-argentine-central-bank-surprises-markets-with-rate-hike-idUKL1N1S40TF,https://uk.mobile.reuters.com/article/amp/idUKL1N1S40TF,UPDATE 8 - Argentina central bank tightens money spigot with sudden rate hike,20180428T043000Z,https://s4.reutersmedia.net/resources_v2/images/rcom-default.png,uk.reuters.com,English,United States,Argentina
https://uk.reuters.com/article/argentina-peso/update-7-argentina-central-bank-tightens-money-spigot-with-sudden-rate-hike-idUKL1N1S40TF,https://uk.mobile.reuters.com/article/amp/idUKL1N1S40TF,UPDATE 8 - Argentina central bank tightens money spigot with sudden rate hike,20180428T100000Z,https://s4.reutersmedia.net/resources_v2/images/rcom-default.png,uk.reuters.com,English,United States,Argentina
https://www.cnbc.com/2018/04/02/reuters-america-emerging-markets-mexico-peso-dips-on-fears-of-china-u-s-trade-war.html,//www.cnbc.com/amp/2018/04/02/reuters-america-emerging-markets-mexico-peso-dips-on-fears-of-china-u-s-trade-war.html,EMERGING MARKETS - Mexico peso dips on fears of China - U . S . trade war,20180402T230000Z,,cnbc.com,English,United States,Argentina
http://www.latinfinance.com/daily-briefs/2018/4/4/buenos-aires-charts-global-local-players-for-debt,,Buenos Aires charts global - local players for debt,20180404T010000Z,,latinfinance.com,English,United States,Argentina
https://www.cnbc.com/2018/04/11/reuters-america-argentina-sells-2-point-3-billion-in-treasury-notes.html,//www.cnbc.com/amp/2018/04/11/reuters-america-argentina-sells-2-point-3-billion-in-treasury-notes.html,Argentina sells $2 . 3 billion in Treasury notes,20180411T221500Z,,cnbc.com,English,United States,Argentina
https://af.reuters.com/article/commoditiesNews/idAFL2N1RG0PV,,Argentina outlines plan for $1 . 6 bln in late natgas subsidy payments | Agricultural Commodities,20180403T193000Z,https://s4.reutersmedia.net/resources_v2/images/rcom-default.png,af.reuters.com,English,United States,Argentina
https://www.reuters.com/article/us-argentina-energy/argentina-outlines-plan-for-16-billion-in-late-natgas-subsidy-payments-idUSKCN1HA1WI,https://mobile.reuters.com/article/amp/idUSKCN1HA1WI,Argentina outlines plan for $1 . 6 billion in late natgas subsidy payments,20180403T193000Z,https://s4.reutersmedia.net/resources_v2/images/rcom-default.png,reuters.com,English,United States,Argentina
https://uk.reuters.com/article/argentina-energy/argentina-outlines-plan-for-16-bln-in-late-natgas-subsidy-payments-idUKL2N1RG0PV,https://uk.mobile.reuters.com/article/amp/idUKL2N1RG0PV,Argentina outlines plan for $1 . 6 bln in late natgas subsidy payments,20180403T193000Z,https://s4.reutersmedia.net/resources_v2/images/rcom-default.png,uk.reuters.com,English,United States,Argentina
https://uk.finance.yahoo.com/news/argentina-outlines-plan-1-6-150503356.html,https://uk.finance.yahoo.com/amphtml/news/argentina-outlines-plan-1-6-150503356.html,Argentina outlines plan for $1 . 6 bln in late natgas subsidy payments,20180403T193000Z,,uk.finance.yahoo.com,English,United States,Argentina
https://af.reuters.com/article/energyOilNews/idAFL2N1RG0PV,,Argentina outlines plan for $1 . 6 bln in late natgas subsidy payments | Energy & Oil,20180403T193000Z,https://s4.reutersmedia.net/resources_v2/images/rcom-default.png,af.reuters.com,English,United States,Argentina
https://uk.reuters.com/article/argentina-energy/argentina-outlines-plan-for-1-6-bln-in-late-natgas-subsidy-payments-idUKL2N1RG0PV,https://uk.mobile.reuters.com/article/amp/idUKL2N1RG0PV,Argentina outlines plan for $1 . 6 bln in late natgas subsidy payments,20180404T120000Z,https://s4.reutersmedia.net/resources_v2/images/rcom-default.png,uk.reuters.com,English,United States,Argentina
https://www.cnbc.com/2018/04/13/reuters-america-emerging-markets-latam-currencies-up-as-syria-concerns-ease-brazil-markets-down.html,//www.cnbc.com/amp/2018/04/13/reuters-america-emerging-markets-latam-currencies-up-as-syria-concerns-ease-brazil-markets-down.html,"EMERGING MARKETS - Latam currencies up as Syria concerns ease , Brazil markets down",20180413T160000Z,,cnbc.com,English,United States,Argentina
http://newstrackindia.com/newsdetails/2018/4/13/35-Gold-rate-in-Argentina-on-13-April.html,,Gold rate in Argentina on 13 April,20180413T203000Z,,newstrackindia.com,English,India,Argentina
https://www.reuters.com/article/emerging-markets-latam/emerging-markets-latam-currencies-up-as-syria-concerns-ease-brazil-markets-down-idUSL1N1RQ10D,https://mobile.reuters.com/article/amp/idUSL1N1RQ10D,"EMERGING MARKETS - Latam currencies up as Syria concerns ease , Brazil markets down",20180413T160000Z,https://s4.reutersmedia.net/resources_v2/images/rcom-default.png,reuters.com,English,United States,Argentina
https://www.bloomberg.com/news/articles/2018-04-27/world-s-central-banks-just-can-t-quit-on-currency-intervention,https://www.bloomberg.com/amp/news/articles/2018-04-27/world-s-central-banks-just-can-t-quit-on-currency-intervention,World Central Banks Just Cant Quit on Currency Intervention,20180427T220000Z,https://assets.bwbx.io/images/users/iqjWHBFdfxIU/iQLQFJaFhwYU/v0/1200x800.jpg,bloomberg.com,English,United States,Argentina
https://www.mexico-news-today.com/mexican-company-rotoplas-announces-acquisition-of-another-company/,,Mexican company Rotoplas announces acquisition of another company,20180405T204500Z,https://www.mexico-news-today.com/wp-content/uploads/2018/04/rotoplas1.jpg,mexico-news-today.com,English,,Argentina
https://uk.reuters.com/article/emerging-markets-latam/emerging-markets-mexico-stocks-gain-on-credit-outlook-nafta-optimism-idUKL8N1RP7B8,https://uk.mobile.reuters.com/article/amp/idUKL8N1RP7B8,"EMERGING MARKETS - Mexico stocks gain on credit outlook , NAFTA optimism",20180412T230000Z,https://s4.reutersmedia.net/resources_v2/images/rcom-default.png,uk.reuters.com,English,United States,Argentina
https://www.reuters.com/article/emerging-markets-latam/emerging-markets-mexico-stocks-gain-on-credit-outlook-nafta-optimism-idUSL8N1RP7B8,https://mobile.reuters.com/article/amp/idUSL8N1RP7B8,"EMERGING MARKETS - Mexico stocks gain on credit outlook , NAFTA optimism",20180412T230000Z,https://s4.reutersmedia.net/resources_v2/images/rcom-default.png,reuters.com,English,United States,Argentina
https://www.worldenergynews.com/news/argentina-outlines-plan-for-bln-late-natgas-671344,,Argentina Outlines Plan For $1 . 6 Bln In Late Natgas,20180404T014500Z,https://images.worldenergynews.com/images/maritime/w800/sergbob-adobe-84540.png,worldenergynews.com,English,,Argentina
http://web6.bnamericas.com/en/news/infrastructure/brief-ezeiza-airports-renovated-main-runway-opens/,,Brief : Ezeiza airport renovated main runway opens,20180417T191500Z,https://w5s.bnamericas.com/bnamericas/imagebank/58584.jpg,web6.bnamericas.com,English,United States,Argentina
http://newstrackindia.com/newsdetails/2018/4/25/155-Gold-rate-in-Argentina-on-25-April.html,,Gold rate in Argentina on 25 April,20180425T023000Z,,newstrackindia.com,English,India,Argentina
http://newstrackindia.com/newsdetails/2018/4/25/156-Gold-rate-in-Argentina-on-25-April.html,,Gold rate in Argentina on 25 April,20180425T023000Z,,newstrackindia.com,English,India,Argentina
http://newstrackindia.com/newsdetails/2018/4/26/148-Gold-rate-in-Argentina-on-26-April.html,,Gold rate in Argentina on 26 April,20180426T061500Z,,newstrackindia.com,English,India,Argentina
http://newstrackindia.com/newsdetails/2018/4/24/136-Gold-rate-in-Argentina-on-24-April.html,,Gold rate in Argentina on 24 April,20180424T030000Z,,newstrackindia.com,English,India,Argentina
http://newstrackindia.com/newsdetails/2018/4/23/126-Gold-rate-in-Argentina-on-23-April.html,,Gold rate in Argentina on 23 April,20180423T080000Z,,newstrackindia.com,English,India,Argentina
http://newstrackindia.com/newsdetails/2018/4/22/48-Gold-rate-in-Argentina-on-22-April.html,,Gold rate in Argentina on 22 April,20180422T083000Z,,newstrackindia.com,English,India,Argentina
http://newstrackindia.com/newsdetails/2018/4/27/132-Gold-rate-in-Argentina-on-27-April.html,,Gold rate in Argentina on 27 April,20180427T050000Z,,newstrackindia.com,English,India,Argentina
http://newstrackindia.com/newsdetails/2018/4/28/48-Gold-rate-in-Argentina-on-28-April.html,,Gold rate in Argentina on 28 April,20180428T170000Z,,newstrackindia.com,English,India,Argentina
https://finanza.repubblica.it/Bloomberg/2018/04/27/worlds_central_banks_just_cant_quit_on_currency_intervention-P7V1KXSYF01X01_BLF/,,World Central Banks Just Cant Quit on Currency Intervention - Economia e Finanza,20180428T011500Z,,finanza.repubblica.it,English,Italy,Argentina
http://newstrackindia.com/newsdetails/2018/4/19/73-Gold-rate-in-Argentina-on-19-April.html,,Gold rate in Argentina on 19 April,20180419T200000Z,,newstrackindia.com,English,India,Argentina
http://newstrackindia.com/newsdetails/2018/4/21/48-Gold-rate-in-Argentina-on-21-April.html,,Gold rate in Argentina on 21 April,20180421T044500Z,,newstrackindia.com,English,India,Argentina
https://www.reuters.com/article/argentina-peso/update-5-argentine-central-bank-surprises-markets-with-rate-hike-idUSL1N1S40TF,https://mobile.reuters.com/article/amp/idUSL1N1S40TF,UPDATE 5 - Argentine central bank surprises markets with rate hike,20180427T183000Z,https://s4.reutersmedia.net/resources_v2/images/rcom-default.png,reuters.com,English,United States,Argentina
https://www.hellenicshippingnews.com/worlds-central-banks-just-cant-quit-on-currency-intervention/,,World Central Banks Just Cant Quit on Currency Intervention,20180430T140000Z,,hellenicshippingnews.com,English,China,Argentina
http://newstrackindia.com/newsdetails/2018/4/30/47-Gold-rate-in-Argentina-on-30-April.html,,Gold rate in Argentina on 30 April,20180430T110000Z,,newstrackindia.com,English,India,Argentina
http://newstrackindia.com/newsdetails/2018/5/1/125-Gold-rate-in-Argentina-on-01-May.html,,Gold rate in Argentina on 01 May,20180501T033000Z,,newstrackindia.com,English,India,Argentina
https://www.reuters.com/article/argentina-peso/update-6-argentine-central-bank-surprises-markets-with-rate-hike-idUSL1N1S40TF,https://mobile.reuters.com/article/amp/idUSL1N1S40TF,UPDATE 6 - Argentine central bank surprises markets with rate hike,20180427T193000Z,https://s4.reutersmedia.net/resources_v2/images/rcom-default.png,reuters.com,English,United States,Argentina
https://uk.reuters.com/article/argentina-peso/update-6-argentine-central-bank-surprises-markets-with-rate-hike-idUKL1N1S40TF,https://uk.mobile.reuters.com/article/amp/idUKL1N1S40TF,UPDATE 6 - Argentine central bank surprises markets with rate hike,20180427T194500Z,https://s4.reutersmedia.net/resources_v2/images/rcom-default.png,uk.reuters.com,English,United States,Argentina
https://in.reuters.com/article/argentina-peso/update-2-argentine-central-bank-hikes-rate-after-peso-hits-new-low-idINL1N1S40TF,https://in.mobile.reuters.com/article/amp/idINL1N1S40TF,UPDATE 5 - Argentine central bank surprises markets with rate hike,20180427T194500Z,https://s4.reutersmedia.net/resources_v2/images/rcom-default.png,in.reuters.com,English,United States,Argentina
https://uk.reuters.com/article/argentina-peso/update-4-argentine-central-bank-hikes-rate-after-peso-hits-new-low-idUKL1N1S40TF,https://uk.mobile.reuters.com/article/amp/idUKL1N1S40TF,UPDATE 5 - Argentine central bank surprises markets with rate hike,20180427T194500Z,https://s4.reutersmedia.net/resources_v2/images/rcom-default.png,uk.reuters.com,English,United States,Argentina
http://www.beloitdailynews.com/article/20180423/AP/304239957,,Beloit Daily News,20180423T144500Z,,beloitdailynews.com,English,United States,Argentina
http://www.sharenet.co.za/news/Mexico_peso_dips_on_fears_of_ChinaUS_trade_war/be7ea44c0891342058cf365b2830e97d,,Mexico peso dips on fears of China - U . S . trade war,20180402T234500Z,,sharenet.co.za,English,South Africa,Argentina
https://www.finanzen.ch/nachrichten/zinsen/ARGENTINA-Disinflation-Was-Not-Linear-In-The-First-Months-Of-The-Year-BCRA-1020508550,,ARGENTINA : Disinflation Was Not Linear In The First Months Of The Year - BCRA | 05 . 04 . 18,20180405T050000Z,,finanzen.ch,English,Switzerland,Argentina
http://markets.businessinsider.com/news/interestrates/argentina-disinflation-was-not-linear-in-the-first-months-of-the-year-bcra-1020508550,,ARGENTINA : Disinflation Was Not Linear In The First Months Of The Year - BCRA,20180404T233000Z,,markets.businessinsider.com,English,United States,Argentina
http://www.freemalaysiatoday.com/category/business/2018/04/28/worlds-central-banks-just-cant-quit-on-currency-intervention/,,World s central banks just can t quit on currency intervention,20180428T151500Z,http://s3media.freemalaysiatoday.com/wp-content/uploads/2018/02/britain-money.jpg,freemalaysiatoday.com,English,Malaysia,Argentina
http://www.sharenet.co.za/news/Latam_currencies_up_as_Syria_concerns_ease_Brazil_markets_down/bb4f4d70d797223227205a155285d765,,"Latam currencies up as Syria concerns ease , Brazil markets down",20180413T161500Z,,sharenet.co.za,English,South Africa,Argentina
https://www.wsj.com/articles/friedman-vs-mundell-on-monetary-reform-1523032045,https://www.wsj.com/amp/articles/friedman-vs-mundell-on-monetary-reform-1523032045,Friedman vs . Mundell on Monetary Reform,20180406T184500Z,https://si.wsj.net/public/resources/images/BN-YA520_Rushto_SOC_20180328094401.jpg,wsj.com,English,United States,Argentina
https://af.reuters.com/article/southAfricaNews/idAFL8N1S43AA,,EMERGING MARKETS - Won the winner as currencies steady after brutal week | News by Country,20180427T094500Z,https://s4.reutersmedia.net/resources_v2/images/rcom-default.png,af.reuters.com,English,United States,Argentina
https://www.reuters.com/article/emerging-markets/emerging-markets-won-the-winner-as-currencies-steady-after-brutal-week-idUSL8N1S43AA,https://mobile.reuters.com/article/amp/idUSL8N1S43AA,EMERGING MARKETS - Won the winner as currencies steady after brutal week,20180427T100000Z,https://s4.reutersmedia.net/resources_v2/images/rcom-default.png,reuters.com,English,United States,Argentina
http://www.theenergycollective.com/tag/energy_potential,,energy potential,20180501T163000Z,,theenergycollective.com,English,United States,Argentina
https://www.euromoney.com/article/b17zypt7074jt8/argentina-two-confessions-not-everyone-likes-them,,Argentina : Two confessions - not everyone likes them,20180430T114500Z,,euromoney.com,English,United Kingdom,Argentina
https://www.moodiedavittreport.com/argentina-leads-outbound-travel-growth-in-latin-america-for-h1-2018/,,Argentina leads outbound travel growth in Latin America for H1 2018 - The Moodie Davitt Report,20180417T203000Z,https://www.moodiedavittreport.com/wp-content/uploads/2018/04/1523859151.jpg,moodiedavittreport.com,English,,Argentina
https://www.quora.com/Would-Falklands-be-part-of-Argentina-today-if-Falklands-were-populated-with-Argentinian-settlers-instead-British-ones,,Would Falklands be part of Argentina today if Falklands were populated with Argentinian settlers instead British ones ? ,20180401T191500Z,,quora.com,English,,Argentina
https://auto.ndtv.com/news/toyota-fortuner-diamond-edition-launched-in-argentina-1832921,https://auto.ndtv.com/news/toyota-fortuner-diamond-edition-launched-in-argentina-1832921/amp,Toyota Fortuner Diamond Edition Launched In Argentina,20180404T171500Z,https://i.ndtvimg.com/i/2018-04/toyota-fortuner-diamond-edition_827x449_81522850348.jpg,auto.ndtv.com,English,India,Argentina
https://www.reuters.com/article/emerging-markets-latam/emerging-markets-latin-american-equities-mixed-amid-light-trading-idUSL1N1S7203,https://mobile.reuters.com/article/amp/idUSL1N1S7203,EMERGING MARKETS - Latin American equities mixed amid light trading,20180430T223000Z,https://s4.reutersmedia.net/resources_v2/images/rcom-default.png,reuters.com,English,United States,Argentina
https://in.reuters.com/article/emerging-markets-latam/emerging-markets-latin-american-equities-mixed-amid-light-trading-idINL1N1S7203,https://in.mobile.reuters.com/article/amp/idINL1N1S7203,EMERGING MARKETS - Latin American equities mixed amid light trading,20180501T001500Z,https://s4.reutersmedia.net/resources_v2/images/rcom-default.png,in.reuters.com,English,United States,Argentina
https://uk.reuters.com/article/emerging-markets-latam/emerging-markets-latin-american-equities-mixed-amid-light-trading-idUKL1N1S7203,https://uk.mobile.reuters.com/article/amp/idUKL1N1S7203,EMERGING MARKETS - Latin American equities mixed amid light trading,20180501T001500Z,https://s4.reutersmedia.net/resources_v2/images/rcom-default.png,uk.reuters.com,English,United States,Argentina
https://www.prnewswire.com/news-releases/telecom-argentina-sa-announces-the-filing-of-its-form-20-f-with-the-us-securities-and-exchange-commission-300633966.html,,Telecom Argentina S . A . announces the filing of its form 20 - F with the U . S . Securities and Exchange,20180420T220000Z,,prnewswire.com,English,United States,Argentina
http://www.tmcnet.com/usubmit/2018/04/20/8739707.htm,,Telecom Argentina S . A . announces the filing of its form 20 - F with the U . S . Securities and Exchange Commission,20180420T220000Z,,tmcnet.com,English,United States,Argentina
http://todaycolombia.com/colombia-has-4th-highest-business-tax-rates-in-the-world/,http://todaycolombia.com/colombia-has-4th-highest-business-tax-rates-in-the-world/amp/,Colombia has 4th highest business tax rates in the world,20180403T234500Z,,todaycolombia.com,English,,Argentina
https://www.marketwatch.com/story/telecom-argentina-sa-announces-the-filing-of-its-form-20-f-with-the-us-securities-and-exchange-commission-2018-04-20,https://www.marketwatch.com/amp/story/guid/f51ad400-9f09-433e-86ea-cb8070130d3e,Telecom Argentina S . A . announces the filing of its form 20 - F with the U . S . Securities and Exchange Commission,20180420T224500Z,,marketwatch.com,English,United States,Argentina
https://www.telegeography.com/products/commsupdate/articles/2018/04/26/telefonica-1q18-revenues-down-7-2-to-eur12-2bn/,,Telefonica 1Q18 revenues down 7 . 2 % to EUR12 . 2bn,20180426T210000Z,,telegeography.com,English,United States,Argentina
http://www.4-traders.com/TELEFONICA-DEUTSCHLAND-HO-11814173/news/Telefonica-Deutschland-1Q18-revenues-down-7-2-to-EUR12-2bn-26434495/,http://www.4-traders.com/amp/TELEFONICA-DEUTSCHLAND-HO-11814173/news/Telefonica-Deutschland-1Q18-revenues-down-7-2-to-EUR12-2bn-26434495/,Telefonica Deutschland : 1Q18 revenues down 7 . 2 % to EUR12 . 2bn,20180426T123000Z,,4-traders.com,English,United States,Argentina
https://www.investopedia.com/partner/reuters/latin-american-equities-mixed-amid-light-trading/,,Latin American Equities Mixed Amid Light Trading,20180501T011500Z,https://i.investopedia.com/inv/genericcontentimages/subchannel/investing/stocks/shutterstock188874437.jpg,investopedia.com,English,United States,Argentina
http://www.rttnews.com/2879221/argentina-disinflation-was-not-linear-in-the-first-months-of-the-year-bcra.aspx,,ARGENTINA : Disinflation Was Not Linear In The First Months Of The Year,20180405T001500Z,,rttnews.com,English,United States,Argentina
http://www.rttnews.com/story.aspx?Id=2879221,,ARGENTINA : Disinflation Was Not Linear In The First Months Of The Year,20180405T031500Z,,rttnews.com,English,United States,Argentina
https://www.cnbc.com/2018/04/09/reuters-america-emerging-markets-brazil-stocks-battered-by-election-uncertainty.html,//www.cnbc.com/amp/2018/04/09/reuters-america-emerging-markets-brazil-stocks-battered-by-election-uncertainty.html,EMERGING MARKETS - Brazil stocks battered by election uncertainty,20180409T231500Z,,cnbc.com,English,United States,Argentina
http://www.petroleumworld.com/story18040410.htm,,"Petroleumworld , Latin America Energy , Oil and Gas , News and Information",20180404T143000Z,,petroleumworld.com,English,United States,Argentina
http://www.economynext.com/Sri_Lanka_s_central_bank_among_top_inflators_in_Asia_in_2017-3-10428.html,,Sri Lanka central bank among top inflators in Asia in 2017,20180421T101500Z,http://www.economynext.com/images/ogimage.png,economynext.com,English,Sri Lanka,Argentina
https://www.newsbtc.com/2018/04/02/chilean-state-banks-closing-cryptocurrency-exchange-accounts-causes-concern-future-industry-country/,,Chilean State Banks Closing Cryptocurrency Exchange Accounts Causes Concern Over Future of Industry in The Country,20180402T221500Z,https://s3.amazonaws.com/main-newsbtc-images/2018/04/02215340/shutterstock_1024893544.jpg,newsbtc.com,English,United States,Argentina
https://www.bloomberg.com/news/articles/2018-04-17/argentine-companies-are-seen-coming-back-to-global-debt-markets,https://www.bloomberg.com/amp/news/articles/2018-04-17/argentine-companies-are-seen-coming-back-to-global-debt-markets,Argentine Companies Are Expected to Return to U . S . Debt Market,20180417T154500Z,https://assets.bwbx.io/images/users/iqjWHBFdfxIU/igKx_1KtfOWU/v0/1200x699.jpg,bloomberg.com,English,United States,Argentina
https://uk.reuters.com/article/emerging-markets-latam/emerging-markets-brazil-stocks-battered-by-election-uncertainty-idUKL8N1RM62E,https://uk.mobile.reuters.com/article/amp/idUKL8N1RM62E,EMERGING MARKETS - Brazil stocks battered by election uncertainty,20180410T021500Z,https://s4.reutersmedia.net/resources_v2/images/rcom-default.png,uk.reuters.com,English,United States,Argentina
https://www.reuters.com/article/emerging-markets-latam/emerging-markets-brazil-stocks-battered-by-election-uncertainty-idUSL8N1RM62E,https://mobile.reuters.com/article/amp/idUSL8N1RM62E,EMERGING MARKETS - Brazil stocks battered by election uncertainty,20180409T223000Z,https://s4.reutersmedia.net/resources_v2/images/rcom-default.png,reuters.com,English,United States,Argentina
https://www.businesswire.com/news/home/20180412006346/en/Grupo-Supervielle-S.A.-Expand-Capital-Markets-Investment,,Grupo Supervielle S . A . to Expand Its Capital Markets and Investment Banking Business,20180412T204500Z,https://mms.businesswire.com/media/20180412006346/en/651400/23/Grupo_SV_recortado.jpg,businesswire.com,English,United States,Argentina
https://www.fairobserver.com/region/latin_america/can-argentinas-president-elect-overcome-the-obstacles-to-reform-13406/,https://www.fairobserver.com/region/latin_america/can-argentinas-president-elect-overcome-the-obstacles-to-reform-13406/amp/,Can Argentina President - Elect Overcome the Obstacles to Reform ? ,20180405T064500Z,https://www.fairobserver.com/wp-content/uploads/2015/12/Mauricio-Macri.jpg,fairobserver.com,English,United States,Argentina
https://www.latinamericanpost.com/index.php/economics/8458-colombia-s-exports-dropped-another-13-in-2016,,Colombia exports dropped another 13 % in 2016,20180423T033000Z,,latinamericanpost.com,English,United States,Argentina
https://www.latinamericanpost.com/index.php/investment-2/15204-latin-american-opportunities-abound-according-to-top-investment-fund,,"Latin American opportunities abound , according to top investment fund",20180410T013000Z,,latinamericanpost.com,English,United States,Argentina
https://thesmartset.com/cashed-out-in-buenos-aires/,,Cashed Out in Buenos Aires,20180430T214500Z,https://thesmartset.com/wp-content/uploads/2018/04/Mills_Argentina_FI-1.png,thesmartset.com,English,,Argentina
http://www.4-traders.com/EULER-HERMES-GROUP-4642/news/Latin-America-opportunities-outside-and-within-the-region-26320097/,http://www.4-traders.com/amp/EULER-HERMES-GROUP-4642/news/Latin-America-opportunities-outside-and-within-the-region-26320097/,Latin America : opportunities outside and within the region,20180411T101500Z,,4-traders.com,English,United States,Argentina
https://www.marketwatch.com/story/grupo-supervielle-sa-to-expand-its-capital-markets-and-investment-banking-business-2018-04-12,https://www.marketwatch.com/amp/story/guid/242dd874-5022-4d89-9d96-691449f33444,Grupo Supervielle S . A . to Expand Its Capital Markets and Investment Banking Business,20180412T204500Z,,marketwatch.com,English,United States,Argentina
http://www.4-traders.com/GRUPO-SUPERVIELLE-SA-29748137/news/Grupo-Supervielle-S-A-to-Expand-Its-Capital-Markets-and-Investment-Banking-Business-26332968/,http://www.4-traders.com/amp/GRUPO-SUPERVIELLE-SA-29748137/news/Grupo-Supervielle-S-A-to-Expand-Its-Capital-Markets-and-Investment-Banking-Business-26332968/,Grupo Supervielle S . A . : to Expand Its Capital Markets and Investment Banking Business,20180412T204500Z,,4-traders.com,English,United States,Argentina
https://www.marketwatch.com/story/correcting-and-replacing-western-asset-global-high-income-fund-inc-portfolio-composition-as-of-march-31-2018-2018-05-01,https://www.marketwatch.com/amp/story/guid/236a3080-2555-4ad5-9a6a-b0571998ac7c,"CORRECTING and REPLACING Western Asset Global High Income Fund Inc . Portfolio Composition as of March 31 , 2018",20180501T191500Z,,marketwatch.com,English,United States,Argentina
https://www.proshareng.com/news/Nigeria%20Economy/Echoing-the-Need-for-More-Hand-in-Hand-E/39604,,Echoing the Need for More Hand in Hand Economics,20180420T100000Z,,proshareng.com,English,,Argentina
https://www.proshareng.com/news/Nigeria%20Economy/Echoing-the-Need-for-More-Hand-in-Hand-Economics/39604,,Echoing the Need for More Hand in Hand Economics,20180420T100000Z,,proshareng.com,English,,Argentina
https://theanalystfinancial.com/262215/automatic-checkweigher-market-future-outlook-of-key-statistics-on-industry-dynamics-globally-2023/,,Automatic Checkweigher Market Future Outlook of Key Statistics on Industry Dynamics Globally 2023 – Financial Analyst,20180423T161500Z,,theanalystfinancial.com,English,,Argentina
https://www.investopedia.com/terms/c/complementary-currency-cc.asp,,Complementary Currency ( CC ) ,20180419T023000Z,https://i.investopedia.com/inv/genericcontentimages/forex/forex14.jpg,investopedia.com,English,United States,Argentina
https://www.latinamericanpost.com/index.php/economics/9487-argentinas-economy-prompts-protests,,Argentina economy prompts protests,20180418T194500Z,,latinamericanpost.com,English,United States,Argentina
http://www.4-traders.com/REPSOL-YPF-75044/news/Repsol-YPF-Economic-Conditions-Argentina-26402980/,http://www.4-traders.com/amp/REPSOL-YPF-75044/news/Repsol-YPF-Economic-Conditions-Argentina-26402980/,Repsol YPF : Economic Conditions Argentina,20180421T210000Z,,4-traders.com,English,United States,Argentina
https://www.gurufocus.com/news/659253/compania-cervecerias-has-an-awesome-portfolio-of-beverages-in-south-america,,Compania Cervecerias Has an Awesome Portfolio of Beverages in South America,20180402T160000Z,,gurufocus.com,English,United States,Argentina
https://advancedbiofuelsusa.info/tag/venezuela/,,Advanced BioFuels united states » Venezuela,20180411T061500Z,,advancedbiofuelsusa.info,English,United States,Argentina
http://www.theproducenews.com/more-company-profiles/company-profiles/23796-stanley-orchards-sees-big-things-coming-out-of-chile,,Stanley Orchards sees big things coming out of Chile - The Produce News,20180412T101500Z,,theproducenews.com,English,United States,Argentina
http://www.producenews.com/more-company-profiles/company-profiles/23796-stanley-orchards-sees-big-things-coming-out-of-chile,,Stanley Orchards sees big things coming out of Chile - The Produce News,20180412T083000Z,,producenews.com,English,United States,Argentina
https://www.financialexpress.com/economy/satisfied-with-6-returns-on-bank-deposits-this-country-has-just-hiked-its-interest-rates-to-30-25/1148839/,https://www.financialexpress.com/economy/satisfied-with-6-returns-on-bank-deposits-this-country-has-just-hiked-its-interest-rates-to-30-25/1148839/lite/,Satisfied with 6 % returns on bank deposits ? This country has just hiked its interest rates to 30 . 25 % ,20180428T110000Z,https://images.financialexpress.com/2018/04/RBI-re-660-2-1.jpg,financialexpress.com,English,India,Argentina
https://worldview.stratfor.com/article/taming-twin-headaches-argentina-economy,,Taming the Twin Headaches of Argentina Economy,20180426T174500Z,https://www.stratfor.com/sites/default/files/styles/16x9_small/public/GettyImages-540446708.jpg?itok=oIw_8FcM,worldview.stratfor.com,English,United States,Argentina
https://www.marketwatch.com/story/correcting-and-replacing-western-asset-high-income-fund-ii-inc-portfolio-composition-as-of-march-31-2018-2018-05-01,https://www.marketwatch.com/amp/story/guid/14e845fe-b68f-453e-97b9-8f5d69668419,"CORRECTING and REPLACING Western Asset High Income Fund II Inc . Portfolio Composition as of March 31 , 2018",20180501T190000Z,,marketwatch.com,English,United States,Argentina
https://themobileherald.com/automatic-checkweigher-market-global-analysis-by-2023-avery-weigh-tronix-anritsu-ocs-and-loma-systems/52004/,https://themobileherald.com/automatic-checkweigher-market-global-analysis-by-2023-avery-weigh-tronix-anritsu-ocs-and-loma-systems/52004/amp/,"Automatic Checkweigher Market Global Analysis by 2023 : Avery Weigh - Tronix , Anritsu , OCS and Loma Systems – Mobile Herald",20180413T131500Z,,themobileherald.com,English,United States,Argentina
https://www.reuters.com/article/us-global-forex/euro-dips-after-ecb-holds-rates-dollar-bounces-as-shorts-unwind-idUSKBN1HX04P,https://mobile.reuters.com/article/amp/idUSKBN1HX04P,"Euro dips after ECB holds rates , dollar bounces as shorts unwind",20180426T201500Z,https://s2.reutersmedia.net/resources/r/?m=02&d=20180426&t=2&i=1255532665&r=LYNXMPEE3P0I4,reuters.com,English,United States,Argentina
https://www.reuters.com/article/uk-global-forex/euro-dips-after-ecb-holds-rates-dollar-bounces-as-shorts-unwind-idUSKBN1HX04R,https://mobile.reuters.com/article/amp/idUSKBN1HX04R,"Euro dips after ECB holds rates , dollar bounces as shorts unwind",20180426T210000Z,https://s4.reutersmedia.net/resources/r/?m=02&d=20180426&t=2&i=1255540740&r=LYNXMPEE3P0JT,reuters.com,English,United States,Argentina
http://www.centralbanknews.info/search?updated-max=2018-04-15T23:05:00-06:00&max-results=11,,Central Bank News,20180427T180000Z,,centralbanknews.info,English,China,Argentina
http://www.centralbanknews.info/search?updated-max=2018-04-12T21:03:00-06:00&max-results=11,,Central Bank News,20180426T183000Z,,centralbanknews.info,English,China,Argentina
http://www.centralbanknews.info/search?updated-max=2018-04-12T21:48:00-06:00&max-results=11,,Central Bank News,20180427T081500Z,,centralbanknews.info,English,China,Argentina
http://www.centralbanknews.info/search?updated-max=2018-04-16T09:24:00-06:00&max-results=11,,Central Bank News,20180430T020000Z,,centralbanknews.info,English,China,Argentina
http://www.centralbanknews.info/search?updated-max=2018-04-18T08:19:00-06:00&max-results=11,,Central Bank News,20180430T161500Z,,centralbanknews.info,English,China,Argentina
https://in.reuters.com/article/us-global-markets-themes/take-five-world-markets-themes-for-the-week-ahead-idINKBN1HY26W,https://in.mobile.reuters.com/article/amp/idINKBN1HY26W,Take Five : World markets themes for the week ahead,20180427T161500Z,https://s4.reutersmedia.net/resources/r/?m=02&d=20180427&t=2&i=1256072724&r=LYNXMPEE3Q1FR,in.reuters.com,English,United States,Argentina
https://www.reuters.com/article/us-global-markets-themes/take-five-world-markets-themes-for-the-week-ahead-idUSKBN1HY26W,https://mobile.reuters.com/article/amp/idUSKBN1HY26W,Take Five : World markets themes for the week ahead,20180427T160000Z,https://s4.reutersmedia.net/resources/r/?m=02&d=20180427&t=2&i=1256072724&r=LYNXMPEE3Q1FR,reuters.com,English,United States,Argentina
https://www.businesswire.com/news/home/20180406005821/en/Grupo-Supervielle-S.A.-Agrees-Acquire-Auto-Loan/,,Grupo Supervielle S . A . Agrees to Acquire Auto Loan Company Micro Lending S . A . ,20180407T034500Z,https://mms.businesswire.com/media/20180406005821/en/650342/23/Grupo_SV_recortado.jpg,businesswire.com,English,United States,Argentina
https://www.businesswire.com/news/home/20180406005821/en/Grupo-Supervielle-S.A.-Agrees-Acquire-Auto-Loan,,Grupo Supervielle S . A . Agrees to Acquire Auto Loan Company Micro Lending S . A . ,20180407T000000Z,https://mms.businesswire.com/media/20180406005821/en/650342/23/Grupo_SV_recortado.jpg,businesswire.com,English,United States,Argentina
https://themarketmogul.com/breakfast-briefing-red-iphones-google-xiaopeng-motors/,,"Breakfast Briefing : Xiaopeng Motors , Google in India & Red iPhones",20180411T084500Z,https://themarketmogul.com/wp-content/uploads/2018/04/Guangzhou_1523382436-e1523382465903-1000x600.jpg,themarketmogul.com,English,United Kingdom,Argentina
https://uk.reuters.com/uk.reuters.com/article/uk-global-markets-themes/take-five-world-markets-themes-for-the-week-ahead-idUKKBN1HY26G,https://uk.mobile.reuters.com/article/amp/idUKKBN1HY26G,Take Five : World markets themes for the week ahead,20180427T170000Z,https://s2.reutersmedia.net/resources/r/?m=02&d=20180427&t=2&i=1256070699&r=LYNXMPEE3Q1FG,uk.reuters.com,English,United States,Argentina
https://uk.reuters.com/article/uk-global-markets-themes/take-five-world-markets-themes-for-the-week-ahead-idUKKBN1HY26G,https://uk.mobile.reuters.com/article/amp/idUKKBN1HY26G,Take Five - World markets themes for the week ahead,20180427T161500Z,https://s2.reutersmedia.net/resources/r/?m=02&d=20180427&t=2&i=1256070699&r=LYNXMPEE3Q1FG,uk.reuters.com,English,United States,Argentina
https://uk.reuters.com/article/us-global-markets-themes/take-five-world-markets-themes-for-the-week-ahead-idUKKBN1HY26W,https://uk.mobile.reuters.com/article/amp/idUKKBN1HY26W,Take Five : World markets themes for the week ahead,20180427T173000Z,https://s4.reutersmedia.net/resources/r/?m=02&d=20180427&t=2&i=1256097299&r=LYNXMPEE3Q1FR,uk.reuters.com,English,United States,Argentina
https://www.reuters.com/www.reuters.com/article/us-global-markets-themes/take-five-world-markets-themes-for-the-week-ahead-idUSKBN1HY26W,https://mobile.reuters.com/article/amp/idUSKBN1HY26W,Take Five : World markets themes for the week ahead,20180427T200000Z,https://s4.reutersmedia.net/resources/r/?m=02&d=20180427&t=2&i=1256097299&r=LYNXMPEE3Q1FR,reuters.com,English,United States,Argentina
http://www.kitco.com/news/2018-04-27/Take-Five-World-markets-themes-for-the-week-ahead.html,,Take Five : World markets themes for the week ahead,20180427T224500Z,,kitco.com,English,United States,Argentina
https://www.firstpost.com/business/take-five-world-markets-themes-for-the-week-ahead-4448745.html,https://www.firstpost.com/business/take-five-world-markets-themes-for-the-week-ahead-4448745.html/amp,Take Five : World markets themes for the week ahead,20180428T024500Z,https://images.firstpost.com/wp-content/uploads/reuters/04-2018/28/2018-04-27T153156Z_1_LYNXMPEE3Q1FX_RTROPTP_2_USA-STOCKS.JPG,firstpost.com,English,India,Argentina
https://in.reuters.com/in.reuters.com/article/us-global-markets-themes/take-five-world-markets-themes-for-the-week-ahead-idINKBN1HY26W,https://in.mobile.reuters.com/article/amp/idINKBN1HY26W,Take Five : World markets themes for the week ahead,20180428T101500Z,https://s4.reutersmedia.net/resources/r/?m=02&d=20180427&t=2&i=1256169871&r=LYNXMPEE3Q1FR,in.reuters.com,English,United States,Argentina
http://www.queenslandcountrylife.com.au/story/5334096/rain-steadies-exports/?cs=4785,,Rain steadies exports,20180410T050000Z,http://nnimgt-a.akamaihd.net/transform/v1/crop/frm/qSBCk2fwyxqAQHeb5ei5a4/94c58954-4b07-4051-a52d-4affc0b95680.JPG/r0_461_1200_1139_w1200_h678_fmax.jpg,queenslandcountrylife.com.au,English,Australia,Argentina
http://www.queenslandcountrylife.com.au/story/5334096/rain-steadies-exports/?cs=4733,,Rain steadies exports,20180410T234500Z,http://nnimgt-a.akamaihd.net/transform/v1/crop/frm/qSBCk2fwyxqAQHeb5ei5a4/94c58954-4b07-4051-a52d-4affc0b95680.JPG/r0_461_1200_1139_w1200_h678_fmax.jpg,queenslandcountrylife.com.au,English,Australia,Argentina
https://www.wallstreet-online.de/nachricht/10428035-grupo-supervielle-s-a-agrees-to-acquire-auto-loan-company-micro-lending-s-a,https://www.wallstreet-online.de/_amp/nachricht/10428035-grupo-supervielle-s-a-agrees-to-acquire-auto-loan-company-micro-lending-s-a,Grupo Supervielle S . A . Agrees to Acquire Auto Loan Company Micro Lending S . A . ,20180407T010000Z,,wallstreet-online.de,English,Germany,Argentina
http://www.4-traders.com/GRUPO-SUPERVIELLE-SA-29748137/news/Grupo-Supervielle-S-A-Agrees-to-Acquire-Auto-Loan-Company-Micro-Lending-S-A-26295780/,http://www.4-traders.com/amp/GRUPO-SUPERVIELLE-SA-29748137/news/Grupo-Supervielle-S-A-Agrees-to-Acquire-Auto-Loan-Company-Micro-Lending-S-A-26295780/,Grupo Supervielle S . A . : Agrees to Acquire Auto Loan Company Micro Lending S . A . ,20180407T000000Z,,4-traders.com,English,United States,Argentina
https://www.investing.com/news/economy-news/take-five-world-markets-themes-for-the-week-ahead-1419153,https://m.investing.com/news/economy-news/take-five-world-markets-themes-for-the-week-ahead-1419153?ampMode=1,Take Five : World markets themes for the week ahead By Reuters,20180429T091500Z,https://i-invdn-com.akamaized.net/trkd-images/LYNXMPEE3Q1FR_L.jpg,investing.com,English,Germany,Argentina
https://www.bellinghamherald.com/news/business/national-business/article210492844.html,http://amp.bellinghamherald.com/news/business/national-business/article210492844.html,Battered Argentine peso rises after interest rate jump,20180505T003000Z,http://www.mcclatchy-wires.com/incoming/q4fbxx/picture210492829/alternates/LANDSCAPE_1140/Argentina_Economy_31631.jpg,bellinghamherald.com,English,United States,Argentina
http://www.miamiherald.com/news/business/article210492844.html,http://amp.miamiherald.com/news/business/article210492844.html,Battered Argentine peso rises after interest rate jump,20180504T203000Z,http://www.mcclatchy-wires.com/incoming/q4fbxx/picture210492829/alternates/LANDSCAPE_1140/Argentina_Economy_31631.jpg,miamiherald.com,English,United States,Argentina
http://www.islandpacket.com/news/business/article210492844.html,http://amp.islandpacket.com/news/business/article210492844.html,Battered Argentine peso rises after interest rate jump,20180505T003000Z,http://www.mcclatchy-wires.com/incoming/q4fbxx/picture210492829/alternates/LANDSCAPE_1140/Argentina_Economy_31631.jpg,islandpacket.com,English,United States,Argentina
https://www.miamiherald.com/news/business/article210492844.html,http://amp.miamiherald.com/news/business/article210492844.html,Battered Argentine peso rises after interest rate jump,20180505T141500Z,http://www.mcclatchy-wires.com/incoming/q4fbxx/picture210492829/alternates/LANDSCAPE_1140/Argentina_Economy_31631.jpg,miamiherald.com,English,United States,Argentina
http://www.bnd.com/news/business/article210492844.html,http://amp.bnd.com/news/business/article210492844.html,Battered Argentine peso rises after interest rate jump,20180505T103000Z,http://www.mcclatchy-wires.com/incoming/q4fbxx/picture210492829/alternates/LANDSCAPE_1140/Argentina_Economy_31631.jpg,bnd.com,English,United States,Argentina
https://www.fresnobee.com/news/business/article210492844.html,http://amp.fresnobee.com/news/business/article210492844.html,Battered Argentine peso rises after interest rate jump,20180505T103000Z,http://www.mcclatchy-wires.com/incoming/q4fbxx/picture210492829/alternates/LANDSCAPE_1140/Argentina_Economy_31631.jpg,fresnobee.com,English,United States,Argentina
http://www.modbee.com/news/business/article210492844.html,http://amp.modbee.com/news/business/article210492844.html,Battered Argentine peso rises after interest rate jump,20180505T034500Z,http://www.mcclatchy-wires.com/incoming/q4fbxx/picture210492829/alternates/LANDSCAPE_1140/Argentina_Economy_31631.jpg,modbee.com,English,United States,Argentina
http://www.sunherald.com/news/business/article210492844.html,http://amp.sunherald.com/news/business/article210492844.html,Battered Argentine peso rises after interest rate jump,20180505T034500Z,http://www.mcclatchy-wires.com/incoming/q4fbxx/picture210492829/alternates/LANDSCAPE_1140/Argentina_Economy_31631.jpg,sunherald.com,English,United States,Argentina
https://www.newsobserver.com/news/business/article210492844.html,http://amp.newsobserver.com/news/business/article210492844.html,Battered Argentine peso rises after interest rate jump,20180505T034500Z,http://www.mcclatchy-wires.com/incoming/q4fbxx/picture210492829/alternates/LANDSCAPE_1140/Argentina_Economy_31631.jpg,newsobserver.com,English,United States,Argentina
http://www.ledger-enquirer.com/news/business/article210492844.html,http://amp.ledger-enquirer.com/news/business/article210492844.html,Battered Argentine peso rises after interest rate jump,20180505T034500Z,http://www.mcclatchy-wires.com/incoming/q4fbxx/picture210492829/alternates/LANDSCAPE_1140/Argentina_Economy_31631.jpg,ledger-enquirer.com,English,United States,Argentina
https://www.sanluisobispo.com/news/business/article210492844.html,http://amp.sanluisobispo.com/news/business/article210492844.html,Battered Argentine peso rises after interest rate jump,20180505T034500Z,http://www.mcclatchy-wires.com/incoming/q4fbxx/picture210492829/alternates/LANDSCAPE_1140/Argentina_Economy_31631.jpg,sanluisobispo.com,English,United States,Argentina
http://www.sanluisobispo.com/news/business/article210492844.html,http://amp.sanluisobispo.com/news/business/article210492844.html,Battered Argentine peso rises after interest rate jump,20180504T213000Z,http://www.mcclatchy-wires.com/incoming/q4fbxx/picture210492829/alternates/LANDSCAPE_1140/Argentina_Economy_31631.jpg,sanluisobispo.com,English,United States,Argentina
http://www.newsobserver.com/news/business/article210492844.html,http://amp.newsobserver.com/news/business/article210492844.html,Battered Argentine peso rises after interest rate jump,20180504T213000Z,http://www.mcclatchy-wires.com/incoming/q4fbxx/picture210492829/alternates/LANDSCAPE_1140/Argentina_Economy_31631.jpg,newsobserver.com,English,United States,Argentina
http://www.thenewstribune.com/news/business/article210492844.html,http://amp.thenewstribune.com/news/business/article210492844.html,Battered Argentine peso rises after interest rate jump,20180504T213000Z,http://www.mcclatchy-wires.com/incoming/q4fbxx/picture210492829/alternates/LANDSCAPE_1140/Argentina_Economy_31631.jpg,thenewstribune.com,English,United States,Argentina
http://www.fresnobee.com/news/business/article210492844.html,http://amp.fresnobee.com/news/business/article210492844.html,Battered Argentine peso rises after interest rate jump,20180504T213000Z,http://www.mcclatchy-wires.com/incoming/q4fbxx/picture210492829/alternates/LANDSCAPE_1140/Argentina_Economy_31631.jpg,fresnobee.com,English,United States,Argentina
http://www.sacbee.com/news/business/article210492844.html,http://amp.sacbee.com/news/business/article210492844.html,Battered Argentine peso rises after interest rate jump,20180505T003000Z,http://www.mcclatchy-wires.com/incoming/q4fbxx/picture210492829/alternates/LANDSCAPE_1140/Argentina_Economy_31631.jpg,sacbee.com,English,United States,Argentina
https://www.charlotteobserver.com/news/business/national-business/article210492844.html,http://amp.charlotteobserver.com/news/business/national-business/article210492844.html,Battered Argentine peso rises after interest rate jump,20180505T003000Z,http://www.mcclatchy-wires.com/incoming/q4fbxx/picture210492829/alternates/LANDSCAPE_1140/Argentina_Economy_31631.jpg,charlotteobserver.com,English,United States,Argentina
http://www.charlotteobserver.com/news/business/national-business/article210492844.html,http://amp.charlotteobserver.com/news/business/national-business/article210492844.html,Battered Argentine peso rises after interest rate jump,20180504T213000Z,http://www.mcclatchy-wires.com/incoming/q4fbxx/picture210492829/alternates/LANDSCAPE_1140/Argentina_Economy_31631.jpg,charlotteobserver.com,English,United States,Argentina
http://www.theolympian.com/news/business/article210492844.html,http://amp.theolympian.com/news/business/article210492844.html,Battered Argentine peso rises after interest rate jump,20180504T213000Z,http://www.mcclatchy-wires.com/incoming/q4fbxx/picture210492829/alternates/LANDSCAPE_1140/Argentina_Economy_31631.jpg,theolympian.com,English,United States,Argentina
http://www.macon.com/news/business/article210492844.html,http://amp.macon.com/news/business/article210492844.html,Battered Argentine peso rises after interest rate jump,20180505T214500Z,http://www.mcclatchy-wires.com/incoming/q4fbxx/picture210492829/alternates/LANDSCAPE_1140/Argentina_Economy_31631.jpg,macon.com,English,United States,Argentina
https://www.msn.com/en-gb/finance/other/battered-argentine-peso-rises-after-interest-rate-jump/ar-AAwL1pb,,Battered Argentine peso rises after interest rate jump,20180504T203000Z,,msn.com,English,United States,Argentina
https://in.reuters.com/article/emerging-markets-latam/emerging-markets-latam-markets-mostly-down-argentinas-peso-hits-new-low-idINL1N1S91V1,https://in.mobile.reuters.com/article/amp/idINL1N1S91V1,"EMERGING MARKETS - LatAm markets mostly down , Argentina peso hits new low",20180502T231500Z,https://s4.reutersmedia.net/resources_v2/images/rcom-default.png,in.reuters.com,English,United States,Argentina
https://www.reuters.com/article/emerging-markets-latam/emerging-markets-latam-markets-mostly-down-argentinas-peso-hits-new-low-idUSL1N1S91V1,https://mobile.reuters.com/article/amp/idUSL1N1S91V1,"EMERGING MARKETS - LatAm markets mostly down , Argentina peso hits new low",20180502T224500Z,https://s4.reutersmedia.net/resources_v2/images/rcom-default.png,reuters.com,English,United States,Argentina
https://uk.reuters.com/article/emerging-markets-latam/emerging-markets-latam-markets-mostly-down-argentinas-peso-hits-new-low-idUKL1N1S91V1,https://uk.mobile.reuters.com/article/amp/idUKL1N1S91V1,"EMERGING MARKETS - LatAm markets mostly down , Argentina peso hits new low",20180503T050000Z,https://s4.reutersmedia.net/resources_v2/images/rcom-default.png,uk.reuters.com,English,United States,Argentina
http://www.fintechist.com/argentine-central-bank-hikes-peso-interest-rates-to-40/,http://www.fintechist.com/argentine-central-bank-hikes-peso-interest-rates-to-40/amp/,Argentine Central Bank Hikes Peso Interest Rates to 40 % ,20180505T181500Z,http://www.fintechist.com/wp-content/uploads/2018/05/shutterstock_323641844.jpg,fintechist.com,English,,Argentina
https://www.msn.com/en-gb/news/world/argentina-raises-interest-rates-to-40-25/ar-AAwKjkW,,Argentina raises interest rates to 40 % ,20180504T144500Z,,msn.com,English,United States,Argentina
https://www.yahoo.com/news/battered-argentine-peso-rises-interest-195217399.html,https://www.yahoo.com/amphtml/news/battered-argentine-peso-rises-interest-195217399.html,Battered Argentine peso rises after interest rate jump,20180504T203000Z,,yahoo.com,English,United States,Argentina
https://infotel.ca/newsitem/lt-argentina-economy/cp296718125,,Battered Argentine peso rises after interest rate jump,20180504T201500Z,,infotel.ca,English,Canada,Argentina
https://mainichi.jp/english/articles/20180505/p2g/00m/0bu/077000c,,Battered Argentine peso rises after interest rate jump,20180505T103000Z,https://cdn.mainichi.jp/vol1/2018/05/05/20180505p2g00m0bu075000p/9.jpg?2,mainichi.jp,English,Japan,Argentina
http://ottawacitizen.com/pmn/news-pmn/battered-argentine-peso-rises-after-interest-rate-jump/wcm/2447176f-3d93-4ab8-980e-abc27bc2bbb1,http://ottawacitizen.com/pmn/news-pmn/battered-argentine-peso-rises-after-interest-rate-jump/wcm/2447176f-3d93-4ab8-980e-abc27bc2bbb1/amp,Battered Argentine peso rises after interest rate jump,20180505T084500Z,,ottawacitizen.com,English,Canada,Argentina
https://www.taiwannews.com.tw/en/news/3422662,,Battered Argentine peso rises after interest rate jump,20180504T213000Z,,taiwannews.com.tw,English,Taiwan,Argentina
https://wtop.com/latin-america/2018/05/battered-argentine-peso-rises-after-interest-rate-jump/,https://wtop.com/latin-america/2018/05/battered-argentine-peso-rises-after-interest-rate-jump/amp/,Battered Argentine peso rises after interest rate jump,20180504T213000Z,https://wtop.com/wp-content/uploads/2018/05/Argentina_Economy_31631.jpg,wtop.com,English,United States,Argentina
https://finance.yahoo.com/news/emerging-markets-brazil-real-surges-211642719.html,https://www.yahoo.com/amphtml/finance/news/emerging-markets-brazil-real-surges-211642719.html,"EMERGING MARKETS - Brazil real surges , Mexico peso slips past 20 / dlr",20180521T221500Z,,finance.yahoo.com,English,United States,Argentina
https://www.reuters.com/article/argentina-peso/refile-update-2-argentine-peso-weakens-112-percent-amid-regional-currency-selloff-idUSL2N1SP0NA,https://mobile.reuters.com/article/amp/idUSL2N1SP0NA,REFILE - UPDATE 2 - Argentine peso weakens 1 . 12 percent amid regional currency selloff,20180520T030000Z,https://s4.reutersmedia.net/resources_v2/images/rcom-default.png,reuters.com,English,United States,Argentina
http://www.startribune.com/battered-argentine-peso-rises-after-interest-rate-jump/481776381/,http://m.startribune.com/battered-argentine-peso-rises-after-interest-rate-jump/481776381/,Battered Argentine peso rises after interest rate jump,20180504T204500Z,,startribune.com,English,United States,Argentina
http://www.dailymail.co.uk/wires/ap/article-5692755/Battered-Argentine-peso-rises-rate-jump.html,http://www.dailymail.co.uk/wires/ap/article-5692755/amp/Battered-Argentine-peso-rises-rate-jump.html,Battered Argentine peso rises after interest rate jump,20180504T203000Z,http://i.dailymail.co.uk/1/2018/05/04/21/wire-2856198-1525464029-16_636x382.jpg,dailymail.co.uk,English,United Kingdom,Argentina
https://www.washingtonpost.com/business/battered-argentine-peso-rises-after-interest-rate-jump/2018/05/04/f27f17b8-4fd4-11e8-85c1-9326c4511033_story.html,https://www.washingtonpost.com/amphtml/business/battered-argentine-peso-rises-after-interest-rate-jump/2018/05/04/f27f17b8-4fd4-11e8-85c1-9326c4511033_story.html,Battered Argentine peso rises after interest rate jump,20180504T231500Z,,washingtonpost.com,English,United States,Argentina
https://www.msn.com/en-gb/finance/topstories/argentina-in-big-rate-rise-as-peso-slumps/ar-AAwJ4Ml,,Argentina in big rate rise as peso slumps,20180504T074500Z,,msn.com,English,United States,Argentina
http://www.readingeagle.com/ap/article/battered-argentine-peso-rises-after-interest-rate-jump,,Battered Argentine peso rises after interest rate jump,20180505T103000Z,http://www.readingeagle.com/storyimage/RE/20180504/AP/305049429/AR/0/AR-305049429.jpg&q=80&RCRadius=5,readingeagle.com,English,United States,Argentina
http://www.nydailynews.com/newswires/news/business/battered-argentine-peso-rises-interest-rate-jump-article-1.3971891,http://www.nydailynews.com/amp/newswires/news/business/battered-argentine-peso-rises-interest-rate-jump-article-1.3971891,Battered Argentine peso rises after interest rate jump,20180505T040000Z,http://assets.nydailynews.com/polopoly_fs/1.3971894.1525464057!/img/httpImage/image.jpg_gen/derivatives/landscape_1200/ap-image.jpg,nydailynews.com,English,United States,Argentina
http://mynorthwest.com/977387/battered-argentine-peso-rises-after-interest-rate-jump/,http://mynorthwest.com/977387/battered-argentine-peso-rises-after-interest-rate-jump/amp/,Battered Argentine peso rises after interest rate jump,20180504T221500Z,http://mynorthwest.com/wp-content/uploads/2018/05/ap_2642f3c2f2604ea2a9f982746c9b4e0e.jpg,mynorthwest.com,English,United States,Argentina
https://bravenewcoin.com/news/dont-cry-for-argentinas-peso-as-crypto-could-rise/,,"Dont cry for Argentina peso , as crypto could rise » Brave New Coin",20180504T180000Z,https://bravenewcoin.com/assets/Uploads/argentina-banner.jpg,bravenewcoin.com,English,United States,Argentina
https://bravenewcoin.com/news/dont-cry-for-argentinas-peso-as-bitcoin-interest-rises/,,"Dont cry for Argentina peso , as bitcoin interest rises » Brave New Coin",20180504T220000Z,https://bravenewcoin.com/assets/Uploads/argentina-banner.jpg,bravenewcoin.com,English,United States,Argentina
https://www.themaven.net/mishtalk/economics/hello-argentina-currency-intervention-is-counterproductive-Y2zDmi9LJEuzjY8lpKvHIQ/,https://www.themaven.net/mishtalk/api/amp/mishtalk/economics/hello-argentina-currency-intervention-is-counterproductive-Y2zDmi9LJEuzjY8lpKvHIQ,"Hello Argentina , Currency Intervention is Counterproductive",20180511T211500Z,https://s3-us-west-2.amazonaws.com/maven-user-photos/mishtalk/economics/zmfATcSa4EegwR7v_znq6Q/AfF-2ZnFakqQr2KLs1hUSQ,themaven.net,English,,Argentina
http://hosted2.ap.org/CAANR/0260ea4c3e85456b80715585ba3c7b5b/Article_2018-05-04-LT--Argentina-Economy/id-ff9d94370b714f2c8cf6c0e943b26f3a,,AP News : The Orange County Register,20180504T203000Z,,hosted2.ap.org,English,United States,Argentina
https://www.sfgate.com/news/world/article/Battered-Argentine-peso-rises-after-interest-rate-12888685.php,https://www.sfgate.com/news/world/amp/Battered-Argentine-peso-rises-after-interest-rate-12888685.php,Battered Argentine peso rises after interest rate jump,20180504T201500Z,https://s.hdnux.com/photos/73/11/15/15504243/3/rawImage.jpg,sfgate.com,English,United States,Argentina
https://www.middletownpress.com/news/world/article/Battered-Argentine-peso-rises-after-interest-rate-12888685.php,https://www.middletownpress.com/news/world/amp/Battered-Argentine-peso-rises-after-interest-rate-12888685.php,Battered Argentine peso rises after interest rate jump,20180504T201500Z,https://s.hdnux.com/photos/73/11/15/15504243/3/rawImage.jpg,middletownpress.com,English,United States,Argentina
http://www.omaha.com/news/world/battered-argentine-peso-rises-after-interest-rate-jump/article_5a36477c-5a70-563b-8ff2-ff863e0636c5.html,,Battered Argentine peso rises after interest rate jump | World,20180504T211500Z,https://bloximages.newyork1.vip.townnews.com/omaha.com/content/tncms/assets/v3/editorial/2/dd/2dd5c6bc-a96a-5cf5-8df9-d93352938fc2/5aecc34f1fae3.image.jpg?crop=1543%2C1157%2C123%2C0,omaha.com,English,United States,Argentina
http://tbo.com/ap/world/battered-argentine-peso-rises-after-interest-rate-jump-ap_world151b022f48d346aabd284aad3f9b5503,,Battered Argentine peso rises after interest rate jump,20180504T214500Z,https://www.tbo.com/storyimage/TB/20180504/AP/305049519/AR/0/AR-305049519.jpg,tbo.com,English,United States,Argentina
https://www.beaumontenterprise.com/news/world/article/Battered-Argentine-peso-rises-after-interest-rate-12888685.php,https://www.beaumontenterprise.com/news/world/amp/Battered-Argentine-peso-rises-after-interest-rate-12888685.php,Battered Argentine peso rises after interest rate jump,20180504T213000Z,https://s.hdnux.com/photos/73/11/15/15504243/3/rawImage.jpg,beaumontenterprise.com,English,United States,Argentina
https://www.chron.com/news/world/article/Battered-Argentine-peso-rises-after-interest-rate-12888685.php,https://www.chron.com/news/world/amp/Battered-Argentine-peso-rises-after-interest-rate-12888685.php,Battered Argentine peso rises after interest rate jump,20180504T220000Z,https://s.hdnux.com/photos/73/11/15/15504243/3/rawImage.jpg,chron.com,English,United States,Argentina
https://www.reuters.com/article/emerging-markets-latam/emerging-markets-argentine-peso-rebounds-following-dramatic-rate-hike-idUSL1N1SB0ZM,https://mobile.reuters.com/article/amp/idUSL1N1SB0ZM,EMERGING MARKETS - Argentine peso rebounds following dramatic rate hike,20180504T163000Z,https://s4.reutersmedia.net/resources_v2/images/rcom-default.png,reuters.com,English,United States,Argentina
https://uk.reuters.com/article/emerging-markets-latam/emerging-markets-argentine-peso-rebounds-following-dramatic-rate-hike-idUKL1N1SB0ZM,https://uk.mobile.reuters.com/article/amp/idUKL1N1SB0ZM,EMERGING MARKETS - Argentine peso rebounds following dramatic rate hike,20180504T161500Z,https://s4.reutersmedia.net/resources_v2/images/rcom-default.png,uk.reuters.com,English,United States,Argentina
https://www.reuters.com/article/argentina-peso/update-2-argentine-peso-opens-6-22-pct-weaker-sets-new-record-low-traders-idUSL2N1SL0GW,https://mobile.reuters.com/article/amp/idUSL2N1SL0GW,"UPDATE 2 - Argentine peso opens 6 . 22 pct weaker , sets new record low - traders",20180514T141500Z,https://s4.reutersmedia.net/resources_v2/images/rcom-default.png,reuters.com,English,United States,Argentina
https://uk.reuters.com/article/argentina-peso/update-2-argentine-peso-opens-6-22-pct-weaker-sets-new-record-low-traders-idUKL2N1SL0GW,https://uk.mobile.reuters.com/article/amp/idUKL2N1SL0GW,"UPDATE 2 - Argentine peso opens 6 . 22 pct weaker , sets new record low - traders",20180514T141500Z,https://s4.reutersmedia.net/resources_v2/images/rcom-default.png,uk.reuters.com,English,United States,Argentina
https://in.reuters.com/article/argentina-peso/update-2-argentine-peso-opens-6-22-pct-weaker-sets-new-record-low-traders-idINL2N1SL0GW,https://in.mobile.reuters.com/article/amp/idINL2N1SL0GW,"UPDATE 2 - Argentine peso opens 6 . 22 pct weaker , sets new record low - traders",20180514T141500Z,https://s4.reutersmedia.net/resources_v2/images/rcom-default.png,in.reuters.com,English,United States,Argentina
https://www.reuters.com/article/argentina-peso/update-1-argentine-peso-opens-6-22-pct-weaker-sets-new-record-low-traders-idUSL2N1SL0GW,https://mobile.reuters.com/article/amp/idUSL2N1SL0GW,"UPDATE 1 - Argentine peso opens 6 . 22 pct weaker , sets new record low - traders",20180514T141500Z,https://s4.reutersmedia.net/resources_v2/images/rcom-default.png,reuters.com,English,United States,Argentina
http://www.sharenet.co.za/news/Brazil_real_surges_Mexico_peso_slips_past_20dlr/6b35e56520bf8d543e577897804a5906,,"Brazil real surges , Mexico peso slips past 20 / dlr",20180521T231500Z,,sharenet.co.za,English,South Africa,Argentina
https://uk.reuters.com/article/emerging-markets-latam/emerging-markets-argentina-peso-tumbles-again-despite-cenbank-moves-idUKL1N1SA1YI,https://uk.mobile.reuters.com/article/amp/idUKL1N1SA1YI,EMERGING MARKETS - Argentina peso tumbles again despite cenbank moves,20180503T233000Z,https://s4.reutersmedia.net/resources_v2/images/rcom-default.png,uk.reuters.com,English,United States,Argentina
https://www.msn.com/en-us/news/world/emerging-markets-argentina-peso-tumbles-again-despite-cenbank-moves/ar-AAwIaCI,,EMERGING MARKETS - Argentina peso tumbles again despite cenbank moves,20180503T224500Z,,msn.com,English,United States,Argentina
https://www.reuters.com/article/emerging-markets-latam/emerging-markets-argentina-peso-tumbles-again-despite-cenbank-moves-idUSL1N1SA1YI,https://mobile.reuters.com/article/amp/idUSL1N1SA1YI,EMERGING MARKETS - Argentina peso tumbles again despite cenbank moves,20180503T221500Z,https://s4.reutersmedia.net/resources_v2/images/rcom-default.png,reuters.com,English,United States,Argentina
https://in.reuters.com/article/emerging-markets-latam/emerging-markets-argentina-peso-tumbles-again-despite-cenbank-moves-idINL1N1SA1YI,https://in.mobile.reuters.com/article/amp/idINL1N1SA1YI,EMERGING MARKETS - Argentina peso tumbles again despite cenbank moves,20180504T021500Z,https://s4.reutersmedia.net/resources_v2/images/rcom-default.png,in.reuters.com,English,United States,Argentina
http://www.bbc.com/news/business-44001450,https://www.bbc.com/news/amp/business-44001450,Argentina raises rates twice in a week,20180504T100000Z,https://ichef.bbci.co.uk/news/1024/branded_news/10F50/production/_101165496_gettyimages-501612114.jpg,bbc.com,English,United Kingdom,Argentina
http://www.bbc.co.uk/news/business-44001450,https://www.bbc.co.uk/news/amp/business-44001450,Argentina in big rate rise as peso slumps,20180504T073000Z,https://ichef-1.bbci.co.uk/news/1024/branded_news/10F50/production/_101165496_gettyimages-501612114.jpg,bbc.co.uk,English,United Kingdom,Argentina
https://www.seattletimes.com/business/battered-argentine-peso-rises-after-interest-rate-jump/,,Battered Argentine peso rises after interest rate jump,20180504T201500Z,https://static.seattletimes.com/wp-content/uploads/2018/05/2642f3c2f2604ea2a9f982746c9b4e0e-1200x630.jpg,seattletimes.com,English,United States,Argentina
https://www.reuters.com/article/emerging-markets-latam/emerging-markets-argentine-peso-rebounds-following-dramatic-rate-hike-idUSL1N1SB1OA,https://mobile.reuters.com/article/amp/idUSL1N1SB1OA,EMERGING MARKETS - Argentine peso rebounds following dramatic rate hike,20180504T233000Z,https://s4.reutersmedia.net/resources_v2/images/rcom-default.png,reuters.com,English,United States,Argentina
https://in.reuters.com/article/emerging-markets-latam/emerging-markets-argentine-peso-rebounds-following-dramatic-rate-hike-idINL1N1SB1OA,https://in.mobile.reuters.com/article/amp/idINL1N1SB1OA,EMERGING MARKETS - Argentine peso rebounds following dramatic rate hike,20180505T031500Z,https://s4.reutersmedia.net/resources_v2/images/rcom-default.png,in.reuters.com,English,United States,Argentina
https://uk.reuters.com/article/emerging-markets-latam/emerging-markets-argentine-peso-rebounds-following-dramatic-rate-hike-idUKL1N1SB1OA,https://uk.mobile.reuters.com/article/amp/idUKL1N1SB1OA,EMERGING MARKETS - Argentine peso rebounds following dramatic rate hike,20180504T234500Z,https://s4.reutersmedia.net/resources_v2/images/rcom-default.png,uk.reuters.com,English,United States,Argentina
http://www.latinfinance.com/daily-briefs/2018/5/16/investors-confident-macri-policies-can-overcome-peso-woes,,Investors confident Macri policies can overcome peso woes,20180515T234500Z,,latinfinance.com,English,Brazil,Argentina
http://www.heraldcourier.com/news/world/battered-argentine-peso-rises-after-interest-rate-jump/article_21a7c704-977c-5cf1-9db7-f29d1e3d9203.html,http://www.heraldcourier.com/news/world/battered-argentine-peso-rises-after-interest-rate-jump/article_21a7c704-977c-5cf1-9db7-f29d1e3d9203.amp.html,Battered Argentine peso rises after interest rate jump | World,20180504T211500Z,https://bloximages.newyork1.vip.townnews.com/heraldcourier.com/content/tncms/assets/v3/editorial/7/89/7895a00c-4d50-5c0e-99d1-750ee1fc5330/5aecc2109f6e7.image.jpg,heraldcourier.com,English,United States,Argentina
http://cumberlink.com/news/world/battered-argentine-peso-rises-after-interest-rate-jump/article_0147d0c0-1440-59d0-bb4a-afb21e08f9d3.html,http://cumberlink.com/news/world/battered-argentine-peso-rises-after-interest-rate-jump/article_0147d0c0-1440-59d0-bb4a-afb21e08f9d3.amp.html,Battered Argentine peso rises after interest rate jump | World,20180505T141500Z,https://bloximages.chicago2.vip.townnews.com/cumberlink.com/content/tncms/assets/v3/editorial/2/59/25994b16-1c51-5694-a9af-cd9160c75057/5aecbf4d1555f.image.jpg?crop=1789%2C1006%2C0%2C75,cumberlink.com,English,United States,Argentina
https://lancasteronline.com/news/world/battered-argentine-peso-rises-after-interest-rate-jump/article_3046638b-6fde-5abb-921a-0b49617dce9f.html,,Battered Argentine peso rises after interest rate jump | World,20180505T103000Z,https://bloximages.newyork1.vip.townnews.com/lancasteronline.com/content/tncms/assets/v3/editorial/e/35/e35430aa-ba98-5a79-9ba5-36c4fb6fb078/5aecc2b0bd18c.image.jpg,lancasteronline.com,English,United States,Argentina
http://www.newsbug.info/news/world/battered-argentine-peso-rises-after-interest-rate-jump/article_d14a76cb-a571-561f-acf2-eab0c00bf1e9.html,,Battered Argentine peso rises after interest rate jump | World,20180504T231500Z,https://bloximages.chicago2.vip.townnews.com/newsbug.info/content/tncms/custom/image/70b23e4a-4a9f-11e6-b38d-ab22b39bbc4f.png?_dc=1468595933,newsbug.info,English,United States,Argentina
http://tucson.com/news/world/battered-argentine-peso-rises-after-interest-rate-jump/article_223774cd-85ef-5ebc-80fa-95a1ba8d7e23.html,http://tucson.com/news/world/battered-argentine-peso-rises-after-interest-rate-jump/article_223774cd-85ef-5ebc-80fa-95a1ba8d7e23.amp.html,Battered Argentine peso rises after interest rate jump | AP World News,20180504T214500Z,https://bloximages.chicago2.vip.townnews.com/tucson.com/content/tncms/assets/v3/editorial/a/46/a469b807-43cc-5852-a19b-a960d765a0d4/5aecc3eaf0301.image.jpg?crop=1789%2C1006%2C0%2C75,tucson.com,English,United States,Argentina
http://www.bgdailynews.com/news/international/battered-argentine-peso-rises-after-interest-rate-jump/article_4e52d2e2-3720-5ebd-b52f-85fdfd5a82bd.html,,Battered Argentine peso rises after interest rate jump | International,20180504T214500Z,https://bloximages.chicago2.vip.townnews.com/bgdailynews.com/content/tncms/assets/v3/editorial/c/e7/ce734d73-444b-5f41-a8d9-2c6ae4431c1b/5aecc06f306c2.image.jpg,bgdailynews.com,English,United States,Argentina
http://markets.businessinsider.com/news/stocks/argentine-peso-soaring-after-central-bank-raises-rates-to-40-2018-5-1023396345,,The peso is soaring after Argentina central bank raises rates to 40 % ,20180504T160000Z,http://static5.businessinsider.com/image/5a982a8f5124c9eb17b13674-800/argentinas-macri-calls-for-labor-amnesty-defends-gradual-approach-2018-3.jpg,markets.businessinsider.com,English,United States,Argentina
http://www.businessinsider.com/argentine-peso-soaring-after-central-bank-raises-rates-to-40-2018-5,https://amp.businessinsider.com/argentine-peso-soaring-after-central-bank-raises-rates-to-40-2018-5,Argentine peso soaring after central bank raises rates to 40 % ,20180504T180000Z,https://amp.businessinsider.com/images/5aec790d19ee8641008b48c3-640-320.jpg,businessinsider.com,English,United States,Argentina
https://www.reuters.com/article/emerging-markets-latam/emerging-markets-argentine-peso-stocks-recover-after-lebac-note-auction-idUSL2N1SN13U,https://mobile.reuters.com/article/amp/idUSL2N1SN13U,"EMERGING MARKETS - Argentine peso , stocks recover after Lebac note auction",20180516T161500Z,https://s4.reutersmedia.net/resources_v2/images/rcom-default.png,reuters.com,English,United States,Argentina
https://in.reuters.com/article/emerging-markets-latam/emerging-markets-argentine-peso-hits-new-lows-as-central-bank-fails-to-calm-markets-idINL1N1SA1FS,https://in.mobile.reuters.com/article/amp/idINL1N1SA1FS,EMERGING MARKETS - Argentine peso hits new lows as central bank fails to calm markets,20180503T220000Z,https://s4.reutersmedia.net/resources_v2/images/rcom-default.png,in.reuters.com,English,United States,Argentina
http://www.latinfinance.com/web-articles/2018/5/higher-costs-await-argentine-corporates-as-peso-falls,,Higher costs await Argentine corporates as peso falls,20180515T140000Z,,latinfinance.com,English,Brazil,Argentina
http://www.latinfinance.com/daily-briefs/2018/5/4/argentine-issuers-retreat-amid-currency-scare,,Argentine issuers retreat amid currency scare,20180503T220000Z,,latinfinance.com,English,United States,Argentina
http://markets.businessinsider.com/currencies/news/argentine-peso-soaring-after-central-bank-raises-rates-to-40-2018-5-1023396345,,The peso is soaring after Argentina central bank raises rates to 40 % ,20180504T171500Z,http://static5.businessinsider.com/image/5a982a8f5124c9eb17b13674-800/argentinas-macri-calls-for-labor-amnesty-defends-gradual-approach-2018-3.jpg,markets.businessinsider.com,English,United States,Argentina
https://www.marketwatch.com/story/argentine-peso-hits-record-low-against-dollar-2018-05-11,https://www.marketwatch.com/amp/story/guid/E578FE32-7650-4740-AF31-70C30D67466C,Argentine peso hits record low against dollar,20180511T161500Z,,marketwatch.com,English,United States,Argentina
https://au.news.yahoo.com/argentina-raises-key-rate-40-pct-third-hike-163244921--spt.html,https://au.news.yahoo.com/amphtml/argentina-raises-key-rate-40-pct-third-hike-163244921--spt.html,Argentina raises key rate to 40 pct,20180504T180000Z,,au.news.yahoo.com,English,United States,Argentina
http://www.sunherald.com/news/business/article211290629.html,http://amp.sunherald.com/news/business/article211290629.html,Macri says Argentina currency crisis is over,20180516T224500Z,http://www.mcclatchy-wires.com/incoming/3j7l4q/picture211290604/alternates/LANDSCAPE_1140/Argentina_Economy_31382.jpg,sunherald.com,English,United States,Argentina
http://www.newsobserver.com/news/business/article211290629.html,http://amp.newsobserver.com/news/business/article211290629.html,Macri says Argentina currency crisis is over,20180516T224500Z,http://www.mcclatchy-wires.com/incoming/3j7l4q/picture211290604/alternates/LANDSCAPE_1140/Argentina_Economy_31382.jpg,newsobserver.com,English,United States,Argentina
http://www.kansas.com/news/business/article211290629.html,http://amp.kansas.com/news/business/article211290629.html,Macri says Argentina currency crisis is over,20180516T224500Z,http://www.mcclatchy-wires.com/incoming/3j7l4q/picture211290604/alternates/LANDSCAPE_1140/Argentina_Economy_31382.jpg,kansas.com,English,United States,Argentina
http://www.bradenton.com/news/business/article211290629.html,http://amp.bradenton.com/news/business/article211290629.html,Macri says Argentina currency crisis is over,20180516T224500Z,http://www.mcclatchy-wires.com/incoming/3j7l4q/picture211290604/alternates/LANDSCAPE_1140/Argentina_Economy_31382.jpg,bradenton.com,English,United States,Argentina
http://www.sanluisobispo.com/news/business/article211290629.html,http://amp.sanluisobispo.com/news/business/article211290629.html,Macri says Argentina currency crisis is over,20180516T224500Z,http://www.mcclatchy-wires.com/incoming/3j7l4q/picture211290604/alternates/LANDSCAPE_1140/Argentina_Economy_31382.jpg,sanluisobispo.com,English,United States,Argentina
http://www.thenewstribune.com/news/business/article211290629.html,http://amp.thenewstribune.com/news/business/article211290629.html,Macri says Argentina currency crisis is over,20180516T224500Z,http://www.mcclatchy-wires.com/incoming/3j7l4q/picture211290604/alternates/LANDSCAPE_1140/Argentina_Economy_31382.jpg,thenewstribune.com,English,United States,Argentina
http://www.kentucky.com/news/business/article211290629.html,http://amp.kentucky.com/news/business/article211290629.html,Macri says Argentina currency crisis is over,20180516T224500Z,http://www.mcclatchy-wires.com/incoming/3j7l4q/picture211290604/alternates/LANDSCAPE_1140/Argentina_Economy_31382.jpg,kentucky.com,English,United States,Argentina
https://www.cnbc.com/2018/05/03/reuters-america-update-3-argentina-central-bank-takes-aim-at-currency-with-new-rate-hike.html,//www.cnbc.com/amp/2018/05/03/reuters-america-update-3-argentina-central-bank-takes-aim-at-currency-with-new-rate-hike.html,UPDATE 3 - Argentina central bank takes aim at currency with new rate hike,20180503T194500Z,,cnbc.com,English,United States,Argentina
https://www.cnbc.com/2018/05/21/reuters-america-emerging-markets-brazil-real-surges-mexico-peso-slips-past-20dlr.html,//www.cnbc.com/amp/2018/05/21/reuters-america-emerging-markets-brazil-real-surges-mexico-peso-slips-past-20dlr.html,"EMERGING MARKETS - Brazil real surges , Mexico peso slips past 20 / dlr",20180521T214500Z,,cnbc.com,English,United States,Argentina
http://business.financialpost.com/pmn/business-pmn/macri-says-argentinas-currency-crisis-is-over,http://business.financialpost.com/pmn/business-pmn/macri-says-argentinas-currency-crisis-is-over/amp,Macri says Argentina s currency crisis is over,20180516T224500Z,,business.financialpost.com,English,Canada,Argentina
https://www.forbes.com/sites/kenrapoza/2018/05/03/it-might-be-time-to-get-out-of-argentina/,https://www.forbes.com/sites/kenrapoza/2018/05/03/it-might-be-time-to-get-out-of-argentina/amp/,It Might Be Time To Get Out Of Argentina,20180503T133000Z,https:///thumbnails/blog_1383/pt_1383_54875_o.jpg?t=1525352421,forbes.com,English,United States,Argentina
https://www.nzherald.co.nz/business/news/article.cfm?c_id=3&objectid=12045620,,Battered Argentine peso rises after interest rate jump,20180504T203000Z,,nzherald.co.nz,English,New Zealand,Argentina
http://www.elpasoinc.com/news/ap_wire/international/battered-argentine-peso-rises-after-interest-rate-jump/article_297e9dd0-eb34-5f7f-9cf4-e616ecf7d020.html,,Battered Argentine peso rises after interest rate jump | Ap Wire,20180505T010000Z,https://bloximages.newyork1.vip.townnews.com/elpasoinc.com/content/tncms/assets/v3/editorial/f/d1/fd197bea-6fd7-5efc-a525-54e2e50f88e1/5aecc1c7dcf9e.image.jpg,elpasoinc.com,English,United States,Argentina
http://www.theprogressnews.com/news/world/battered-argentine-peso-rises-after-interest-rate-jump/article_36d4d9ca-c38f-5233-b3bf-9d41d460d62b.html,,Battered Argentine peso rises after interest rate jump | World,20180504T233000Z,https://bloximages.chicago2.vip.townnews.com/theprogressnews.com/content/tncms/assets/v3/editorial/1/3f/13fd8685-8cdb-5d0f-b28c-8d126df3df75/5aecc149683da.image.jpg,theprogressnews.com,English,United States,Argentina
http://www.thecourierexpress.com/news/world/battered-argentine-peso-rises-after-interest-rate-jump/article_866afd71-8dd6-525b-aacf-4eca66000c13.html,,Battered Argentine peso rises after interest rate jump | World,20180505T030000Z,https://bloximages.chicago2.vip.townnews.com/thecourierexpress.com/content/tncms/assets/v3/editorial/0/dd/0ddb5197-28c8-5f6c-91f1-34b99fcf2eff/5aecc023e599b.image.jpg,thecourierexpress.com,English,United States,Argentina
https://in.reuters.com/article/emerging-markets-latam/emerging-markets-argentinas-peso-slides-again-central-bank-intervenes-idINL1N1SI12G,https://in.mobile.reuters.com/article/amp/idINL1N1SI12G,EMERGING MARKETS - Argentina peso slides again ; central bank intervenes,20180511T170000Z,https://s4.reutersmedia.net/resources_v2/images/rcom-default.png,in.reuters.com,English,United States,Argentina
https://www.reuters.com/article/emerging-markets-latam/emerging-markets-argentinas-peso-slides-again-central-bank-intervenes-idUSL1N1SI12G,https://mobile.reuters.com/article/amp/idUSL1N1SI12G,EMERGING MARKETS - Argentina peso slides again ; central bank intervenes,20180511T163000Z,https://s4.reutersmedia.net/resources_v2/images/rcom-default.png,reuters.com,English,United States,Argentina
https://uk.reuters.com/article/emerging-markets-latam/emerging-markets-argentinas-peso-slides-again-central-bank-intervenes-idUKL1N1SI12G,https://uk.mobile.reuters.com/article/amp/idUKL1N1SI12G,EMERGING MARKETS - Argentina peso slides again ; central bank intervenes,20180511T164500Z,https://s4.reutersmedia.net/resources_v2/images/rcom-default.png,uk.reuters.com,English,United States,Argentina
https://thedailycoin.org/2018/05/17/argentinas-crisis-gets-kicked-down-the-road-but-at-what-cost/,,"Argentina Crisis Gets Kicked Down the Road , but at What Cost ? ",20180517T133000Z,https://thedailycoin.org/wp-content/uploads/2016/07/chart-economy-collapse.jpg,thedailycoin.org,English,United States,Argentina
https://www.platts.com/latest-news/agriculture/buenosaires/argentina-raises-biodiesel-ethanol-prices-for-26967877,,"Argentina raises biodiesel , ethanol prices for refiners in June - Agriculture",20180601T161500Z,,platts.com,English,China,Argentina
https://www.marketwatch.com/story/argentina-may-be-headed-for-another-currency-crisis-2018-05-07,https://www.marketwatch.com/amp/story/guid/D69D6AA2-51FC-11E8-9CBF-9A2447CCDE36,Argentina may be headed for another currency crisis,20180507T201500Z,http://s.marketwatch.com/public/resources/MWimages/MW-GI685_argent_ZG_20180507134618.jpg,marketwatch.com,English,United States,Argentina
https://wtop.com/latin-america/2018/05/macri-says-argentinas-currency-crisis-is-over/,https://wtop.com/latin-america/2018/05/macri-says-argentinas-currency-crisis-is-over/amp/,Macri says Argentina currency crisis is over,20180516T224500Z,https://wtop.com/wp-content/uploads/2018/05/Argentina_Economy_31382.jpg,wtop.com,English,United States,Argentina
http://www.startribune.com/macri-says-argentina-s-currency-crisis-is-over/482851421/,http://m.startribune.com/macri-says-argentina-s-currency-crisis-is-over/482851421/,Macri says Argentina currency crisis is over,20180516T224500Z,,startribune.com,English,United States,Argentina
http://www.sharenet.co.za/news/Argentine_peso_stocks_recover_after_Lebac_note_auction/f4f89c1692cf07c8e4be331681e99b00,,"Argentine peso , stocks recover after Lebac note auction",20180516T164500Z,,sharenet.co.za,English,South Africa,Argentina
https://www.reuters.com/article/argentina-peso/update-4-argentine-peso-weakens-to-all-time-closing-low-vs-dollar-idUSL1N1SI0XE,https://mobile.reuters.com/article/amp/idUSL1N1SI0XE,UPDATE 4 - Argentine peso weakens to all - time closing low vs dollar,20180511T210000Z,https://s4.reutersmedia.net/resources_v2/images/rcom-default.png,reuters.com,English,United States,Argentina
https://uk.reuters.com/article/argentina-peso/update-4-argentine-peso-weakens-to-all-time-closing-low-vs-dollar-idUKL1N1SI0XE,https://uk.mobile.reuters.com/article/amp/idUKL1N1SI0XE,UPDATE 4 - Argentine peso weakens to all - time closing low vs dollar,20180511T210000Z,https://s4.reutersmedia.net/resources_v2/images/rcom-default.png,uk.reuters.com,English,United States,Argentina
https://www.reuters.com/article/argentina-peso/update-3-argentine-peso-weakens-to-all-time-closing-low-vs-dollar-idUSL1N1SI0XE,https://mobile.reuters.com/article/amp/idUSL1N1SI0XE,UPDATE 4 - Argentine peso weakens to all - time closing low vs dollar,20180511T210000Z,https://s4.reutersmedia.net/resources_v2/images/rcom-default.png,reuters.com,English,United States,Argentina
https://www.reuters.com/article/argentina-peso/update-3-argentine-peso-opens-6-22-pct-weaker-sets-new-record-low-traders-idUSL2N1SL0GW,https://mobile.reuters.com/article/amp/idUSL2N1SL0GW,"UPDATE 3 - Argentine peso opens 6 . 22 pct weaker , sets new record low - traders",20180514T151500Z,https://s4.reutersmedia.net/resources_v2/images/rcom-default.png,reuters.com,English,United States,Argentina
https://www.reuters.com/article/argentina-peso/refile-update-2-argentine-peso-weakens-1-12-percent-amid-regional-currency-selloff-idUSL2N1SP0NA,https://mobile.reuters.com/article/amp/idUSL2N1SP0NA,REFILE - UPDATE 2 - Argentine peso weakens 1 . 12 percent amid regional currency selloff,20180518T180000Z,https://s4.reutersmedia.net/resources_v2/images/rcom-default.png,reuters.com,English,United States,Argentina
https://www.reuters.com/article/argentina-peso/update-2-argentine-peso-weakens-1-12-amid-regional-currency-selloff-idUSL2N1SP0NA,https://mobile.reuters.com/article/amp/idUSL2N1SP0NA,UPDATE 2 - Argentine peso weakens 1 . 12 amid regional currency selloff,20180518T154500Z,https://s4.reutersmedia.net/resources_v2/images/rcom-default.png,reuters.com,English,United States,Argentina
https://in.reuters.com/article/argentina-peso/update-1-argentine-peso-opens-1-46-pct-weaker-at-24-7-to-the-u-s-dollar-idINL2N1SP0NA,https://in.mobile.reuters.com/article/amp/idINL2N1SP0NA,REFILE - UPDATE 2 - Argentine peso weakens 1 . 12 percent amid regional currency selloff,20180518T173000Z,https://s4.reutersmedia.net/resources_v2/images/rcom-default.png,in.reuters.com,English,United States,Argentina
https://uk.reuters.com/article/argentina-peso/refile-update-2-argentine-peso-weakens-112-percent-amid-regional-currency-selloff-idUKL2N1SP0NA,https://uk.mobile.reuters.com/article/amp/idUKL2N1SP0NA,REFILE - UPDATE 2 - Argentine peso weakens 1 . 12 percent amid regional currency selloff,20180518T224500Z,https://s4.reutersmedia.net/resources_v2/images/rcom-default.png,uk.reuters.com,English,United States,Argentina
https://in.reuters.com/article/argentina-peso/refile-update-2-argentine-peso-weakens-112-percent-amid-regional-currency-selloff-idINL2N1SP0NA,https://in.mobile.reuters.com/article/amp/idINL2N1SP0NA,REFILE - UPDATE 2 - Argentine peso weakens 1 . 12 percent amid regional currency selloff,20180519T220000Z,https://s4.reutersmedia.net/resources_v2/images/rcom-default.png,in.reuters.com,English,United States,Argentina
http://www.infosurhoy.com/cocoon/saii/xhtml/en_GB/news/emerging-markets-argentine-peso-hits-new-lows-as/,,EMERGING MARKETS - Argentine peso hits new lows as … ,20180505T191500Z,,infosurhoy.com,English,,Argentina
https://bravenewcoin.com/news/dont-cry-for-argentinas-peso-a-currency-on-the-brink/,,Dont cry for Argentina peso : A currency on the brink » Brave New Coin,20180515T074500Z,https://bravenewcoin.com/assets/Uploads/argentina-banner.jpg,bravenewcoin.com,English,United States,Argentina
http://www.sacbee.com/news/business/article211290629.html,http://amp.sacbee.com/news/business/article211290629.html,Macri says Argentina currency crisis is over,20180516T224500Z,http://www.mcclatchy-wires.com/incoming/3j7l4q/picture211290604/alternates/LANDSCAPE_1140/Argentina_Economy_31382.jpg,sacbee.com,English,United States,Argentina
http://www.theolympian.com/news/business/article211290629.html,http://amp.theolympian.com/news/business/article211290629.html,Macri says Argentina currency crisis is over,20180516T224500Z,http://www.mcclatchy-wires.com/incoming/3j7l4q/picture211290604/alternates/LANDSCAPE_1140/Argentina_Economy_31382.jpg,theolympian.com,English,United States,Argentina
http://mynorthwest.com/990581/macri-says-argentinas-currency-crisis-is-over/,http://mynorthwest.com/990581/macri-says-argentinas-currency-crisis-is-over/amp/,Macri says Argentina currency crisis is over,20180516T230000Z,http://mynorthwest.com/wp-content/uploads/2018/05/ap_9a3dfe459d3a44d885021a8bc893ce58.jpg,mynorthwest.com,English,United States,Argentina
https://abcnews.go.com/International/wireStory/battered-argentine-peso-rises-interest-rate-jump-54944533,httpss://abcnews.go.com/amp/International/wireStory/battered-argentine-peso-rises-interest-rate-jump-54944533,Battered Argentine peso rises after interest rate jump,20180504T214500Z,,abcnews.go.com,English,United States,Argentina
https://www.cfr.org/blog/argentina-sustainable-yes-adjustment-sustainable-high-probability,,"Argentina : Sustainable , Yes , with Adjustment . But Sustainable with A High Probability ? ",20180522T151500Z,https://cfrd8-files.cfr.org/sites/default/files/image/2018/05/arg-exports-v-current-account.png,cfr.org,English,United States,Argentina
https://www.nzherald.co.nz/world/news/article.cfm?c_id=2&objectid=12045620,,Battered Argentine peso rises after interest rate jump,20180504T210000Z,,nzherald.co.nz,English,New Zealand,Argentina
http://www.oleantimesherald.com/news/world/battered-argentine-peso-rises-after-interest-rate-jump/article_2a1e82e4-45b1-5eb9-b5dd-8d40755b7b73.html,,Battered Argentine peso rises after interest rate jump | World,20180504T203000Z,https://bloximages.chicago2.vip.townnews.com/oleantimesherald.com/content/tncms/assets/v3/editorial/6/51/651b35b5-f124-5adb-b142-d2c41059b9dd/5aecbd6b5e794.image.jpg,oleantimesherald.com,English,United States,Argentina
https://www.sfgate.com/news/article/Macri-says-Argentina-s-currency-crisis-is-over-12920458.php,https://www.sfgate.com/news/amp/Macri-says-Argentina-s-currency-crisis-is-over-12920458.php,Macri says Argentina currency crisis is over,20180516T224500Z,https://www.sfgate.com/img/pages/article/opengraph_default.png,sfgate.com,English,United States,Argentina
http://hosted2.ap.org/CAANR/0260ea4c3e85456b80715585ba3c7b5b/Article_2018-05-16-LT--Argentina-Economy/id-152bee16f9ef435e851b2d436c4fc145,,AP News : The Orange County Register,20180516T224500Z,,hosted2.ap.org,English,United States,Argentina
http://www.omaha.com/news/world/macri-says-argentina-s-currency-crisis-is-over/article_8a18aff9-e280-5f83-bbc4-d5a330de2423.html,,Macri says Argentina currency crisis is over | World,20180516T224500Z,https://bloximages.newyork1.vip.townnews.com/omaha.com/content/tncms/assets/v3/editorial/5/cc/5ccfe535-3d25-5312-a898-2fc1ed19d884/5afcae0736b96.image.jpg?crop=1549%2C1162%2C117%2C0,omaha.com,English,United States,Argentina
http://www.therepublic.com/2018/05/16/lt-argentina-economy-4/,,Macri says Argentina s currency crisis is over,20180516T224500Z,http://d1bdhkmqqz901h.cloudfront.net/1200x630/smart/http://s3.amazonaws.com/new-smedia/b071996c78c44d41a5fc81383c557c79/9a3dfe459d3a44d885021a8bc893ce58.jpg,therepublic.com,English,United States,Argentina
https://www.seattletimes.com/business/macri-says-argentinas-currency-crisis-is-over/,,Macri says Argentina s currency crisis is over,20180516T223000Z,https://static.seattletimes.com/wp-content/uploads/2018/05/9a3dfe459d3a44d885021a8bc893ce58-1200x630.jpg,seattletimes.com,English,United States,Argentina
http://www.france24.com/en/20180504-argentina-raises-key-rate-40-third-hike-week,http://m.france24.com/en/20180504-argentina-raises-key-rate-40-third-hike-week,Flash - Argentina raises key rate to 40 % -- in third hike in a week - France 24,20180504T150000Z,http://scd.france24.com/en/files/imagecache/home_1024/images/afp/797e4c34a4c477e16e1170bee562f095e429c8ec.jpg,france24.com,English,France,Argentina
https://sg.news.yahoo.com/argentina-raises-key-rate-40-third-hike-week-134533034.html,https://sg.news.yahoo.com/amphtml/argentina-raises-key-rate-40-third-hike-week-134533034.html,Argentina raises key rate to 40 % ,20180504T141500Z,,sg.news.yahoo.com,English,United States,Argentina
https://www.yahoo.com/news/argentina-raises-key-rate-40-third-hike-week-134533136.html,https://www.yahoo.com/amphtml/news/argentina-raises-key-rate-40-third-hike-week-134533136.html,Argentina raises key rate to 40 % ,20180504T141500Z,,yahoo.com,English,United States,Argentina
http://www.digitaljournal.com/news/world/argentina-raises-key-rate-to-40-in-third-hike-in-a-week/article/521384,,Argentina raises key rate to 40 % in third hike in a week,20180504T141500Z,http://www.digitaljournal.com/img/1/0/4/8/0/9/3/i/3/8/3/p-large/8f3528c5bb910202ede5241491d8061b13fb5c93.jpg,digitaljournal.com,English,United States,Argentina
https://uk.news.yahoo.com/argentina-raises-key-rate-40-third-hike-week-124533399.html,https://uk.news.yahoo.com/amphtml/argentina-raises-key-rate-40-third-hike-week-124533399.html,Argentina raises key rate to 40 % ,20180505T141500Z,,uk.news.yahoo.com,English,United States,Argentina
https://www.reuters.com/article/emerging-markets-latam/emerging-markets-argentina-stocks-jump-as-govt-seeks-imf-financing-idUSL1N1SG2C8,https://mobile.reuters.com/article/amp/idUSL1N1SG2C8,EMERGING MARKETS - Argentina stocks jump as govt seeks IMF financing,20180509T221500Z,https://s4.reutersmedia.net/resources_v2/images/rcom-default.png,reuters.com,English,United States,Argentina
https://uk.reuters.com/article/emerging-markets-latam/emerging-markets-argentina-stocks-jump-as-govt-seeks-imf-financing-idUKL1N1SG2C8,https://uk.mobile.reuters.com/article/amp/idUKL1N1SG2C8,EMERGING MARKETS - Argentina stocks jump as govt seeks IMF financing,20180510T003000Z,https://s4.reutersmedia.net/resources_v2/images/rcom-default.png,uk.reuters.com,English,United States,Argentina
https://in.reuters.com/article/argentina-peso/update-5-argentine-peso-weakens-to-all-time-closing-low-vs-dollar-idINL1N1SI0XE,https://in.mobile.reuters.com/article/amp/idINL1N1SI0XE,UPDATE 5 - Argentine peso weakens to all - time closing low vs dollar,20180513T180000Z,https://s4.reutersmedia.net/resources_v2/images/rcom-default.png,in.reuters.com,English,United States,Argentina
https://uk.reuters.com/article/argentina-peso/update-5-argentine-peso-weakens-to-all-time-closing-low-vs-dollar-idUKL1N1SI0XE,https://uk.mobile.reuters.com/article/amp/idUKL1N1SI0XE,UPDATE 5 - Argentine peso weakens to all - time closing low vs dollar,20180513T043000Z,https://s4.reutersmedia.net/resources_v2/images/rcom-default.png,uk.reuters.com,English,United States,Argentina
https://www.businessinsider.in/Interest-rates-in-Argentina-have-shot-up-to-33-25-and-could-go-higher/articleshow/64028287.cms,https://www.businessinsider.in/Interest-rates-in-Argentina-have-shot-up-to-33-25-and-could-go-higher/amp_articleshow/64028287.cms,Interest rates in Argentina have shot up to 33 . 25 % - and could go higher,20180504T114500Z,https://www.businessinsider.in/photo/64028287/Interest-rates-in-Argentina-have-shot-up-to-33-25-and-could-go-higher.jpg?66594,businessinsider.in,English,India,Argentina
https://www.msn.com/en-us/news/world/argentina-raises-key-rate-to-40-pct-in-third-hike-in-a-week/ar-AAwKLkn,,Argentina raises key rate to 40 pct,20180504T171500Z,,msn.com,English,United States,Argentina
https://www.marketwatch.com/story/argentina-refinances-billions-of-dollars-of-debt-2018-05-16,https://www.marketwatch.com/amp/story/guid/ACCD9CB1-6D05-4C62-B4A3-B13082C35DAB,Argentina refinances billions of dollars of debt,20180516T080000Z,,marketwatch.com,English,United States,Argentina
https://www.reuters.com/article/emerging-markets-latam/emerging-markets-mexico-peso-weakens-on-nafta-argentine-peso-hits-new-low-idUSL5N1SL8E2,https://mobile.reuters.com/article/amp/idUSL5N1SL8E2,"EMERGING MARKETS - Mexico peso weakens on NAFTA , Argentine peso hits new low",20180514T231500Z,https://s4.reutersmedia.net/resources_v2/images/rcom-default.png,reuters.com,English,United States,Argentina
https://www.msn.com/en-us/news/world/argentina-raises-key-rate-to-40-25-in-third-hike-in-a-week/ar-AAwK9A1,,Argentina raises key rate to 40 % ,20180504T143000Z,,msn.com,English,United States,Argentina
https://www.reuters.com/article/argentina-peso/update-4-argentina-peso-closes-higher-for-the-first-time-in-seven-sessions-idUSL2N1SM195,https://mobile.reuters.com/article/amp/idUSL2N1SM195,UPDATE 4 - Argentina peso closes higher for the first time in seven sessions,20180515T191500Z,https://s4.reutersmedia.net/resources_v2/images/rcom-default.png,reuters.com,English,United States,Argentina
http://www.4-traders.com/news/Argentina-Rolls-Over-Debt-Giving-Government-Shot-of-Confidence--26592987/,http://www.4-traders.com/amp/news/Argentina-Rolls-Over-Debt-Giving-Government-Shot-of-Confidence--26592987/,"Argentina Rolls Over Debt , Giving Government Shot of Confidence",20180516T010000Z,,4-traders.com,English,United States,Argentina
https://www.reuters.com/article/argentina-peso/update-1-argentine-central-bank-intervention-leads-to-rise-in-peso-idUSL2N1SM195,https://mobile.reuters.com/article/amp/idUSL2N1SM195,UPDATE 3 - Argentina peso jumps 4 pct after central bank offers intervention,20180515T184500Z,https://s4.reutersmedia.net/resources_v2/images/rcom-default.png,reuters.com,English,United States,Argentina
https://www.reuters.com/article/argentina-peso/update-3-argentina-peso-jumps-4-pct-after-central-bank-offers-intervention-idUSL2N1SM195,https://mobile.reuters.com/article/amp/idUSL2N1SM195,UPDATE 3 - Argentina peso jumps 4 pct after central bank offers intervention,20180515T184500Z,https://s4.reutersmedia.net/resources_v2/images/rcom-default.png,reuters.com,English,United States,Argentina
https://www.wsj.com/articles/argentine-markets-tumble-as-emergency-rate-rises-jolt-investors-1525375850,https://www.wsj.com/amp/articles/argentine-markets-tumble-as-emergency-rate-rises-jolt-investors-1525375850,Argentine Markets Tumble as Emergency Rate Rises Jolt Investors,20180504T021500Z,https://images.wsj.net/im-9294/social,wsj.com,English,United States,Argentina
http://www.dailymail.co.uk/wires/ap/article-5738097/Macri-says-Argentinas-currency-crisis-over.html,http://www.dailymail.co.uk/wires/ap/article-5738097/amp/Macri-says-Argentinas-currency-crisis-over.html,Macri says Argentina currency crisis is over,20180516T230000Z,http://i.dailymail.co.uk/1/2018/05/16/23/wire-2986906-1526509240-10_636x382.jpg,dailymail.co.uk,English,United Kingdom,Argentina
https://in.reuters.com/article/argentina-rates/update-1-argentine-central-bank-holds-key-rate-unchanged-at-40-pct-idINL2N1ST1XY,https://in.mobile.reuters.com/article/amp/idINL2N1ST1XY,"UPDATE 2 - Argentina keeps hawkish inflation stance , policy rate unchanged",20180523T064500Z,https://s4.reutersmedia.net/resources_v2/images/rcom-default.png,in.reuters.com,English,United States,Argentina
https://www.reuters.com/article/argentina-rates/update-2-argentina-keeps-hawkish-inflation-stance-policy-rate-unchanged-idUSL2N1ST1XY,https://mobile.reuters.com/article/amp/idUSL2N1ST1XY,"UPDATE 2 - Argentina keeps hawkish inflation stance , policy rate unchanged",20180522T231500Z,https://s4.reutersmedia.net/resources_v2/images/rcom-default.png,reuters.com,English,United States,Argentina
https://uk.reuters.com/article/argentina-rates/update-2-argentina-keeps-hawkish-inflation-stance-policy-rate-unchanged-idUKL2N1ST1XY,https://uk.mobile.reuters.com/article/amp/idUKL2N1ST1XY,"UPDATE 2 - Argentina keeps hawkish inflation stance , policy rate unchanged",20180523T040000Z,https://s4.reutersmedia.net/resources_v2/images/rcom-default.png,uk.reuters.com,English,United States,Argentina
https://www.reuters.com/article/argentina-rates/update-2-argentina-keeps-hawkish-inflation-stance-policy-rate-unchanged-idUKL2N1ST1XY,https://mobile.reuters.com/article/amp/idUKL2N1ST1XY,"UPDATE 2 - Argentina keeps hawkish inflation stance , policy rate unchanged",20180523T164500Z,https://s4.reutersmedia.net/resources_v2/images/rcom-default.png,reuters.com,English,United States,Argentina
https://www.wsj.com/articles/argentina-rolls-over-debt-giving-government-shot-of-confidence-1526429386,https://www.wsj.com/amp/articles/argentina-rolls-over-debt-giving-government-shot-of-confidence-1526429386,"Argentina Rolls Over Debt , Giving Government Shot of Confidence",20180516T004500Z,https://images.wsj.net/im-10752/social,wsj.com,English,United States,Argentina
http://en.mercopress.com/2018/05/05/argentina-hikes-benchmark-rate-to-40-easing-pressure-on-the-peso-but-not-on-inflation,,"Argentina hikes benchmark rate to 40 %, easing pressure on the Peso but not on inflation MercoPress",20180505T081500Z,http://en.mercopress.com/data/cache/noticias/63925/600x315/bca.jpg,en.mercopress.com,English,Argentina,Argentina
http://www.sharenet.co.za/news/Brazil_stocks_dip_NAFTA_talks_boost_Mexico_peso/10a7e3cee03096726feace298ed82543,,"Brazil stocks dip , NAFTA talks boost Mexico peso",20180523T223000Z,,sharenet.co.za,English,South Africa,Argentina
https://uk.reuters.com/article/emerging-markets-latam/emerging-markets-latam-markets-sink-on-global-uncertainty-petrobras-shares-slide-idUKL2N1SV1XT,https://uk.mobile.reuters.com/article/amp/idUKL2N1SV1XT,"EMERGING MARKETS - Latam markets sink on global uncertainty , Petrobras shares slide",20180524T221500Z,https://s4.reutersmedia.net/resources_v2/images/rcom-default.png,uk.reuters.com,English,United States,Argentina
http://the-japan-news.com/news/article/0004439835,,Argentine peso falls to record low,20180515T123000Z,,the-japan-news.com,English,Japan,Argentina
https://www.economist.com/news/finance-economics/21741631-huge-interest-rate-hike-has-arrested-run-argentine-peso-economic-growth,,"Calm , at a high cost",20180504T204500Z,https://cdn.static-economist.com/sites/default/files/images/2018/05/articles/main/20180505_blp905.jpg,economist.com,English,United States,Argentina
http://tucson.com/news/world/macri-says-argentina-s-currency-crisis-is-over/article_fa760789-179f-5e47-9545-d69a1dfa38f5.html,http://tucson.com/news/world/macri-says-argentina-s-currency-crisis-is-over/article_fa760789-179f-5e47-9545-d69a1dfa38f5.amp.html,Macri says Argentina currency crisis is over | AP World News,20180516T233000Z,https://bloximages.chicago2.vip.townnews.com/tucson.com/content/tncms/assets/v3/editorial/9/81/981a85f7-cab5-5f28-8828-c9124c2f4bea/5afcb5f154de5.image.jpg?crop=1784%2C1004%2C0%2C79,tucson.com,English,United States,Argentina
https://www.nzherald.co.nz/business/news/article.cfm?c_id=3&objectid=12053190,,Macri says Argentina currency crisis is over,20180516T224500Z,,nzherald.co.nz,English,New Zealand,Argentina
http://www.newsadvance.com/news/world/wire/macri-says-argentina-s-currency-crisis-is-over/article_81bb01f4-6457-50e5-bbdd-12b987d546a7.html,http://www.newsadvance.com/news/world/wire/macri-says-argentina-s-currency-crisis-is-over/article_81bb01f4-6457-50e5-bbdd-12b987d546a7.amp.html,Macri says Argentina currency crisis is over | World News,20180516T224500Z,https://bloximages.newyork1.vip.townnews.com/newsadvance.com/content/tncms/assets/v3/editorial/c/3d/c3d0c8aa-43f2-5df4-9477-1411c60591b9/5afcadec335b3.image.jpg,newsadvance.com,English,United States,Argentina
https://www.voanews.com/a/macri-says-argentina-s-currency-crisis-is-over/4397210.html,https://www.voanews.com/amp/4397210.html,"Argentina Currency Crisis Over , Macri says",20180517T004500Z,https://gdb.voanews.com/8DE37DE8-6546-43C7-B037-A5B3785C3046_cx0_cy2_cw0_w1200_r1_s.jpg,voanews.com,English,United States,Argentina
https://www.cnbc.com/2018/05/14/reuters-america-emerging-markets-brazil-real-weakens-on-election-jitters-latam-currencies-down.html,//www.cnbc.com/amp/2018/05/14/reuters-america-emerging-markets-brazil-real-weakens-on-election-jitters-latam-currencies-down.html,EMERGING MARKETS - Brazil real weakens on election jitters ; LatAm currencies down,20180514T171500Z,,cnbc.com,English,United States,Argentina
https://www.reuters.com/article/emerging-markets-latam/emerging-markets-brazil-real-weakens-on-election-jitters-latam-currencies-down-idUSL2N1SL0XS,https://mobile.reuters.com/article/amp/idUSL2N1SL0XS,EMERGING MARKETS - Brazil real weakens on election jitters ; LatAm currencies down,20180514T170000Z,https://s4.reutersmedia.net/resources_v2/images/rcom-default.png,reuters.com,English,United States,Argentina
https://finance.yahoo.com/news/emerging-markets-brazil-real-weakens-162300822.html,https://www.yahoo.com/amphtml/finance/news/emerging-markets-brazil-real-weakens-162300822.html,EMERGING MARKETS - Brazil real weakens on election jitters ; LatAm currencies down,20180514T221500Z,,finance.yahoo.com,English,United States,Argentina
https://www.forexlive.com/centralbank/!/argentina-central-bank-you-call-that-a-hike-this-is-a-hike-20180504,,"Argentina central bank : You call that a hike , this is a hike",20180504T133000Z,,forexlive.com,English,Greece,Argentina
https://www.reuters.com/article/emerging-markets-latam/emerging-markets-mexico-peso-hits-15-mth-low-as-trump-trade-dispute-hurts-nafta-hopes-idUSL2N1T220E,https://mobile.reuters.com/article/amp/idUSL2N1T220E,EMERGING MARKETS - Mexico peso hits 15 - mth low as Trump trade dispute hurts NAFTA hopes,20180531T231500Z,https://s4.reutersmedia.net/resources_v2/images/rcom-default.png,reuters.com,English,United States,Argentina
http://www.sharenet.co.za/news/Argentinas_peso_slides_again_central_bank_intervenes/1ff7f2684a2ef696f1627f87b8f8e406,,Argentina peso slides again ; central bank intervenes,20180511T170000Z,,sharenet.co.za,English,South Africa,Argentina
https://www.reuters.com/article/argentina-peso/argentina-peso-opens-weaker-at-24-50-per-dollar-idUSC0N1OX003,https://mobile.reuters.com/article/amp/idUSC0N1OX003,Argentina peso opens weaker at 24 . 50 per dollar,20180516T141500Z,https://s4.reutersmedia.net/resources_v2/images/rcom-default.png,reuters.com,English,United States,Argentina
https://www.reuters.com/article/argentina-peso/argentina-peso-opens-weaker-at-2450-per-dollar-idUSC0N1OX003,https://mobile.reuters.com/article/amp/idUSC0N1OX003,Argentina peso opens weaker at 24 . 50 per dollar,20180516T220000Z,https://s4.reutersmedia.net/resources_v2/images/rcom-default.png,reuters.com,English,United States,Argentina
https://www.cnbc.com/2018/05/04/reuters-america-emerging-markets-argentine-peso-rebounds-following-dramatic-rate-hike.html,//www.cnbc.com/amp/2018/05/04/reuters-america-emerging-markets-argentine-peso-rebounds-following-dramatic-rate-hike.html,EMERGING MARKETS - Argentine peso rebounds following dramatic rate hike,20180504T163000Z,,cnbc.com,English,United States,Argentina
https://latinnews.com/item/76210-in-brief-uruguay.html,,In brief : Uruguay,20180515T124500Z,,latinnews.com,English,United States,Argentina
https://www.latinnews.com/item/76210-in-brief-uruguay.html,,In brief : Uruguay,20180515T104500Z,,latinnews.com,English,United States,Argentina
http://slinkingtowardretirement.com/?p=286642,,Argentina raises interest rates to 40 % – BBC News – Slinking Toward Retirement,20180506T014500Z,http://slinkingtowardretirement.com/wp-content/uploads/2018/05/101165502_argtousd-nc.png,slinkingtowardretirement.com,English,United States,Argentina
https://in.reuters.com/article/emerging-markets-latam/emerging-markets-argentina-peso-hits-record-low-central-bank-intervenes-idINL1N1SI1VP,https://in.mobile.reuters.com/article/amp/idINL1N1SI1VP,EMERGING MARKETS - Argentina peso hits record low ; central bank intervenes,20180513T180000Z,https://s4.reutersmedia.net/resources_v2/images/rcom-default.png,in.reuters.com,English,United States,Argentina
https://au.news.yahoo.com/argentina-seeks-imf-financing-macri-170609572--spt.html,https://au.news.yahoo.com/amphtml/argentina-seeks-imf-financing-macri-170609572--spt.html,Argentina seeks IMF financing : Macri,20180509T050000Z,,au.news.yahoo.com,English,United States,Argentina
https://www.bangkokpost.com/news/world/1460933/argentina-seeks-imf-financing-macri,,Argentina seeks IMF financing : Macri,20180508T200000Z,https://www.bangkokpost.com/media/content/20180509/2757898.jpg,bangkokpost.com,English,Thailand,Argentina
https://www.businesslive.co.za/bd/world/americas/2018-05-03-argentina-hikes-interest-rate-again-to-save-swooning-peso/,https://www.businesslive.co.za/amp/bd/world/americas/2018-05-03-argentina-hikes-interest-rate-again-to-save-swooning-peso/,Argentina hikes interest rate again to save swooning peso,20180503T220000Z,https://lh3.googleusercontent.com/dUNa0PS2SRu7ZMp2WR0t8LMPlfNMkNuWE1LlPgTDmdYquLXls8uSmvqXAFdCwRArIGygisxMXR4jG_4mS2rYLeJgaTz13PwL=s1000,businesslive.co.za,English,,Argentina
https://www.cnbc.com/2018/05/08/argentinas-peso-bounces-on-report-country-is-negotiating-imf-loan.html,//www.cnbc.com/amp/2018/05/08/argentinas-peso-bounces-on-report-country-is-negotiating-imf-loan.html,Argentina peso bounces on report country is negotiating IMF loan,20180508T190000Z,https://fm.cnbc.com/applications/cnbc.com/resources/img/editorial/2018/05/08/105193223-GettyImages-955684388.1910x1000.jpg,cnbc.com,English,United States,Argentina
https://www.reuters.com/article/argentina-peso/update-5-argentine-peso-weakens-to-all-time-closing-low-vs-dollar-idUSL1N1SI0XE,https://mobile.reuters.com/article/amp/idUSL1N1SI0XE,UPDATE 5 - Argentine peso weakens to all - time closing low vs dollar,20180511T233000Z,https://s4.reutersmedia.net/resources_v2/images/rcom-default.png,reuters.com,English,United States,Argentina
https://uk.reuters.com/article/argentina-peso/update-1-argentina-central-bank-sells-reserves-as-peso-resumes-slide-idUKL1N1SI0XE,https://uk.mobile.reuters.com/article/amp/idUKL1N1SI0XE,UPDATE 5 - Argentine peso weakens to all - time closing low vs dollar,20180512T154500Z,https://s4.reutersmedia.net/resources_v2/images/rcom-default.png,uk.reuters.com,English,United States,Argentina
https://www.reuters.com/article/emerging-markets-latam/emerging-markets-argentina-seeks-imf-deal-as-peso-hits-record-low-amid-iran-fallout-idUSL1N1SF26I,https://mobile.reuters.com/article/amp/idUSL1N1SF26I,EMERGING MARKETS - Argentina seeks IMF deal as peso hits record low amid Iran fallout,20180509T084500Z,https://s4.reutersmedia.net/resources_v2/images/rcom-default.png,reuters.com,English,United States,Argentina
https://in.reuters.com/article/emerging-markets-latam/emerging-markets-argentina-seeks-imf-deal-as-peso-hits-record-low-amid-iran-fallout-idINL1N1SF26I,https://in.mobile.reuters.com/article/amp/idINL1N1SF26I,EMERGING MARKETS - Argentina seeks IMF deal as peso hits record low amid Iran fallout,20180510T081500Z,https://s4.reutersmedia.net/resources_v2/images/rcom-default.png,in.reuters.com,English,United States,Argentina
https://www.reuters.com/article/argentina-peso/update-1-argentine-peso-opens-1-46-pct-weaker-at-24-7-to-the-u-s-dollar-idUSL2N1SP0NA,https://mobile.reuters.com/article/amp/idUSL2N1SP0NA,UPDATE 1 - Argentine peso opens 1 . 46 pct weaker at 24 . 7 to the U . S . dollar,20180518T140000Z,https://s4.reutersmedia.net/resources_v2/images/rcom-default.png,reuters.com,English,United States,Argentina
http://nordic.businessinsider.com/interest-rates-in-argentina-have-shot-up-to-3325-2018-5/,,Interest rates in Argentina have shot up to 33 . 25 % and could go higher,20180504T100000Z,https://nordic.businessinsider.com/contentassets/3995fa085592426384c46ce4b9211635/5aec200419ee8641008b487d.png?preset=article-image,nordic.businessinsider.com,English,United States,Argentina
http://www.businessinsider.com/interest-rates-in-argentina-have-shot-up-to-3325-2018-5,https://amp.businessinsider.com/interest-rates-in-argentina-have-shot-up-to-3325-2018-5,Interest rates in Argentina have shot up to 33 . 25 % ,20180504T100000Z,https://amp.businessinsider.com/images/5aec200419ee8641008b487d-640-320.jpg,businessinsider.com,English,United States,Argentina
http://en.mercopress.com/2018/05/24/dollar-peso-challenge-argentina-offers-to-swap-one-month-lebacs-for-long-term-papers,,Dollar / Peso challenge : Argentina offers to swap one - month Lebacs for long term papers MercoPress,20180524T094500Z,http://en.mercopress.com/data/cache/noticias/64260/600x315/sturzenegger.jpg,en.mercopress.com,English,Argentina,Argentina
https://www.investing.com/news/economy-news/argentina-peso-closes-higher-but-inflation-soars-to-255-percent-1448951,https://m.investing.com/news/economy-news/argentina-peso-closes-higher-but-inflation-soars-to-255-percent-1448951?ampMode=1,Argentina peso closes higher but inflation soars to 25 . 5 percent By Reuters,20180515T223000Z,https://i-invdn-com.akamaized.net/trkd-images/LYNXNPEE4E1WS_L.jpg,investing.com,English,United States,Argentina
http://www.thestandard.com.hk/breaking-news.php?id=107604,,"Peso troubles over , says Argentina leader",20180517T091500Z,,thestandard.com.hk,English,Hong Kong,Argentina
http://www.thecourierexpress.com/news/world/macri-says-argentina-s-currency-crisis-is-over/article_7a6b390e-21be-555d-a9be-b9b5af27838d.html,,Macri says Argentina currency crisis is over | World,20180516T231500Z,https://bloximages.chicago2.vip.townnews.com/thecourierexpress.com/content/tncms/assets/v3/editorial/8/bd/8bdce27c-4433-5cc1-9fdc-adc6b50b2660/5afcade90ed8d.image.jpg,thecourierexpress.com,English,United States,Argentina
http://www.theprogressnews.com/news/world/macri-says-argentina-s-currency-crisis-is-over/article_4f6ad3cf-f6bd-521d-8ae9-d8914f29ad17.html,,Macri says Argentina currency crisis is over | World,20180516T231500Z,https://bloximages.chicago2.vip.townnews.com/theprogressnews.com/content/tncms/assets/v3/editorial/d/43/d435c618-0b3d-5176-9a64-21b038e8e76a/5afcae4daf767.image.jpg,theprogressnews.com,English,United States,Argentina
https://www.nzherald.co.nz/world/news/article.cfm?c_id=2&objectid=12053190,,Macri says Argentina currency crisis is over,20180516T230000Z,,nzherald.co.nz,English,New Zealand,Argentina
http://www.elpasoinc.com/news/ap_wire/international/macri-says-argentina-s-currency-crisis-is-over/article_57c96f50-b9a2-5087-b1be-194f160f25a0.html,,Macri says Argentina currency crisis is over | Ap Wire,20180517T020000Z,https://bloximages.newyork1.vip.townnews.com/elpasoinc.com/content/tncms/assets/v3/editorial/d/74/d741276a-b608-56e5-b1bb-a6e41c6b32a3/5afcadce92599.image.jpg,elpasoinc.com,English,United States,Argentina
http://www.oleantimesherald.com/news/world/macri-says-argentina-s-currency-crisis-is-over/article_92ad8cc3-f4ad-5981-b793-cc4655bf9ba7.html,,Macri says Argentina currency crisis is over | World,20180517T001500Z,https://bloximages.chicago2.vip.townnews.com/oleantimesherald.com/content/tncms/assets/v3/editorial/0/a7/0a71d4bb-0c14-5852-9a17-b520886381b3/5afcb26d33b78.image.jpg,oleantimesherald.com,English,United States,Argentina
http://www.sharenet.co.za/news/Latam_markets_sink_on_global_uncertainty_Petrobras_shares_slide/21b6f51f3f9312931eaf0177dc97796e,,"Latam markets sink on global uncertainty , Petrobras shares slide",20180524T230000Z,,sharenet.co.za,English,South Africa,Argentina
http://www.sharenet.co.za/news/Brazils_real_reverses_slide_after_central_bank_boosts_swaps/6b35e56520bf8d543e577897804a5906,,Brazil real reverses slide after central bank boosts swaps,20180521T170000Z,,sharenet.co.za,English,South Africa,Argentina
https://www.cnbc.com/2018/05/16/reuters-america-emerging-markets-argentine-stocks-climb-after-lebac-note-auction.html,//www.cnbc.com/amp/2018/05/16/reuters-america-emerging-markets-argentine-stocks-climb-after-lebac-note-auction.html,EMERGING MARKETS - Argentine stocks climb after Lebac note auction,20180516T224500Z,,cnbc.com,English,United States,Argentina
http://www.dw.com/en/argentina-hikes-interest-rate-to-40-percent-to-avoid-new-meltdown/a-43663063,http://amp.dw.com/en/argentina-hikes-interest-rate-to-40-percent-to-avoid-new-meltdown/a-43663063,Argentina hikes interest rate to 40 percent to avoid new meltdown | News | DW,20180504T234500Z,http://www.dw.com/image/17386097_304.jpg,dw.com,English,Germany,Argentina
https://www.reuters.com/article/emerging-markets-latam/emerging-markets-argentina-stocks-jump-as-govt-seeks-imf-financing-idUSL1N1SG1BI,https://mobile.reuters.com/article/amp/idUSL1N1SG1BI,EMERGING MARKETS - Argentina stocks jump as govt seeks IMF financing,20180509T164500Z,https://s4.reutersmedia.net/resources_v2/images/rcom-default.png,reuters.com,English,United States,Argentina
https://uk.reuters.com/article/emerging-markets-latam/emerging-markets-argentina-stocks-jump-as-govt-seeks-imf-financing-idUKL1N1SG1BI,https://uk.mobile.reuters.com/article/amp/idUKL1N1SG1BI,EMERGING MARKETS - Argentina stocks jump as govt seeks IMF financing,20180509T171500Z,https://s4.reutersmedia.net/resources_v2/images/rcom-default.png,uk.reuters.com,English,United States,Argentina
https://in.reuters.com/article/emerging-markets-latam/emerging-markets-argentina-stocks-jump-as-govt-seeks-imf-financing-idINL1N1SG1BI,https://in.mobile.reuters.com/article/amp/idINL1N1SG1BI,EMERGING MARKETS - Argentina stocks jump as govt seeks IMF financing,20180509T224500Z,https://s4.reutersmedia.net/resources_v2/images/rcom-default.png,in.reuters.com,English,United States,Argentina
http://www.njherald.com/article/20180504/AP/305049730,,Battered Argentine peso rises after interest rate jump - New Jersey Herald,20180506T060000Z,http://www.njherald.com/apps/pbcsi.dll/storyimage/NH/20180504/AP/305049730/AR/0/AR-305049730.jpg,njherald.com,English,United States,Argentina
https://citizentruth.org/argentina-turns-to-imf-as-peso-plummets-despite-bad-history/,https://citizentruth.org/argentina-turns-to-imf-as-peso-plummets-despite-bad-history/amp/,"Argentina Turns To IMF As Peso Plummets , Despite Bad History",20180514T141500Z,https://citizentruth.org/wp-content/uploads/2018/05/argentina-3001464_1280.jpg,citizentruth.org,English,,Argentina
https://www.reuters.com/article/uk-argentina-peso/argentina-peso-closes-higher-but-inflation-soars-to-255-percent-idUSKCN1IG30P,https://mobile.reuters.com/article/amp/idUSKCN1IG30P,Argentina peso closes higher but inflation soars to 25 . 5 percent,20180515T214500Z,https://s3.reutersmedia.net/resources/r/?m=02&d=20180515&t=2&i=1262386568&r=LYNXNPEE4E1NJ,reuters.com,English,United States,Argentina
https://uk.reuters.com/article/argentina-peso/update-3-argentina-peso-jumps-4-pct-after-central-bank-offers-intervention-idUKL2N1SM195,https://uk.mobile.reuters.com/article/amp/idUKL2N1SM195,UPDATE 4 - Argentina peso closes higher for the first time in seven sessions,20180515T214500Z,https://s4.reutersmedia.net/resources_v2/images/rcom-default.png,uk.reuters.com,English,United States,Argentina
https://uk.reuters.com/article/uk-argentina-peso/argentina-peso-closes-higher-but-inflation-soars-to-255-percent-idUKKCN1IG30P,https://uk.mobile.reuters.com/article/amp/idUKKCN1IG30P,Argentina peso closes higher but inflation soars to 25 . 5 percent,20180515T214500Z,https://s3.reutersmedia.net/resources/r/?m=02&d=20180515&t=2&i=1262386568&r=LYNXNPEE4E1NJ,uk.reuters.com,English,United States,Argentina
https://www.reuters.com/article/argentina-peso/update-2-argentine-central-bank-intervention-leads-to-rise-in-peso-idUSL2N1SM195,https://mobile.reuters.com/article/amp/idUSL2N1SM195,UPDATE 4 - Argentina peso closes higher for the first time in seven sessions,20180515T214500Z,https://s4.reutersmedia.net/resources_v2/images/rcom-default.png,reuters.com,English,United States,Argentina
https://www.reuters.com/article/uk-argentina-peso/argentina-peso-closes-higher-but-inflation-soars-to-25-5-percent-idUSKCN1IG30P,https://mobile.reuters.com/article/amp/idUSKCN1IG30P,Argentina peso closes higher but inflation soars to 25 . 5 percent,20180515T204500Z,https://s3.reutersmedia.net/resources/r/?m=02&d=20180515&t=2&i=1262386568&r=LYNXNPEE4E1NJ,reuters.com,English,United States,Argentina
https://www.bloombergquint.com/global-economics/2018/05/04/argentine-central-bank-raises-key-7-day-repo-rate-to-40-00,/global-economics/2018/05/04/argentine-central-bank-raises-key-7-day-repo-rate-to-40-00.amp,Argentina Steps Up Fight To Defend Peso With Third Hike In Week,20180505T141500Z,https://images.assettype.com/bloombergquint/2018-05/e60c4e89-0365-4516-b668-7b165af2904b/m775765.jpg,bloombergquint.com,English,,Argentina
https://www.businessinsider.sg/interest-rates-in-argentina-have-shot-up-to-3325-2018-5/,https://www.businessinsider.sg/interest-rates-in-argentina-have-shot-up-to-3325-2018-5/amp/,"Argentina raised interest rates for the second time in 24 hours - to 40 %, Business Insider",20180504T213000Z,https://static.businessinsider.sg/sites/2/2018/05/5aec200419ee8641008b487d.png,businessinsider.sg,English,,Argentina
https://www.bangkokpost.com/news/world/1465202/argentine-peso-takes-fresh-hit-amid-uncertainty,,Argentine peso takes fresh hit amid uncertainty,20180514T193000Z,https://www.bangkokpost.com/media/content/20180515/2767438.jpg,bangkokpost.com,English,Thailand,Argentina
http://www.sharenet.co.za/news/Argentina_succeeds_in_stabilizing_peso_ahead_of_IMF_meeting_analysts_say/f5f195fbb640c23580fe72327a73cf69,,"Argentina succeeds in stabilizing peso ahead of IMF meeting , analysts say",20180517T221500Z,,sharenet.co.za,English,South Africa,Argentina
http://www.latinfinance.com/web-articles/2018/5/argentina-schedules-talks-with-imf-over-credit-line,,Argentina schedules talks with IMF over credit line,20180508T201500Z,,latinfinance.com,English,United States,Argentina
https://www.cnbc.com/2018/05/03/reuters-america-emerging-markets-argentina-peso-tumbles-again-despite-cenbank-moves.html,//www.cnbc.com/amp/2018/05/03/reuters-america-emerging-markets-argentina-peso-tumbles-again-despite-cenbank-moves.html,EMERGING MARKETS - Argentina peso tumbles again despite cenbank moves,20180503T224500Z,,cnbc.com,English,United States,Argentina
https://www.journalducameroun.com/en/argentina-raises-key-rate-to-40-in-third-hike-in-a-week/,,Argentina raises key rate to 40 % - in third hike in a week,20180504T141500Z,https://www.journalducameroun.com/en/wp-content/uploads/2018/05/15254420441525-600x400.jpg,journalducameroun.com,English,Cameroon,Argentina
http://www.businessghana.com/site/news/business/164405/Argentina-raises-rates-twice-in-a-week,,Argentina raises interest rates to 40 % - BusinessGhana News,20180506T103000Z,,businessghana.com,English,Ghana,Argentina
https://www.thehour.com/technology/businessinsider/article/Interest-rates-in-Argentina-have-shot-up-to-12887266.php,,Interest rates in Argentina have shot up to 33 . 25 % and could go higher,20180504T123000Z,https://www.thehour.com/img/pages/article/opengraph_default.jpg,thehour.com,English,United States,Argentina
https://www.newstimes.com/technology/businessinsider/article/Interest-rates-in-Argentina-have-shot-up-to-12887266.php,https://m.newstimes.com/technology/businessinsider/article/Interest-rates-in-Argentina-have-shot-up-to-12887266.php,Interest rates in Argentina have shot up to 33 . 25 % and could go higher,20180504T123000Z,https://www.newstimes.com/img/pages/article/opengraph_default.jpg,newstimes.com,English,United States,Argentina
https://www.sfgate.com/technology/businessinsider/article/Interest-rates-in-Argentina-have-shot-up-to-12887266.php,https://m.sfgate.com/technology/businessinsider/article/Interest-rates-in-Argentina-have-shot-up-to-12887266.php,Interest rates in Argentina have shot up to 33 . 25 % and could go higher,20180504T141500Z,https://www.sfgate.com/img/pages/article/opengraph_default.png,sfgate.com,English,United States,Argentina
https://www.stamfordadvocate.com/technology/businessinsider/article/Interest-rates-in-Argentina-have-shot-up-to-12887266.php,https://m.stamfordadvocate.com/technology/businessinsider/article/Interest-rates-in-Argentina-have-shot-up-to-12887266.php,Interest rates in Argentina have shot up to 33 . 25 % and could go higher,20180504T141500Z,https://www.stamfordadvocate.com/img/pages/article/opengraph_default.jpg,stamfordadvocate.com,English,United States,Argentina
https://www.mysanantonio.com/technology/businessinsider/article/Interest-rates-in-Argentina-have-shot-up-to-12887266.php,https://m.mysanantonio.com/technology/businessinsider/article/Interest-rates-in-Argentina-have-shot-up-to-12887266.php,Interest rates in Argentina have shot up to 33 . 25 % and could go higher,20180504T141500Z,https://www.mysanantonio.com/img/pages/article/opengraph_default.jpg,mysanantonio.com,English,United States,Argentina
https://www.registercitizen.com/technology/businessinsider/article/Interest-rates-in-Argentina-have-shot-up-to-12887266.php,,Interest rates in Argentina have shot up to 33 . 25 % and could go higher,20180504T141500Z,https://www.registercitizen.com/img/pages/article/opengraph_default.jpg,registercitizen.com,English,United States,Argentina
https://www.nhregister.com/technology/businessinsider/article/Interest-rates-in-Argentina-have-shot-up-to-12887266.php,,Interest rates in Argentina have shot up to 33 . 25 % and could go higher,20180504T141500Z,https://www.nhregister.com/img/pages/article/opengraph_default.jpg,nhregister.com,English,United States,Argentina
https://www.afp.com/en/news/23/argentina-seeks-imf-financing-macri-doc-14n6346,,Argentina seeks IMF financing : Macri,20180508T183000Z,,afp.com,English,United States,Argentina
https://uk.reuters.com/article/emerging-markets-latam/emerging-markets-argentina-peso-hits-record-low-central-bank-intervenes-idUKL1N1SI1VP,https://uk.mobile.reuters.com/article/amp/idUKL1N1SI1VP,EMERGING MARKETS - Argentina peso hits record low ; central bank intervenes,20180511T233000Z,https://s4.reutersmedia.net/resources_v2/images/rcom-default.png,uk.reuters.com,English,United States,Argentina
https://www.reuters.com/article/emerging-markets-latam/emerging-markets-argentina-peso-hits-record-low-central-bank-intervenes-idUSL1N1SI1VP,https://mobile.reuters.com/article/amp/idUSL1N1SI1VP,EMERGING MARKETS - Argentina peso hits record low ; central bank intervenes,20180511T214500Z,https://s4.reutersmedia.net/resources_v2/images/rcom-default.png,reuters.com,English,United States,Argentina
https://www.reuters.com/article/emerging-markets-latam/emerging-markets-argentine-peso-hits-all-time-low-as-iran-woes-add-to-sell-off-idUSL1N1SF147,https://mobile.reuters.com/article/amp/idUSL1N1SF147,EMERGING MARKETS - Argentine peso hits all - time low as Iran woes add to sell - off,20180508T161500Z,https://s4.reutersmedia.net/resources_v2/images/rcom-default.png,reuters.com,English,United States,Argentina
http://www.sharenet.co.za/news/Mexico_peso_weakens_on_NAFTA_Argentine_peso_hits_new_low/2a3d36f7888fa7b74de4d4e7e9b417c3,,"Mexico peso weakens on NAFTA , Argentine peso hits new low",20180514T233000Z,,sharenet.co.za,English,South Africa,Argentina
http://www.4-traders.com/news/Argentine-Markets-Tumble-as-Emergency-Rate-Rises-Jolt-Investors--26487394/,http://www.4-traders.com/amp/news/Argentine-Markets-Tumble-as-Emergency-Rate-Rises-Jolt-Investors--26487394/,Argentine Markets Tumble as Emergency Rate Rises Jolt Investors,20180503T201500Z,,4-traders.com,English,United States,Argentina
http://www.france24.com/en/20180504-argentina-raises-key-rate-40-pct-third-hike-week,http://m.france24.com/en/20180504-argentina-raises-key-rate-40-pct-third-hike-week,Flash - Argentina raises key rate to 40 pct -- in third hike in a week - France 24,20180504T191500Z,http://scd.france24.com/en/files/imagecache/home_1024/images/afp/544dd852d64d5427a7112fb9e39afb2bc5999b2d.jpg,france24.com,English,France,Argentina
https://www.yahoo.com/news/argentina-raises-key-rate-40-pct-third-hike-163244891.html,https://www.yahoo.com/amphtml/news/argentina-raises-key-rate-40-pct-third-hike-163244891.html,Argentina raises key rate to 40 pct,20180504T180000Z,,yahoo.com,English,United States,Argentina
https://sg.news.yahoo.com/argentina-raises-key-rate-40-pct-third-hike-163244810.html,https://sg.news.yahoo.com/amphtml/argentina-raises-key-rate-40-pct-third-hike-163244810.html,Argentina raises key rate to 40 pct,20180504T180000Z,,sg.news.yahoo.com,English,United States,Argentina
http://www.digitaljournal.com/news/world/argentina-raises-key-rate-to-40-pct-in-third-hike-in-a-week/article/521390,,Argentina raises key rate to 40 pct,20180504T170000Z,http://www.digitaljournal.com/img/1/0/4/8/0/9/3/i/3/8/3/p-large/bf6000e092301ecedf46dbdbfd77bd0b02550f74.jpg,digitaljournal.com,English,United States,Argentina
https://uk.news.yahoo.com/argentina-raises-key-rate-40-pct-third-hike-153244404.html,https://uk.news.yahoo.com/amphtml/argentina-raises-key-rate-40-pct-third-hike-153244404.html,Argentina raises key rate to 40 pct,20180505T133000Z,,uk.news.yahoo.com,English,United States,Argentina
https://www.reuters.com/article/emerging-markets-latam/emerging-markets-argentine-stocks-climb-after-lebac-note-auction-idUSL5N1SN7GY,https://mobile.reuters.com/article/amp/idUSL5N1SN7GY,EMERGING MARKETS - Argentine stocks climb after Lebac note auction,20180516T223000Z,https://s4.reutersmedia.net/resources_v2/images/rcom-default.png,reuters.com,English,United States,Argentina
http://www.sharenet.co.za/news/Argentina_peso_closes_higher_for_the_first_time_in_seven_sessions/30d466d00cc2778d3f83b355343bdd46,,Argentina peso closes higher for the first time in seven sessions,20180515T190000Z,,sharenet.co.za,English,South Africa,Argentina
https://uk.reuters.com/article/uk-argentina-peso/imf-says-supports-argentina-floating-exchange-rate-as-peso-tumbles-idUKKCN1IF2SN,https://uk.mobile.reuters.com/article/amp/idUKKCN1IF2SN,IMF says supports Argentina floating exchange rate as peso tumbles,20180514T210000Z,https://s4.reutersmedia.net/resources/r/?m=02&d=20180514&t=2&i=1262030518&r=LYNXNPEE4D1IU,uk.reuters.com,English,United States,Argentina
https://www.reuters.com/article/uk-argentina-peso/imf-says-supports-argentina-floating-exchange-rate-as-peso-tumbles-idUSKCN1IF2SN,https://mobile.reuters.com/article/amp/idUSKCN1IF2SN,IMF says supports Argentina floating exchange rate as peso tumbles,20180514T210000Z,https://s4.reutersmedia.net/resources/r/?m=02&d=20180514&t=2&i=1262030518&r=LYNXNPEE4D1IU,reuters.com,English,United States,Argentina
http://www.4-traders.com/news/IMF-says-supports-Argentina-floating-exchange-rate-as-peso-tumbles--26582430/,http://www.4-traders.com/amp/news/IMF-says-supports-Argentina-floating-exchange-rate-as-peso-tumbles--26582430/,IMF says supports Argentina floating exchange rate as peso tumbles,20180514T203000Z,https://img.zonebourse.com/reuters/2018-05-14T200417Z_1_LYNXNPEE4D1IU_RTROPTP_3_ARGENTINA-PESO.JPG,4-traders.com,English,United States,Argentina
https://www.bloomberg.com/news/articles/2018-05-04/argentine-central-bank-raises-key-7-day-repo-rate-to-40-00,https://www.bloomberg.com/amp/news/articles/2018-05-04/argentine-central-bank-raises-key-7-day-repo-rate-to-40-00,Argentina Steps Up Fight to Defend Peso With Thirsd Hike in Week,20180504T131500Z,https://assets.bwbx.io/images/users/iqjWHBFdfxIU/iYZoGHEGAlgw/v0/1200x800.jpg,bloomberg.com,English,United States,Argentina
http://the-japan-news.com/news/article/0004419201,,Argentina raises key rate to 40 % ,20180505T141500Z,,the-japan-news.com,English,Japan,Argentina
https://www.bloomberg.com/news/articles/2018-05-11/argentine-peso-s-wild-ride-is-getting-even-wilder,https://www.bloomberg.com/amp/news/articles/2018-05-11/argentine-peso-s-wild-ride-is-getting-even-wilder,Argentine Peso Wild Ride Is Getting Even Wilder,20180511T203000Z,https://assets.bwbx.io/images/users/iqjWHBFdfxIU/iuoZ518P5n8g/v0/1200x900.jpg,bloomberg.com,English,United States,Argentina
http://www.sharenet.co.za/news/IMF_says_supports_Argentina_floating_exchange_rate_as_peso_tumbles/6f80d4a91712899f024cb49acc117f64,,IMF says supports Argentina floating exchange rate as peso tumbles,20180514T204500Z,,sharenet.co.za,English,South Africa,Argentina
https://in.reuters.com/article/us-argentina-peso/argentina-peso-closes-higher-but-inflation-soars-to-25-5-percent-idINKCN1IG3CW,https://in.mobile.reuters.com/article/amp/idINKCN1IG3CW,Argentina peso closes higher but inflation soars to 25 . 5 percent,20180515T234500Z,https://s4.reutersmedia.net/resources/r/?m=02&d=20180515&t=2&i=1262430912&r=LYNXNPEE4E1WS,in.reuters.com,English,United States,Argentina
http://www.xinhuanet.com/english/2018-05/15/c_137179189.htm,,Moody warns of  structural weaknesses  in Argentinean economy - Xinhua,20180515T011500Z,,xinhuanet.com,English,China,Argentina
https://finance.yahoo.com/news/emerging-markets-brazil-currency-boosted-213630330.html,https://www.yahoo.com/amphtml/finance/news/emerging-markets-brazil-currency-boosted-213630330.html,"EMERGING MARKETS - Brazil currency boosted by rate view , Latam FX gains",20180523T003000Z,,finance.yahoo.com,English,United States,Argentina
https://www.reuters.com/article/emerging-markets-latam/emerging-markets-brazil-currency-boosted-by-rate-view-latam-fx-gains-idUSL2N1ST1R8,https://mobile.reuters.com/article/amp/idUSL2N1ST1R8,"EMERGING MARKETS - Brazil currency boosted by rate view , Latam FX gains",20180522T221500Z,https://s4.reutersmedia.net/resources_v2/images/rcom-default.png,reuters.com,English,United States,Argentina
https://uk.investing.com/news/forex-news/argentine-peso-falls-to-record-for-second-day-after-imf-accord-1210676,https://m.uk.investing.com/news/forex-news/argentine-peso-falls-to-record-for-second-day-after-imf-accord-1210676?ampMode=1,Argentine Peso Falls to Record for Second Day After IMF Accord By Bloomberg,20180611T211500Z,https://i-invdn-com.akamaized.net/news/LYNXMPEB59082_L.jpg,uk.investing.com,English,United States,Argentina
https://www.bloomberg.com/news/articles/2018-06-11/argentine-peso-falls-to-record-for-second-day-after-imf-accord,https://www.bloomberg.com/amp/news/articles/2018-06-11/argentine-peso-falls-to-record-for-second-day-after-imf-accord,Argentine Peso Falls to Record for Second Day After IMF Accord,20180611T224500Z,https://assets.bwbx.io/images/users/iqjWHBFdfxIU/ikzH9PUAS8Z8/v0/1200x800.jpg,bloomberg.com,English,United States,Argentina
https://wolfstreet.com/2018/06/14/seems-impossible-but-argentinas-peso-was-able-to-collapse-further-despite-50-bn-imf-bailout/,,"Seems Impossible , but Argentina Peso Was Able to Collapse even Further Despite $50 Billion IMF Bailout",20180615T031500Z,https://wolfstreet.com/wp-content/uploads/2018/06/Emerging-market-Argentina-ARS-2018-06-14.png,wolfstreet.com,English,Spain,Argentina
http://www.investmentwatchblog.com/seems-impossible-but-argentinas-peso-was-able-to-collapse-even-further-despite-50-billion-imf-bailout/,,"Seems Impossible , but Argentina Peso Was Able to Collapse even Further Despite $50 Billion IMF Bailout – Investment Watch Blog",20180615T203000Z,,investmentwatchblog.com,English,United States,Argentina
https://www.platts.com/latest-news/agriculture/buenosaires/argentina-raises-biodiesel-ethanol-prices-for-26967877,,"Argentina raises biodiesel , ethanol prices for refiners in June - Agriculture",20180601T161500Z,,platts.com,English,China,Argentina
http://www.xinhuanet.com/english/2018-06/15/c_137256080.htm,,Argentine central bank chief resigns amid plunging peso - Xinhua,20180615T073000Z,,xinhuanet.com,English,China,Argentina
http://brudirect.com/news.php?id=48726,,Argentine Peso Falls To Record For Second Day After IMF Accord,20180612T024500Z,,brudirect.com,English,Brunei,Argentina
http://www.businessinsider.com/argentina-has-shanghaied-the-imf-once-again-2018-6,https://amp.businessinsider.com/argentina-has-shanghaied-the-imf-once-again-2018-6,Argentina has shanghaied the IMF once again,20180616T174500Z,https://amp.businessinsider.com/images/5b1a8c681ae6621c008b4f60-1920-960.jpg,businessinsider.com,English,United States,Argentina
https://seekingalpha.com/article/4182094-simple-fix-argentinas-peso,https://seekingalpha.com/amp/article/4182094-simple-fix-argentinas-peso,A Simple Fix For Argentina Peso,20180616T154500Z,https://static.seekingalpha.com/uploads/2018/6/16/saupload_Arg_2Bpeso_2Bvs_2Badjusted.jpg,seekingalpha.com,English,United States,Argentina
https://www.proshareng.com/news/Global-Market-/Argentina--Waiting-on-the-Fringes/40333,,Argentina : Waiting on the Fringes,20180611T184500Z,,proshareng.com,English,Nigeria,Argentina
https://www.reuters.com/article/emerging-markets-latam/emerging-markets-mexico-interest-rate-hike-nudges-peso-msci-nod-lifts-argentina-stocks-idUSL1N1TN1PF,https://mobile.reuters.com/article/amp/idUSL1N1TN1PF,"EMERGING MARKETS - Mexico interest rate hike nudges peso , MSCI nod lifts Argentina stocks",20180621T211500Z,https://s4.reutersmedia.net/resources_v2/images/rcom-default.png,reuters.com,English,United States,Argentina
https://article.wn.com/view/2018/06/19/update_5argentina_peso_firms_stocks_fall_after_central_bank_/,,"UPDATE 5 - Argentina peso firms , stocks fall after central bank action",20180619T041500Z,http://cdn3.wn.com/o25/ph/img/e6/73/938cebb622cb506bae03c3b89406-grande.jpg,article.wn.com,English,United States,Argentina
https://uk.reuters.com/article/emerging-markets-latam/emerging-markets-mexico-interest-rate-hike-nudges-peso-msci-nod-lifts-argentina-stocks-idUKL1N1TN1PF,https://uk.mobile.reuters.com/article/amp/idUKL1N1TN1PF,"EMERGING MARKETS - Mexico interest rate hike nudges peso , MSCI nod lifts Argentina stocks",20180622T160000Z,https://s4.reutersmedia.net/resources_v2/images/rcom-default.png,uk.reuters.com,English,United States,Argentina
https://www.cnbc.com/2018/06/21/reuters-america-emerging-markets-mexico-interest-rate-hike-nudges-peso-msci-nod-lifts-argentina-stocks.html,//www.cnbc.com/amp/2018/06/21/reuters-america-emerging-markets-mexico-interest-rate-hike-nudges-peso-msci-nod-lifts-argentina-stocks.html,"EMERGING MARKETS - Mexico interest rate hike nudges peso , MSCI nod lifts Argentina stocks",20180622T023000Z,,cnbc.com,English,United States,Argentina
https://www.bloomberg.com/news/articles/2018-06-14/argentine-peso-tumbles-to-new-low-on-central-bank-speculation,https://www.bloomberg.com/amp/news/articles/2018-06-14/argentine-peso-tumbles-to-new-low-on-central-bank-speculation,Argentine Peso Tumbles to New Low,20180614T170000Z,https://assets.bwbx.io/images/users/iqjWHBFdfxIU/i0EGjUVDYQoA/v0/1200x675.png,bloomberg.com,English,United States,Argentina
https://www.forbes.com/sites/kenrapoza/2018/06/08/the-imf-deal-wont-save-argentinas-peso/,https://www.forbes.com/sites/kenrapoza/2018/06/08/the-imf-deal-wont-save-argentinas-peso/amp/,The IMF Deal Wont Save Argentina Peso,20180608T163000Z,https://specials-images.forbesimg.com/dam/imageserve/51423260/640x434.jpg?fit=scale,forbes.com,English,United States,Argentina
https://www.reuters.com/article/argentina-cenbank-peso/argentina-peso-firms-as-central-bank-returns-to-market-idUSL1N1TE1ID,https://mobile.reuters.com/article/amp/idUSL1N1TE1ID,Argentina peso firms as central bank returns to market,20180613T021500Z,https://s4.reutersmedia.net/resources_v2/images/rcom-default.png,reuters.com,English,United States,Argentina
https://www.cnbc.com/2018/06/20/reuters-america-emerging-markets-brazil-real-sinks-mexico-peso-up-on-cenbank-bets.html,//www.cnbc.com/amp/2018/06/20/reuters-america-emerging-markets-brazil-real-sinks-mexico-peso-up-on-cenbank-bets.html,"EMERGING MARKETS - Brazil real sinks , Mexico peso up on cenbank bets",20180621T084500Z,,cnbc.com,English,United States,Argentina
https://www.reuters.com/article/emerging-markets-latam/emerging-markets-brazil-real-sinks-mexico-peso-up-on-cenbank-bets-idUSL1N1TM1R0,https://mobile.reuters.com/article/amp/idUSL1N1TM1R0,"EMERGING MARKETS - Brazil real sinks , Mexico peso up on cenbank bets",20180620T213000Z,https://s4.reutersmedia.net/resources_v2/images/rcom-default.png,reuters.com,English,United States,Argentina
https://finance.yahoo.com/news/emerging-markets-brazil-real-sinks-205547480.html,https://www.yahoo.com/amphtml/finance/news/emerging-markets-brazil-real-sinks-205547480.html,"EMERGING MARKETS - Brazil real sinks , Mexico peso up on cenbank bets",20180620T233000Z,,finance.yahoo.com,English,United States,Argentina
https://www.investopedia.com/terms/forex/a/ars-argentinian-nuevo-peso.asp,,ARS ( Argentinian Nuevo peso ) ,20180627T214500Z,https://i.investopedia.com/inv/genericcontentimages/forex/148963534.jpg,investopedia.com,English,United States,Argentina
http://markets.businessinsider.com/news/stocks/argentina-peso-soaring-amid-unusual-central-bank-shake-up-2018-6-1027111028,,The Argentine peso is soaring amid an unusual central - bank shake - up,20180615T151500Z,http://static4.businessinsider.com/image/5b23c8811ae66221008b51ca-2400/ap16365589294412.jpg,markets.businessinsider.com,English,United States,Argentina
https://in.reuters.com/article/emerging-markets-latam/emerging-markets-argentina-peso-firms-on-central-bank-moves-latam-stocks-fall-idINL1N1TK1OG,https://in.mobile.reuters.com/article/amp/idINL1N1TK1OG,"EMERGING MARKETS - Argentina peso firms on central bank moves , Latam stocks fall",20180619T040000Z,https://s4.reutersmedia.net/resources_v2/images/rcom-default.png,in.reuters.com,English,United States,Argentina
https://www.reuters.com/article/emerging-markets-latam/emerging-markets-argentina-peso-firms-on-central-bank-moves-latam-stocks-fall-idUSL1N1TK1OG,https://mobile.reuters.com/article/amp/idUSL1N1TK1OG,"EMERGING MARKETS - Argentina peso firms on central bank moves , Latam stocks fall",20180618T224500Z,https://s4.reutersmedia.net/resources_v2/images/rcom-default.png,reuters.com,English,United States,Argentina
https://www.reuters.com/article/emerging-markets-latam/emerging-markets-latam-currencies-ease-on-lingering-trade-concerns-idUSL1N1TT24V,https://mobile.reuters.com/article/amp/idUSL1N1TT24V,EMERGING MARKETS - Latam currencies ease on lingering trade concerns,20180627T224500Z,https://s4.reutersmedia.net/resources_v2/images/rcom-default.png,reuters.com,English,United States,Argentina
https://www.reuters.com/article/emerging-markets-latam/emerging-markets-argentina-peso-resumes-slide-other-latam-equities-rise-idUSL1N1TV1QT,https://mobile.reuters.com/article/amp/idUSL1N1TV1QT,"EMERGING MARKETS - Argentina peso resumes slide , other Latam equities rise",20180629T211500Z,https://s4.reutersmedia.net/resources_v2/images/rcom-default.png,reuters.com,English,United States,Argentina
https://www.msn.com/en-us/finance/markets/the-argentine-peso-is-soaring-amid-an-unusual-central-bank-shake-up/ar-AAyHuLK,,The Argentine peso is soaring amid an unusual central - bank shake - up,20180615T151500Z,,msn.com,English,United States,Argentina
https://www.reuters.com/article/argentina-cenbank-peso/update-1-argentina-peso-firms-as-central-bank-returns-to-market-idUSL1N1TE1TM,https://mobile.reuters.com/article/amp/idUSL1N1TE1TM,"UPDATE 3 - Argentina peso firms as central bank sells dollars , holds rate",20180613T151500Z,https://s4.reutersmedia.net/resources_v2/images/rcom-default.png,reuters.com,English,United States,Argentina
https://uk.reuters.com/article/argentina-cenbank-peso/argentina-peso-firms-as-central-bank-returns-to-market-idUKL1N1TE1ID,https://uk.mobile.reuters.com/article/amp/idUKL1N1TE1ID,Argentina peso firms as central bank returns to market,20180613T031500Z,https://s4.reutersmedia.net/resources_v2/images/rcom-default.png,uk.reuters.com,English,United States,Argentina
https://uk.reuters.com/article/argentina-cenbank-peso-idUKL1N1TE1TM,https://uk.mobile.reuters.com/article/amp/idUKL1N1TE1TM,UPDATE 1 - Argentina peso firms as central bank returns to market,20180612T211500Z,https://s4.reutersmedia.net/resources_v2/images/rcom-default.png,uk.reuters.com,English,United States,Argentina
https://www.reuters.com/article/argentina-cenbank-peso/update-3-argentinas-peso-firms-as-central-bank-sells-dollars-holds-rate-idUSL1N1TE1TM,https://mobile.reuters.com/article/amp/idUSL1N1TE1TM,"UPDATE 3 - Argentina peso firms as central bank sells dollars , holds rate",20180613T074500Z,https://s4.reutersmedia.net/resources_v2/images/rcom-default.png,reuters.com,English,United States,Argentina
https://in.reuters.com/article/argentina-cenbank-peso/update-1-argentina-peso-firms-as-central-bank-returns-to-market-idINL1N1TE1TM,https://in.mobile.reuters.com/article/amp/idINL1N1TE1TM,"UPDATE 3 - Argentina peso firms as central bank sells dollars , holds rate",20180613T021500Z,https://s4.reutersmedia.net/resources_v2/images/rcom-default.png,in.reuters.com,English,United States,Argentina
https://uk.reuters.com/article/argentina-cenbank-peso-idUKL1N1TE1ID,https://uk.mobile.reuters.com/article/amp/idUKL1N1TE1ID,Argentina peso firms as central bank returns to market,20180612T191500Z,https://s4.reutersmedia.net/resources_v2/images/rcom-default.png,uk.reuters.com,English,United States,Argentina
https://www.reuters.com/article/argentina-cenbank-peso/update-2-argentinas-peso-firms-as-central-bank-sells-dollars-holds-rate-idUSL1N1TE1TM,https://mobile.reuters.com/article/amp/idUSL1N1TE1TM,"UPDATE 3 - Argentina peso firms as central bank sells dollars , holds rate",20180613T113000Z,https://s4.reutersmedia.net/resources_v2/images/rcom-default.png,reuters.com,English,United States,Argentina
http://davidstockmanscontracorner.com/argentina-peso-50-billion-imf-bailout-and-still-plunging/,,Contra Corner » Argentina Peso - $50 Billion IMF Bailout And Still Plunging,20180615T134500Z,,davidstockmanscontracorner.com,English,United States,Argentina
https://uk.reuters.com/article/emerging-markets-latam/emerging-markets-argentina-peso-firms-on-central-bank-moves-latam-stocks-fall-idUKL1N1TK1OG,https://uk.mobile.reuters.com/article/amp/idUKL1N1TK1OG,"EMERGING MARKETS - Argentina peso firms on central bank moves , Latam stocks fall",20180619T001500Z,https://s4.reutersmedia.net/resources_v2/images/rcom-default.png,uk.reuters.com,English,United States,Argentina
https://www.cnbc.com/2018/06/22/reuters-america-emerging-markets-mexico-peso-jumps-on-oil-brazil-stocks-edge-up.html,//www.cnbc.com/amp/2018/06/22/reuters-america-emerging-markets-mexico-peso-jumps-on-oil-brazil-stocks-edge-up.html,"EMERGING MARKETS - Mexico peso jumps on oil , Brazil stocks edge up",20180623T010000Z,,cnbc.com,English,United States,Argentina
https://www.reuters.com/article/emerging-markets-latam/emerging-markets-mexico-peso-jumps-on-oil-brazil-stocks-edge-up-idUSL1N1TO1GE,https://mobile.reuters.com/article/amp/idUSL1N1TO1GE,"EMERGING MARKETS - Mexico peso jumps on oil , Brazil stocks edge up",20180622T230000Z,https://s4.reutersmedia.net/resources_v2/images/rcom-default.png,reuters.com,English,United States,Argentina
https://www.reuters.com/article/emerging-markets-latam/emerging-markets-mexico-peso-jumps-on-oil-brazil-stocks-edge-up-idUKL1N1TO1GE,https://mobile.reuters.com/article/amp/idUKL1N1TO1GE,"EMERGING MARKETS - Mexico peso jumps on oil , Brazil stocks edge up",20180623T121500Z,https://s4.reutersmedia.net/resources_v2/images/rcom-default.png,reuters.com,English,United States,Argentina
https://finance.yahoo.com/news/emerging-markets-argentina-peso-resumes-201214293.html,https://www.yahoo.com/amphtml/finance/news/emerging-markets-argentina-peso-resumes-201214293.html,"EMERGING MARKETS - Argentina peso resumes slide , other Latam equities rise",20180701T071500Z,,finance.yahoo.com,English,United States,Argentina
http://santiagotimes.cl/2018/06/12/argentine-peso-hits-record-low-against-us-dollar/,,Argentine peso hits record low against US dollar – The Santiago Times,20180613T113000Z,,santiagotimes.cl,English,Chile,Argentina
https://www.reuters.com/article/emerging-markets-latam/emerging-markets-pre-fed-jitters-local-political-worries-drag-on-bovespa-idUSL1N1TF0Y6,https://mobile.reuters.com/article/amp/idUSL1N1TF0Y6,"EMERGING MARKETS - Pre - Fed jitters , local political worries drag on Bovespa",20180613T160000Z,https://s4.reutersmedia.net/resources_v2/images/rcom-default.png,reuters.com,English,United States,Argentina
http://www.sharenet.co.za/news/Argentina_peso_resumes_slide_other_Latam_equities_rise/093042591dff6afb988b4b7e962d15b2,,"Argentina peso resumes slide , other Latam equities rise",20180629T214500Z,,sharenet.co.za,English,South Africa,Argentina
https://www.forbes.com/sites/kenrapoza/2018/06/21/believe-it-or-not-market-increasingly-likes-argentina-imf-reboot/,https://www.forbes.com/sites/kenrapoza/2018/06/21/believe-it-or-not-market-increasingly-likes-argentina-imf-reboot/amp/,"Believe It Or Not , Market Increasingly Likes Argentina - IMF Reboot",20180621T171500Z,https://specials-images.forbesimg.com/dam/imageserve/970456056/640x434.jpg?fit=scale,forbes.com,English,United States,Argentina
https://www.bloomberg.com/news/articles/2018-06-14/argentina-got-a-50-billion-loan-and-peso-is-in-free-fall-anyway,https://www.bloomberg.com/amp/news/articles/2018-06-14/argentina-got-a-50-billion-loan-and-peso-is-in-free-fall-anyway,Argentina Got a $50 Billion Loan and Peso Is in Free Fall Anyway,20180614T230000Z,https://assets.bwbx.io/images/users/iqjWHBFdfxIU/iRXliFckM4jc/v0/1200x805.jpg,bloomberg.com,English,United States,Argentina
http://www.china.org.cn/world/Off_the_Wire/2018-06/16/content_52359957.htm,,Interview : Trust in central bank crucial to halt Argentina currency volatility,20180616T031500Z,,china.org.cn,English,China,Argentina
http://www.xinhuanet.com/english/2018-06/12/c_137248169.htm,,Argentine peso hits record low against U . S . dollar - Xinhua,20180612T033000Z,,xinhuanet.com,English,China,Argentina
https://www.reuters.com/article/argentina-cenbank/update-1-argentina-central-bank-boosts-dollar-sales-as-peso-slides-idUSL1N1TU1HC,https://mobile.reuters.com/article/amp/idUSL1N1TU1HC,UPDATE 1 - Argentina central bank boosts dollar sales as peso slides,20180628T203000Z,https://s4.reutersmedia.net/resources_v2/images/rcom-default.png,reuters.com,English,United States,Argentina
https://finance.yahoo.com/news/emerging-markets-brazils-real-jumps-165530452.html,https://www.yahoo.com/amphtml/finance/news/emerging-markets-brazils-real-jumps-165530452.html,"EMERGING MARKETS - Brazil real jumps , Argentine peso slumps to record low",20180615T194500Z,,finance.yahoo.com,English,United States,Argentina
https://www.reuters.com/article/emerging-markets-latam/emerging-markets-brazils-real-jumps-argentine-peso-slumps-to-record-low-idUSL1N1TH17Q,https://mobile.reuters.com/article/amp/idUSL1N1TH17Q,"EMERGING MARKETS - Brazil real jumps , Argentine peso slumps to record low",20180615T173000Z,https://s4.reutersmedia.net/resources_v2/images/rcom-default.png,reuters.com,English,United States,Argentina
http://www.businessinsider.com/argentina-peso-soaring-amid-unusual-central-bank-shake-up-2018-6,https://amp.businessinsider.com/argentina-peso-soaring-amid-unusual-central-bank-shake-up-2018-6,Argentina : Peso soaring amid an unusual central bank shake - up,20180616T060000Z,https://amp.businessinsider.com/images/5b23cb751ae6624a008b520a-2732-1366.jpg,businessinsider.com,English,United States,Argentina
https://www.reuters.com/article/argentina-imf/argentine-bonds-rally-after-imf-deal-peso-expected-to-float-idUSL2N1TA0JL,https://mobile.reuters.com/article/amp/idUSL2N1TA0JL,Argentine bonds rally after IMF deal ; peso expected to float,20180608T131500Z,https://s4.reutersmedia.net/resources_v2/images/rcom-default.png,reuters.com,English,United States,Argentina
https://www.reuters.com/article/argentina-imf/argentine-bonds-rally-after-imf-deal-peso-expected-to-float-idUKL2N1TA0JL,https://mobile.reuters.com/article/amp/idUKL2N1TA0JL,Argentine bonds rally after IMF deal ; peso expected to float,20180609T070000Z,https://s4.reutersmedia.net/resources_v2/images/rcom-default.png,reuters.com,English,United States,Argentina
https://in.reuters.com/article/emerging-markets-latam/emerging-markets-latam-currencies-mostly-flat-mexico-peso-firms-on-cenbanker-remarks-idINL1N1TS1OW,https://in.mobile.reuters.com/article/amp/idINL1N1TS1OW,EMERGING MARKETS - Latam currencies mostly flat ; Mexico peso firms on cenbanker remarks,20180627T013000Z,https://s4.reutersmedia.net/resources_v2/images/rcom-default.png,in.reuters.com,English,United States,Argentina
https://www.reuters.com/article/emerging-markets-latam/emerging-markets-latam-currencies-mostly-flat-mexico-peso-firms-on-cenbanker-remarks-idUSL1N1TS1OW,https://mobile.reuters.com/article/amp/idUSL1N1TS1OW,EMERGING MARKETS - Latam currencies mostly flat ; Mexico peso firms on cenbanker remarks,20180627T050000Z,https://s4.reutersmedia.net/resources_v2/images/rcom-default.png,reuters.com,English,United States,Argentina
http://bworldonline.com/argentina-to-sell-up-to-7-5-billion-from-imf-in-fx-market/,,Argentina to sell up to $7 . 5 billion from IMF in FX market,20180613T213000Z,http://bworldonline.com/wp-content/uploads/2018/06/000_15Q9ZA.jpg,bworldonline.com,English,Philippines,Argentina
http://www.xinhuanet.com/english/2018-06/09/c_137240879.htm,,U . S . dollar rises in Argentina after deal with IMF - Xinhua,20180609T000000Z,,xinhuanet.com,English,China,Argentina
https://www.bloombergquint.com/onweb/2018/06/13/argentina-to-sell-as-much-as-7-5-billion-from-imf-in-fx-market,/onweb/2018/06/13/argentina-to-sell-as-much-as-7-5-billion-from-imf-in-fx-market.amp,Argentina Peso Falls as Government Fails to Ease Market Concerns,20180614T014500Z,https://fea.assettype.com/bloombergquint/assets/static/bq_1200x630_black-6867abadeb970f9954da9a6c3895c21ee8cbe46751cd04a78ed2e8f761da4905.png,bloombergquint.com,English,India,Argentina
https://www.forbes.com/sites/steveforbes/2018/06/05/cry-for-argentina-the-imf-is-coming/,https://www.forbes.com/sites/steveforbes/2018/06/05/cry-for-argentina-the-imf-is-coming/amp/,Cry For Argentina : The IMF Is Coming,20180605T123000Z,https://specials-images.forbesimg.com/dam/imageserve/962383900/640x434.jpg?fit=scale,forbes.com,English,United States,Argentina
https://in.reuters.com/article/emerging-markets-latam/emerging-markets-mexico-peso-firm-after-cenbank-officials-election-remarks-idINL1N1TS16L,https://in.mobile.reuters.com/article/amp/idINL1N1TS16L,EMERGING MARKETS - Mexico peso firm after cenbank official election remarks,20180627T084500Z,https://s4.reutersmedia.net/resources_v2/images/rcom-default.png,in.reuters.com,English,United States,Argentina
https://www.reuters.com/article/emerging-markets-latam/emerging-markets-mexico-peso-firm-after-cenbank-officials-election-remarks-idUSL1N1TS16L,https://mobile.reuters.com/article/amp/idUSL1N1TS16L,EMERGING MARKETS - Mexico peso firm after cenbank official election remarks,20180626T191500Z,https://s4.reutersmedia.net/resources_v2/images/rcom-default.png,reuters.com,English,United States,Argentina
https://finance.yahoo.com/news/emerging-markets-mexican-peso-slumps-161020666.html,https://www.yahoo.com/amphtml/finance/news/emerging-markets-mexican-peso-slumps-161020666.html,EMERGING MARKETS - Mexican peso slumps on NAFTA ; Brazil real regains ground,20180605T173000Z,,finance.yahoo.com,English,United States,Argentina
https://www.reuters.com/article/emerging-markets-latam/emerging-markets-mexican-peso-slumps-on-nafta-brazil-real-regains-ground-idUSL2N1T70ZG,https://mobile.reuters.com/article/amp/idUSL2N1T70ZG,EMERGING MARKETS - Mexican peso slumps on NAFTA ; Brazil real regains ground,20180605T170000Z,https://s4.reutersmedia.net/resources_v2/images/rcom-default.png,reuters.com,English,United States,Argentina
https://www.reuters.com/article/emerging-markets-latam/emerging-markets-mexico-peso-surges-brazil-real-rebounds-from-rout-idUSL1N1TU1UW,https://mobile.reuters.com/article/amp/idUSL1N1TU1UW,"EMERGING MARKETS - Mexico peso surges , Brazil real rebounds from rout",20180628T213000Z,https://s4.reutersmedia.net/resources_v2/images/rcom-default.png,reuters.com,English,United States,Argentina
https://af.reuters.com/article/commoditiesNews/idAFL1N1TU1UW,,"EMERGING MARKETS - Mexico peso surges , Brazil real rebounds from rout | Agricultural Commodities",20180628T231500Z,https://s4.reutersmedia.net/resources_v2/images/rcom-default.png,af.reuters.com,English,United States,Argentina
https://www.reuters.com/article/emerging-markets-latam/emerging-markets-mexico-peso-surges-brazil-real-rebounds-from-rout-idUKL1N1TU1UW,https://mobile.reuters.com/article/amp/idUKL1N1TU1UW,"EMERGING MARKETS - Mexico peso surges , Brazil real rebounds from rout",20180629T174500Z,https://s4.reutersmedia.net/resources_v2/images/rcom-default.png,reuters.com,English,United States,Argentina
https://uk.reuters.com/article/emerging-markets-latam/emerging-markets-mexico-peso-surges-brazil-real-rebounds-from-rout-idUKL1N1TU1UW,https://uk.mobile.reuters.com/article/amp/idUKL1N1TU1UW,"EMERGING MARKETS - Mexico peso surges , Brazil real rebounds from rout",20180630T230000Z,https://s4.reutersmedia.net/resources_v2/images/rcom-default.png,uk.reuters.com,English,United States,Argentina
https://www.cnbc.com/2018/06/05/reuters-america-emerging-markets-mexican-peso-slumps-on-nafta-brazil-real-regains-ground.html,//www.cnbc.com/amp/2018/06/05/reuters-america-emerging-markets-mexican-peso-slumps-on-nafta-brazil-real-regains-ground.html,EMERGING MARKETS - Mexican peso slumps on NAFTA ; Brazil real regains ground,20180606T153000Z,,cnbc.com,English,United States,Argentina
http://www.sharenet.co.za/news/PreFed_jitters_local_political_worries_drag_on_Bovespa/0e69eff00a3886240e615396436b9118,,"Pre - Fed jitters , local political worries drag on Bovespa",20180613T160000Z,,sharenet.co.za,English,South Africa,Argentina
http://www.xinhuanet.com/english/2018-06/16/c_137257947.htm,,Interview : Trust in central bank crucial to halt Argentina currency volatility - Xinhua,20180616T033000Z,,xinhuanet.com,English,China,Argentina
https://www.reuters.com/article/argentina-peso/update-1-argentine-peso-opens-higher-after-central-bank-auction-idUSL1N1TL0L1,https://mobile.reuters.com/article/amp/idUSL1N1TL0L1,UPDATE 1 - Argentine peso opens higher after central bank auction,20180619T143000Z,https://s4.reutersmedia.net/resources_v2/images/rcom-default.png,reuters.com,English,United States,Argentina
http://www.taipeitimes.com/News/biz/archives/2018/06/15/2003694883,,Argentine peso falls to record low,20180614T181500Z,,taipeitimes.com,English,Taiwan,Argentina
https://uk.reuters.com/article/emerging-markets-latam/emerging-markets-brazil-equities-slide-cenbank-props-up-currency-idUKL2N1TA102,https://uk.mobile.reuters.com/article/amp/idUKL2N1TA102,"EMERGING MARKETS - Brazil equities slide , cenbank props up currency",20180608T173000Z,https://s4.reutersmedia.net/resources_v2/images/rcom-default.png,uk.reuters.com,English,United States,Argentina
https://www.reuters.com/article/emerging-markets-latam/emerging-markets-brazil-equities-slide-cenbank-props-up-currency-idUSL2N1TA102,https://mobile.reuters.com/article/amp/idUSL2N1TA102,"EMERGING MARKETS - Brazil equities slide , cenbank props up currency",20180608T163000Z,https://s4.reutersmedia.net/resources_v2/images/rcom-default.png,reuters.com,English,United States,Argentina
https://www.direktbroker.de/news/international-argentina-agrees-to-50bn-loan-from-imf-amid-national-protests-56883955,,Argentina agrees to $50bn loan from IMF amid national protests,20180608T170000Z,,direktbroker.de,English,Germany,Argentina
https://www.reuters.com/article/us-argentina-imf-stocks/argentine-bonds-rally-after-imf-deal-peso-opens-lower-idUSKCN1J41UA,https://mobile.reuters.com/article/amp/idUSKCN1J41UA,Argentine stocks and bonds rally after IMF deal ; peso falls,20180608T150000Z,https://s3.reutersmedia.net/resources/r/?m=02&d=20180608&t=2&i=1270439346&r=LYNXNPEE5713L,reuters.com,English,United States,Argentina
https://www.reuters.com/article/us-argentina-imf/argentine-stocks-and-bonds-rally-after-imf-deal-peso-falls-idUSKCN1J41UA,https://mobile.reuters.com/article/amp/idUSKCN1J41UA,Argentine stocks and bonds rally after IMF deal ; peso falls,20180608T144500Z,https://s3.reutersmedia.net/resources/r/?m=02&d=20180608&t=2&i=1270439346&r=LYNXNPEE5713L,reuters.com,English,United States,Argentina
https://www.reuters.com/article/us-argentina-imf/argentine-bonds-rally-after-imf-deal-peso-opens-lower-idUSKCN1J41UA,https://mobile.reuters.com/article/amp/idUSKCN1J41UA,Argentine bonds rally after IMF deal ; peso opens lower,20180608T140000Z,https://s3.reutersmedia.net/resources/r/?m=02&d=20180608&t=2&i=1270439346&r=LYNXNPEE5713L,reuters.com,English,United States,Argentina
https://uk.reuters.com/article/emerging-markets-latam/emerging-markets-brazils-real-jumps-argentine-peso-slumps-to-record-low-idUKL1N1TH17Q,https://uk.mobile.reuters.com/article/amp/idUKL1N1TH17Q,"EMERGING MARKETS - Brazil real jumps , Argentine peso slumps to record low",20180616T061500Z,https://s4.reutersmedia.net/resources_v2/images/rcom-default.png,uk.reuters.com,English,United States,Argentina
https://www.bangkokpost.com/news/world/1486034/argentina-seeks-to-reassure-markets-after-peso-crisis,,Argentina seeks to reassure markets after peso crisis,20180615T200000Z,https://www.bangkokpost.com/media/content/20180616/2809338.jpg,bangkokpost.com,English,Thailand,Argentina
https://www.economist.com/the-americas/2018/06/15/argentinas-central-bank-president-resigns,,Argentina central - bank president resigns,20180615T161500Z,https://cdn.static-economist.com/sites/default/files/images/2018/06/articles/main/20180616_fnp504.jpg,economist.com,English,United States,Argentina
https://www.reuters.com/article/emerging-markets-latam/emerging-markets-trade-war-fears-knock-latam-markets-argentine-peso-up-idUSL1N1TK0RW,https://mobile.reuters.com/article/amp/idUSL1N1TK0RW,EMERGING MARKETS - Trade war fears knock LatAm markets ; Argentine peso up,20180618T200000Z,https://s4.reutersmedia.net/resources_v2/images/rcom-default.png,reuters.com,English,United States,Argentina
https://in.reuters.com/article/emerging-markets-latam/emerging-markets-trade-war-fears-knock-latam-markets-argentine-peso-up-idINL1N1TK0RW,https://in.mobile.reuters.com/article/amp/idINL1N1TK0RW,EMERGING MARKETS - Trade war fears knock LatAm markets ; Argentine peso up,20180619T001500Z,https://s4.reutersmedia.net/resources_v2/images/rcom-default.png,in.reuters.com,English,United States,Argentina
https://uk.reuters.com/article/emerging-markets-latam/emerging-markets-mexico-peso-firm-after-cenbank-officials-election-remarks-idUKL1N1TS16L,https://uk.mobile.reuters.com/article/amp/idUKL1N1TS16L,EMERGING MARKETS - Mexico peso firm after cenbank official election remarks,20180626T191500Z,https://s4.reutersmedia.net/resources_v2/images/rcom-default.png,uk.reuters.com,English,United States,Argentina
http://kfgo.com/news/articles/2018/jun/01/volkswagen-lowers-2018-car-sales-outlook-in-argentina-executive/,,Volkswagen lowers 2018 car sales outlook in Argentina : executive | News,20180601T233000Z,,kfgo.com,English,United States,Argentina
https://ca.reuters.com/article/businessNews/idCAKCN1IX5R0-OCABS,,Volkswagen lowers 2018 car sales outlook in Argentina : executive | Business,20180601T233000Z,https://s4.reutersmedia.net/resources/r/?m=02&d=20180601&t=2&i=1268271497&r=LYNXNPEE5040F-OCABS,ca.reuters.com,English,United States,Argentina
http://whtc.com/news/articles/2018/jun/01/volkswagen-lowers-2018-car-sales-outlook-in-argentina-executive/,,Volkswagen lowers 2018 car sales outlook in Argentina : executive | News,20180601T233000Z,,whtc.com,English,United States,Argentina
http://wsau.com/news/articles/2018/jun/01/volkswagen-lowers-2018-car-sales-outlook-in-argentina-executive/,,Volkswagen lowers 2018 car sales outlook in Argentina : executive | News,20180601T233000Z,,wsau.com,English,United States,Argentina
http://kdal610.com/news/articles/2018/jun/01/volkswagen-lowers-2018-car-sales-outlook-in-argentina-executive/,,Volkswagen lowers 2018 car sales outlook in Argentina : executive | News,20180602T033000Z,,kdal610.com,English,United States,Argentina
http://whbl.com/news/articles/2018/jun/01/volkswagen-lowers-2018-car-sales-outlook-in-argentina-executive/,,Volkswagen lowers 2018 car sales outlook in Argentina : executive | News,20180602T033000Z,,whbl.com,English,United States,Argentina
http://www.businessinsider.com/r-volkswagen-lowers-2018-car-sales-outlook-in-argentina-executive-2018-6,https://amp.businessinsider.com/r-volkswagen-lowers-2018-car-sales-outlook-in-argentina-executive-2018-6,Volkswagen lowers 2018 car sales outlook in Argentina : executive,20180601T200000Z,,businessinsider.com,English,United States,Argentina
https://www.reuters.com/article/us-volkswagen-argentina/volkswagen-lowers-2018-car-sales-outlook-in-argentina-executive-idUSKCN1IX5R0,https://mobile.reuters.com/article/amp/idUSKCN1IX5R0,Volkswagen lowers 2018 car sales outlook in Argentina : executive,20180601T220000Z,https://s2.reutersmedia.net/resources/r/?m=02&d=20180601&t=2&i=1268270799&r=LYNXNPEE5040F,reuters.com,English,United States,Argentina
https://www.reuters.com/article/volkswagen-argentina/volkswagen-lowers-2018-car-sales-outlook-in-argentina-executive-idUSL2N1T31FS,https://mobile.reuters.com/article/amp/idUSL2N1T31FS,Volkswagen lowers 2018 car sales outlook in Argentina - executive,20180601T194500Z,https://s4.reutersmedia.net/resources_v2/images/rcom-default.png,reuters.com,English,United States,Argentina
http://www.afr.com/news/politics/world/argentinas-underlying-problem-is-weak-investment-20180611-h1189b,https://amp.afr.com/news/politics/world/argentinas-underlying-problem-is-weak-investment-20180611-h1189b,Argentina underlying problem is weak investment,20180611T063000Z,https://www.afr.com/content/dam/images/h/1/1/8/9/v/image.related.afrArticleLead.620x365.h1189b.png/1528688856336.jpg,afr.com,English,Australia,Argentina
https://www.afr.com/news/politics/world/argentinas-underlying-problem-is-weak-investment-20180611-h1189b,https://amp.afr.com/news/politics/world/argentinas-underlying-problem-is-weak-investment-20180611-h1189b,Argentina underlying problem is weak investment,20180611T061500Z,https://www.afr.com/content/dam/images/h/1/1/8/9/v/image.related.afrArticleLead.620x365.h1189b.png/1528688856336.jpg,afr.com,English,Australia,Argentina
https://www.forbes.com/sites/stevehanke/2018/06/29/argentina-should-scrap-the-peso-and-dollarize/,https://www.forbes.com/sites/stevehanke/2018/06/29/argentina-should-scrap-the-peso-and-dollarize/amp/,Argentina Should Scrap the Peso and Dollarize,20180629T214500Z,https:///thumbnails/blog_4878/pt_4878_881_o.jpg?t=1530306004,forbes.com,English,United States,Argentina
https://auto.economictimes.indiatimes.com/news/passenger-vehicle/cars/volkswagen-lowers-2018-car-sales-outlook-in-argentina/64425485,https://auto.economictimes.indiatimes.com/amp/news/passenger-vehicle/cars/volkswagen-lowers-2018-car-sales-outlook-in-argentina/64425485,"volkswagen : Volkswagen lowers 2018 car sales outlook in Argentina , Auto News , ET Auto",20180602T073000Z,"https://etimg.etb2bimg.com/thumb/msid-64425485,width-700,resizemode-4/volkswagen-lowers-2018-car-sales-outlook-in-argentina.jpg",auto.economictimes.indiatimes.com,English,India,Argentina
https://www.reuters.com/article/emerging-markets-latam/emerging-markets-latam-currencies-seesaw-after-ecb-prepares-to-end-stimulus-idUSL1N1TG191,https://mobile.reuters.com/article/amp/idUSL1N1TG191,EMERGING MARKETS - LatAm currencies seesaw after ECB prepares to end stimulus,20180614T170000Z,https://s4.reutersmedia.net/resources_v2/images/rcom-default.png,reuters.com,English,United States,Argentina
https://in.reuters.com/article/argentina-peso/update-3-argentina-bank-stocks-plunge-on-hike-in-reserve-requirements-idINL1N1TK0HE,https://in.mobile.reuters.com/article/amp/idINL1N1TK0HE,"UPDATE 5 - Argentina peso firms , stocks fall after central bank action",20180620T034500Z,https://s4.reutersmedia.net/resources_v2/images/rcom-default.png,in.reuters.com,English,United States,Argentina
http://www.sharenet.co.za/news/Mexico_peso_surges_Brazil_real_rebounds_from_rout/b8251ca445d7579a813aad27f8903c76,,"Mexico peso surges , Brazil real rebounds from rout",20180628T213000Z,,sharenet.co.za,English,South Africa,Argentina
https://www.forbes.com/sites/stevehanke/2018/06/20/its-time-to-mothball-argentinas-central-bank-and-dump-the-peso/,https://www.forbes.com/sites/stevehanke/2018/06/20/its-time-to-mothball-argentinas-central-bank-and-dump-the-peso/amp/,It Time to Mothball Argentina Central Bank and Dump the Peso,20180620T120000Z,https:///thumbnails/blog_4878/pt_4878_869_o.jpg?t=1529492419,forbes.com,English,United States,Argentina
http://www.4-traders.com/VOLKSWAGEN-436737/news/Volkswagen-lowers-2018-car-sales-outlook-in-Argentina-executive-26699425/,http://www.4-traders.com/amp/VOLKSWAGEN-436737/news/Volkswagen-lowers-2018-car-sales-outlook-in-Argentina-executive-26699425/,Volkswagen lowers 2018 car sales outlook in Argentina : executive,20180601T194500Z,https://img.zonebourse.com/reuters/2018-06-01T192029Z_1_LYNXNPEE5040F_RTROPTP_3_VOLKSWAGEN-AGM.JPG,4-traders.com,English,United States,Argentina
https://finance.yahoo.com/news/emerging-markets-brazils-real-mexicos-220428354.html,https://www.yahoo.com/amphtml/finance/news/emerging-markets-brazils-real-mexicos-220428354.html,"EMERGING MARKETS - Brazil real , Mexico peso struggle as politics , trade weigh",20180612T233000Z,,finance.yahoo.com,English,United States,Argentina
https://www.reuters.com/article/emerging-markets-latam/emerging-markets-brazils-real-mexicos-peso-struggle-as-politics-trade-weigh-idUSL1N1TD1P7,https://mobile.reuters.com/article/amp/idUSL1N1TD1P7,"EMERGING MARKETS - Brazil real , Mexico peso struggle as politics , trade weigh",20180611T224500Z,https://s4.reutersmedia.net/resources_v2/images/rcom-default.png,reuters.com,English,United States,Argentina
http://wsau.com/news/articles/2018/jun/08/argentine-bonds-rally-after-imf-deal-peso-opens-lower/,,Argentine stocks and bonds rally after IMF deal ; peso falls | News,20180608T151500Z,,wsau.com,English,United States,Argentina
http://www.sharenet.co.za/news/Mexican_peso_slumps_on_NAFTA_Brazil_real_regains_ground/18ef72bc763d2a34bd888745516e1a55,,Mexican peso slumps on NAFTA ; Brazil real regains ground,20180605T164500Z,,sharenet.co.za,English,South Africa,Argentina
https://www.cnbc.com/2018/06/01/reuters-america-emerging-markets-brazil-stocks-currency-fall-after-petrobras-ceo-resigns.html,//www.cnbc.com/amp/2018/06/01/reuters-america-emerging-markets-brazil-stocks-currency-fall-after-petrobras-ceo-resigns.html,"EMERGING MARKETS - Brazil stocks , currency fall after Petrobras CEO resigns",20180601T164500Z,,cnbc.com,English,United States,Argentina
https://www.reuters.com/article/argentina-economy/update-2-argentina-peso-strengthens-after-central-bank-shake-up-idUSL1N1TH0O7,https://mobile.reuters.com/article/amp/idUSL1N1TH0O7,UPDATE 2 - Argentina peso strengthens after central bank shake - up,20180615T154500Z,https://s4.reutersmedia.net/resources_v2/images/rcom-default.png,reuters.com,English,United States,Argentina
https://www.reuters.com/article/argentina-economy/update-1-argentina-peso-strengthens-after-central-bank-shakeup-idUSL1N1TH0O7,https://mobile.reuters.com/article/amp/idUSL1N1TH0O7,UPDATE 2 - Argentina peso strengthens after central bank shake - up,20180615T154500Z,https://s4.reutersmedia.net/resources_v2/images/rcom-default.png,reuters.com,English,United States,Argentina
https://www.reuters.com/article/argentina-economy/update-3-argentina-peso-erases-gains-after-central-bank-shake-up-idUSL1N1TH0O7,https://mobile.reuters.com/article/amp/idUSL1N1TH0O7,UPDATE 3 - Argentina peso erases gains after central bank shake - up,20180615T171500Z,https://s4.reutersmedia.net/resources_v2/images/rcom-default.png,reuters.com,English,United States,Argentina
http://www.businessinsider.com/r-argentine-bonds-rally-after-imf-deal-peso-opens-lower-2018-6,https://amp.businessinsider.com/r-argentine-bonds-rally-after-imf-deal-peso-opens-lower-2018-6,Argentine bonds rally after IMF deal ; peso opens lower,20180609T011500Z,,businessinsider.com,English,United States,Argentina
https://www.platts.com/latest-news/metals/buenosaires/argentina-steel-sector-hit-by-devaluation-high-26971464,,"Argentina steel sector hit by devaluation , high interest rates : sources - Metals",20180608T213000Z,,platts.com,English,China,Argentina
https://www.middletownpress.com/news/article/Ex-Wall-Street-trader-feels-the-heat-atop-13019668.php,,Ex - Wall Street trader feels the heat atop Argentina central bank,20180623T130000Z,https://s.hdnux.com/photos/74/12/00/15769643/3/rawImage.jpg,middletownpress.com,English,United States,Argentina
https://www.sfgate.com/news/article/Ex-Wall-Street-trader-feels-the-heat-atop-13019668.php,https://m.sfgate.com/news/article/Ex-Wall-Street-trader-feels-the-heat-atop-13019668.php,Ex - Wall Street trader feels the heat atop Argentina central bank,20180623T130000Z,https://s.hdnux.com/photos/74/12/00/15769643/3/rawImage.jpg,sfgate.com,English,United States,Argentina
https://www.lmtonline.com/news/article/Ex-Wall-Street-trader-feels-the-heat-atop-13019668.php,,Ex - Wall Street trader feels the heat atop Argentina central bank,20180623T124500Z,https://s.hdnux.com/photos/74/12/00/15769643/3/rawImage.jpg,lmtonline.com,English,United States,Argentina
http://en.mercopress.com/2018/06/19/argentina-shores-the-peso-stock-market-tumbles-ahead-of-super-tuesday,,"Argentina shores the Peso , stock market tumbles , ahead of  Super Tuesday  MercoPress",20180619T091500Z,http://en.mercopress.com/data/cache/noticias/64685/600x315/merval.jpg,en.mercopress.com,English,Argentina,Argentina
https://uk.reuters.com/article/emerging-markets-latam/emerging-markets-latam-currencies-seesaw-after-ecb-prepares-to-end-stimulus-idUKL1N1TG191,https://uk.mobile.reuters.com/article/amp/idUKL1N1TG191,EMERGING MARKETS - LatAm currencies seesaw after ECB prepares to end stimulus,20180615T120000Z,https://s4.reutersmedia.net/resources_v2/images/rcom-default.png,uk.reuters.com,English,United States,Argentina
http://www.4-traders.com/news/Argentines-tighten-their-belts-at-World-Cup-as-peso-plummets--26780301/,http://www.4-traders.com/amp/news/Argentines-tighten-their-belts-at-World-Cup-as-peso-plummets--26780301/,Argentines tighten their belts at World Cup as peso plummets,20180616T143000Z,https://img.zonebourse.com/reuters/2018-06-16T135552Z_1_LYNXMPEE5F0HF_RTROPTP_3_SOCCER-WORLDCUP-ARG-ICE.JPG,4-traders.com,English,United States,Argentina
http://team921fm.com/news/articles/2018/jun/16/argentines-tighten-their-belts-at-world-cup-as-peso-plummets/,,Argentines tighten their belts at World Cup as peso plummets | News,20180616T153000Z,,team921fm.com,English,United States,Argentina
http://1660thefan.com/news/articles/2018/jun/16/argentines-tighten-their-belts-at-world-cup-as-peso-plummets/,,Argentines tighten their belts at World Cup as peso plummets | News,20180616T163000Z,,1660thefan.com,English,United States,Argentina
http://wsau.com/news/articles/2018/jun/16/argentines-tighten-their-belts-at-world-cup-as-peso-plummets/,,Argentines tighten their belts at World Cup as peso plummets | News,20180616T170000Z,,wsau.com,English,United States,Argentina
http://kwsn.com/news/articles/2018/jun/16/argentines-tighten-their-belts-at-world-cup-as-peso-plummets/,,Argentines tighten their belts at World Cup as peso plummets | News,20180616T171500Z,,kwsn.com,English,United States,Argentina
https://www.businessinsider.com.au/argentina-peso-soaring-amid-unusual-central-bank-shake-up-2018-6,https://www.businessinsider.com.au/argentina-peso-soaring-amid-unusual-central-bank-shake-up-2018-6/amp,The Argentine peso is soaring amid an unusual central bank shake - up,20180615T154500Z,https://static.businessinsider.com/image/5b23c8811ae66221008b51ca-640.jpg,businessinsider.com.au,English,Australia,Argentina
https://forextv.com/equities/argentine-peso-and-equities-end-the-week-back-on-skid-row/,https://forextv.com/equities/argentine-peso-and-equities-end-the-week-back-on-skid-row/amp/,Argentine Peso and equities end the week back on skid row,20180630T180000Z,,forextv.com,English,United States,Argentina
http://www.france24.com/en/20180615-argentina-replaces-central-bank-governor-amid-currency-crisis,http://m.france24.com/en/20180615-argentina-replaces-central-bank-governor-amid-currency-crisis,Flash - Argentina replaces central bank governor amid currency crisis - France 24,20180615T101500Z,http://scd.france24.com/en/files/imagecache/home_1024/images/afp/0a382896848b11f6fe05a188217b67114d070b70.jpg,france24.com,English,France,Argentina
http://www.cityam.com/287244/imf-grants-argentina-50bn-loan-agreement-after-plummeting,http://www.cityam.com/287244/imf-grants-argentina-50bn-loan-agreement-after-plummeting/amp,IMF grants Argentina $50bn loan agreement after plummeting peso threatens economy,20180608T150000Z,http://www.cityam.com/assets/uploads/main-image/full_width_article_body_image/us-imf-argentina-economy-957066670-5b1a9285865c9.jpg,cityam.com,English,United Kingdom,Argentina
http://www.omanobserver.om/argentina-reassures-markets-after-peso-crisis/,http://www.omanobserver.om/argentina-reassures-markets-after-peso-crisis/amp/,Argentina reassures markets after peso crisis,20180616T171500Z,https://i2.wp.com/www.omanobserver.om/wp-content/uploads/2018/06/1365296.jpg?fit=800%2C450,omanobserver.om,English,Oman,Argentina
https://dealbreaker.com/2018/06/because-it-worked-so-well-last-time-argentina-will-borrow-50b-from-the-imf/,,"Because It Worked So Well Last Time , Argentina Will Borrow $50B From The IMF",20180611T144500Z,https://dealbreaker.com/uploads/2018/05/macri.jpg,dealbreaker.com,English,United States,Argentina
https://www.msn.com/en-us/finance/markets/ex-wall-street-trader-feels-the-heat-atop-argentina-central-bank/ar-AAyRAA7,,Ex - Wall Street Trader Feels the Heat Atop Argentina Central Bank,20180619T160000Z,,msn.com,English,United States,Argentina
http://www.sharenet.co.za/news/Argentine_central_bank_boosts_dollar_sales_as_peso_hits_record_low/095402f2ddab4c4da009b320b360002b,,Argentine central bank boosts dollar sales as peso hits record low,20180629T200000Z,,sharenet.co.za,English,South Africa,Argentina
http://www.wardsauto.com/industry/falling-peso-dampens-argentine-automakers-optimism,,"Argentina , Renault , ADEFA , Cristiano Rattazzi",20180605T200000Z,http://www.wardsauto.com/sites/wardsauto.com/files/Renault%20Duster%20Oroch%2018%20Argentina_0.jpg,wardsauto.com,English,China,Argentina
https://www.businesstimes.com.sg/banking-finance/as-peso-plummets-argentines-tighten-their-belts-at-world-cup,https://www.businesstimes.com.sg/banking-finance/as-peso-plummets-argentines-tighten-their-belts-at-world-cup?amp,"As peso plummets , Argentines tighten their belts at World Cup , Banking & Finance",20180617T223000Z,https://www.businesstimes.com.sg/sites/all/themes/custom/businesstimes/images/BTdefault800.png,businesstimes.com.sg,English,Singapore,Argentina
https://finance.yahoo.com/news/emerging-markets-brazilian-real-skids-155504378.html,https://www.yahoo.com/amphtml/finance/news/emerging-markets-brazilian-real-skids-155504378.html,EMERGING MARKETS - Brazilian real skids as election worries add to pessimism,20180606T164500Z,,finance.yahoo.com,English,United States,Argentina
https://www.investing.com/news/forex-news/as-argentine-peso-craters-stock-pickers-pin-hope-on-upgrade-1493757,https://m.investing.com/news/forex-news/as-argentine-peso-craters-stock-pickers-pin-hope-on-upgrade-1493757?ampMode=1,"As Argentine Peso Craters , Stock Pickers Pin Hope on Upgrade By Bloomberg",20180614T213000Z,https://i-invdn-com.akamaized.net/news/argentina_peso_800x533_L_1411977038.jpg,investing.com,English,United States,Argentina
https://ca.investing.com/news/forex-news/as-argentine-peso-craters-stock-pickers-pin-hope-on-upgrade-1178211,https://m.ca.investing.com/news/forex-news/as-argentine-peso-craters-stock-pickers-pin-hope-on-upgrade-1178211?ampMode=1,"As Argentine Peso Craters , Stock Pickers Pin Hope on Upgrade By Bloomberg",20180616T223000Z,https://i-invdn-com.akamaized.net/news/argentina_peso_800x533_L_1411977038.jpg,ca.investing.com,English,United States,Argentina
http://www.asianinvestor.net/article/market-views-should-investors-reduce-em-exposure/444883,,Market Views : Should investors reduce EM exposure ? | Fund Managers,20180603T181500Z,http://cdn.i.haymarketmedia.asia/?n=corporate-treasurer%2fcontent%2fRisk+Asia+China+mountain+climbing.jpg&q=100&v=20170105&c=0,asianinvestor.net,English,China,Argentina
https://www.bloomberg.com/news/articles/2018-06-19/ex-wall-st-trader-feels-the-heat-atop-argentina-s-central-bank,https://www.bloomberg.com/amp/news/articles/2018-06-19/ex-wall-st-trader-feels-the-heat-atop-argentina-s-central-bank,An Ex - Wall Street Trader Feels the Heat at the Top of Argentina Central Bank,20180619T180000Z,https://assets.bwbx.io/s3/javelin/public/javelin/images/social-markets-3d32d2f713.jpg,bloomberg.com,English,United States,Argentina
http://www.enca.com/money/argentina-replaces-central-bank-governor-amid-currency-crisis,,Argentina replaces central bank governor amid currency crisis,20180615T111500Z,https://images.enca.com/encadrupal/styles/600_383/s3/000_15Z1XN.jpg,enca.com,English,South Africa,Argentina
https://uk.reuters.com/article/uk-argentina-peso/argentina-peso-firms-stocks-fall-after-central-bank-action-idUKKBN1JE2VW,https://uk.mobile.reuters.com/article/amp/idUKKBN1JE2VW,"Argentina peso firms , stocks fall after central bank action",20180619T030000Z,https://s3.reutersmedia.net/resources/r/?m=02&d=20180619&t=2&i=1274080442&r=LYNXMPEE5I02Q,uk.reuters.com,English,United States,Argentina
https://www.reuters.com/article/uk-argentina-peso/argentina-peso-firms-stocks-fall-after-central-bank-action-idUSKBN1JE2VW,https://mobile.reuters.com/article/amp/idUSKBN1JE2VW,"Argentina peso firms , stocks fall after central bank action",20180618T224500Z,https://s2.reutersmedia.net/resources/r/?m=02&d=20180618&t=2&i=1274039278&r=LYNXMPEE5H1ZF,reuters.com,English,United States,Argentina
https://www.reuters.com/article/emerging-markets-latam/emerging-markets-brazil-stocks-rebound-from-low-latam-fx-slips-idUKL1N1TL1M7,https://mobile.reuters.com/article/amp/idUKL1N1TL1M7,"EMERGING MARKETS - Brazil stocks rebound from low , Latam FX slips",20180620T213000Z,https://s4.reutersmedia.net/resources_v2/images/rcom-default.png,reuters.com,English,United States,Argentina
https://www.reuters.com/article/emerging-markets-latam/emerging-markets-brazil-stocks-fall-on-profit-taking-argentine-shares-soar-idUSL1N1TN11X,https://mobile.reuters.com/article/amp/idUSL1N1TN11X,EMERGING MARKETS - Brazil stocks fall on profit - taking ; Argentine shares soar,20180621T170000Z,https://s4.reutersmedia.net/resources_v2/images/rcom-default.png,reuters.com,English,United States,Argentina
https://www.reuters.com/article/emerging-markets-latam/emerging-markets-brazil-stocks-rebound-from-low-latam-fx-slips-idUSL1N1TL1M7,https://mobile.reuters.com/article/amp/idUSL1N1TL1M7,"EMERGING MARKETS - Brazil stocks rebound from low , Latam FX slips",20180619T211500Z,https://s4.reutersmedia.net/resources_v2/images/rcom-default.png,reuters.com,English,United States,Argentina
https://in.reuters.com/article/emerging-markets-latam/emerging-markets-brazil-stocks-fall-on-profit-taking-argentine-shares-soar-idINL1N1TN11X,https://in.mobile.reuters.com/article/amp/idINL1N1TN11X,EMERGING MARKETS - Brazil stocks fall on profit - taking ; Argentine shares soar,20180622T090000Z,https://s4.reutersmedia.net/resources_v2/images/rcom-default.png,in.reuters.com,English,United States,Argentina
https://www.investmentweek.co.uk/investment-week/news/3034208/m-gs-calich-buys-into-argentine-government-bonds-as-peso-plummets,,M & G Calich buys into Argentine government bonds as peso plummets,20180619T091500Z,,investmentweek.co.uk,English,United Kingdom,Argentina
http://www.digitaljournal.com/news/world/argentina-stock-market-plunges-6-55-percent-at-the-open/article/524969,,Argentina stock market plunges 6 . 55 percent at the open,20180618T180000Z,http://www.digitaljournal.com/img/1/0/4/8/0/9/3/i/3/8/8/p-large/50f72ac1666f3a8159dd776f7e55146f4e1bc24b.jpg,digitaljournal.com,English,United States,Argentina
https://www.latinfinance.com/web-articles/2018/6/argentina-leaves-interest-rate-at-40,,Argentina leaves interest rate at 40 % ,20180627T000000Z,,latinfinance.com,English,Brazil,Argentina
https://www.middletownpress.com/business/article/Argentina-names-new-central-bank-chief-as-peso-12997151.php,,Argentina names new central bank chief as peso plummets,20180615T224500Z,https://s.hdnux.com/photos/73/77/55/15727471/3/rawImage.jpg,middletownpress.com,English,United States,Argentina
https://www.sfgate.com/business/article/Argentina-names-new-central-bank-chief-as-peso-12997151.php,https://m.sfgate.com/business/article/Argentina-names-new-central-bank-chief-as-peso-12997151.php,Argentina names new central bank chief as peso plummets,20180615T151500Z,https://s.hdnux.com/photos/73/77/55/15727471/3/rawImage.jpg,sfgate.com,English,United States,Argentina
https://www.zerohedge.com/news/2018-06-18/argentine-bank-stocks-dump-peso-jumps-central-bank-new-measures,,Argentine  Kitchen Sink  Support Fails : Peso Plunges Back Near Record Lows,20180618T161500Z,https://www.zerohedge.com/sites/default/files/2018-06/2018-06-18_8-33-53.jpg,zerohedge.com,English,United States,Argentina
https://www.nzherald.co.nz/business/news/article.cfm?c_id=3&objectid=12074921,,Ex - Wall Street trader feels the heat at the top of Argentina central bank,20180623T231500Z,https://www.nzherald.co.nz/resizer/h7thxzraRd6IsrDAKtc-A-ffLZY=/1200x0/smart/filters:quality(70)/arc-anglerfish-syd-prod-nzme.s3.amazonaws.com/public/JV2RJ7K66NBKXC3MXEPWCF5WQE.jpg,nzherald.co.nz,English,New Zealand,Argentina
https://au.news.yahoo.com/argentina-seeks-reassure-markets-peso-crisis-174257158--spt.html,https://au.news.yahoo.com/amphtml/argentina-seeks-reassure-markets-peso-crisis-174257158--spt.html,Argentina seeks to reassure markets after peso crisis,20180615T211500Z,,au.news.yahoo.com,English,United States,Argentina
https://www.reuters.com/article/emerging-markets-latam/emerging-markets-brazil-currency-skids-as-election-woes-add-to-pessimism-idUSL2N1T81Q4,https://mobile.reuters.com/article/amp/idUSL2N1T81Q4,EMERGING MARKETS - Brazil currency skids as election woes add to pessimism,20180606T223000Z,https://s4.reutersmedia.net/resources_v2/images/rcom-default.png,reuters.com,English,United States,Argentina
https://af.reuters.com/article/commoditiesNews/idAFL2N1T81Q4,,EMERGING MARKETS - Brazil currency skids as election woes add to pessimism | Agricultural Commodities,20180607T001500Z,https://s4.reutersmedia.net/resources_v2/images/rcom-default.png,af.reuters.com,English,United States,Argentina
https://uk.reuters.com/article/emerging-markets-latam/emerging-markets-brazil-currency-skids-as-election-woes-add-to-pessimism-idUKL2N1T81Q4,https://uk.mobile.reuters.com/article/amp/idUKL2N1T81Q4,EMERGING MARKETS - Brazil currency skids as election woes add to pessimism,20180607T001500Z,https://s4.reutersmedia.net/resources_v2/images/rcom-default.png,uk.reuters.com,English,United States,Argentina
https://www.reuters.com/article/emerging-markets-latam-idUSL2N1T81Q4,https://mobile.reuters.com/article/amp/idUSL2N1T81Q4,EMERGING MARKETS - Brazil currency skids as election woes add to pessimism,20180607T014500Z,https://s4.reutersmedia.net/resources_v2/images/rcom-default.png,reuters.com,English,United States,Argentina
http://www.nampa.org/index.php?model=categories&function=display&id=17961920,,Namibia Press Agency,20180601T204500Z,,nampa.org,English,United States,Argentina
https://www.reuters.com/article/emerging-markets-latam/emerging-markets-brazil-stocks-rise-after-rout-real-firms-after-intervention-idUSL1N1TE1MI,https://mobile.reuters.com/article/amp/idUSL1N1TE1MI,EMERGING MARKETS - Brazil stocks rise after rout ; real firms after intervention,20180612T184500Z,https://s4.reutersmedia.net/resources_v2/images/rcom-default.png,reuters.com,English,United States,Argentina
https://in.reuters.com/article/emerging-markets-latam/emerging-markets-brazil-stocks-rise-after-rout-real-firms-after-intervention-idINL1N1TE1MI,https://in.mobile.reuters.com/article/amp/idINL1N1TE1MI,EMERGING MARKETS - Brazil stocks rise after rout ; real firms after intervention,20180612T203000Z,https://s4.reutersmedia.net/resources_v2/images/rcom-default.png,in.reuters.com,English,United States,Argentina
https://www.reuters.com/article/argentina-economy/update-4-argentina-peso-erases-gains-after-central-bank-shake-up-idUSL1N1TH0O7,https://mobile.reuters.com/article/amp/idUSL1N1TH0O7,UPDATE 4 - Argentina peso erases gains after central bank shake - up,20180615T190000Z,https://s4.reutersmedia.net/resources_v2/images/rcom-default.png,reuters.com,English,United States,Argentina
https://www.msn.com/en-us/finance/markets/as-argentine-peso-craters-stock-pickers-pin-hope-on-upgrade/ar-AAyDEbG,,"As Argentine Peso Craters , Stock Pickers Pin Hope on Upgrade",20180614T193000Z,,msn.com,English,United States,Argentina
http://business.financialpost.com/pmn/business-pmn/argentine-government-reassures-investors-amid-peso-fall,http://business.financialpost.com/pmn/business-pmn/argentine-government-reassures-investors-amid-peso-fall/amp,Argentine government reassures investors amid peso fall,20180615T190000Z,https://financialpostcom.files.wordpress.com/2018/06/xjs102-ap.jpg,business.financialpost.com,English,Canada,Argentina
https://www.reuters.com/article/argentina-peso/update-2-argentine-peso-weakens-against-dollar-after-central-bank-auction-idUSL1N1TL0L1,https://mobile.reuters.com/article/amp/idUSL1N1TL0L1,UPDATE 2 - Argentine peso weakens against dollar after central bank auction,20180619T153000Z,https://s4.reutersmedia.net/resources_v2/images/rcom-default.png,reuters.com,English,United States,Argentina
https://finance.yahoo.com/news/emerging-markets-latam-stocks-rebound-152011866.html,https://www.yahoo.com/amphtml/finance/news/emerging-markets-latam-stocks-rebound-152011866.html,EMERGING MARKETS - LatAm stocks rebound as traders see bargains,20180620T161500Z,,finance.yahoo.com,English,United States,Argentina
http://interfaxenergy.com/analytics/article/31393/currency-crisis-to-hit-argentinas-gas-prospects,,Currency crisis to hit Argentina gas prospects,20180625T120000Z,http://interfaxenergy.com/uploads/media/gga/15295143434845.jpg,interfaxenergy.com,English,China,Argentina
http://spendmatters.com/2018/06/11/challenging-dried-fruit-and-nut-markets-due-to-currency-fluctuations/,,Challenging Dried Fruit and Nut Markets Due to Currency Fluctuations,20180611T170000Z,https://dwfoh96rza0z7.cloudfront.net/wp/wp-content/uploads/2018/02/25123157/money-351078_640.jpg,spendmatters.com,English,United States,Argentina
https://spendmatters.com/2018/06/11/challenging-dried-fruit-and-nut-markets-due-to-currency-fluctuations/,,Challenging Dried Fruit and Nut Markets Due to Currency Fluctuations,20180611T144500Z,https://dwfoh96rza0z7.cloudfront.net/wp/wp-content/uploads/2018/02/25123157/money-351078_640.jpg,spendmatters.com,English,United States,Argentina
http://en.mercopress.com/2018/06/28/black-wednesday-for-argentina-and-brazil-as-selloff-intensifies-across-emerging-markets-assets,,Black Wednesday for Argentina and Brazil as selloff intensifies across emerging markets assets MercoPress,20180628T123000Z,http://en.mercopress.com/data/cache/noticias/64839/600x315/fmi-macri.jpg,en.mercopress.com,English,Argentina,Argentina
http://www.france24.com/en/20180618-argentina-stock-market-plunges-655-percent-open,http://m.france24.com/en/20180618-argentina-stock-market-plunges-655-percent-open,Flash - Argentina stock market plunges 6 . 55 percent at the open - France 24,20180618T191500Z,http://scd.france24.com/en/files/imagecache/home_1024/images/afp/38737f421ab943347b005f626b24b5d916254448.jpg,france24.com,English,France,Argentina
https://www.yahoo.com/news/argentina-stock-market-plunges-6-55-percent-open-171402408.html,https://www.yahoo.com/amphtml/news/argentina-stock-market-plunges-6-55-percent-open-171402408.html,Argentina stock market plunges 6 . 55 percent at the open,20180618T180000Z,,yahoo.com,English,United States,Argentina
https://www.reuters.com/article/emerging-markets-latam/emerging-markets-brazil-real-plummets-despite-central-bank-intervention-idUSL2N1T90TF,https://mobile.reuters.com/article/amp/idUSL2N1T90TF,EMERGING MARKETS - Brazil real plummets despite central bank intervention,20180607T150000Z,https://s4.reutersmedia.net/resources_v2/images/rcom-default.png,reuters.com,English,United States,Argentina
http://www.startribune.com/argentine-government-reassures-investors-amid-peso-fall/485683662/,http://m.startribune.com/argentine-government-reassures-investors-amid-peso-fall/485683662/,Argentine government reassures investors amid peso fall,20180615T184500Z,,startribune.com,English,United States,Argentina
https://www.reuters.com/article/emerging-markets-latam/emerging-markets-brazil-stocks-up-as-petrobras-shares-bounce-back-idUSL2N1T60Q2,https://mobile.reuters.com/article/amp/idUSL2N1T60Q2,EMERGING MARKETS - Brazil stocks up as Petrobras shares bounce back,20180604T163000Z,https://s4.reutersmedia.net/resources_v2/images/rcom-default.png,reuters.com,English,United States,Argentina
https://www.investing.com/news/forex-news/brazil-real-jumps-on-considerable-ammo-argentine-peso-sinks-1486597,https://m.investing.com/news/forex-news/brazil-real-jumps-on-considerable-ammo-argentine-peso-sinks-1486597?ampMode=1,Brazil Real Jumps on  Considerable  Ammo ; Argentine Peso Sinks By Bloomberg,20180608T213000Z,https://i-invdn-com.akamaized.net/news/Brazil,investing.com,English,United States,Argentina
https://www.msn.com/en-us/finance/markets/argentina-names-new-central-bank-chief-as-pesos-plummet-worsens/ar-AAyFvMM,,Argentina Names New Central Bank Chief as Peso Plummet Worsens,20180615T023000Z,,msn.com,English,United States,Argentina
https://www.msn.com/en-us/finance/markets/argentina-names-new-central-bank-chief-as-peso-plummets/ar-AAyFvMM,,Argentina Names New Central Bank Chief as Peso Plummet Worsens,20180615T051500Z,,msn.com,English,United States,Argentina
https://fixedincome.fidelity.com/ftgw/fi/FINewsArticle?id=201806150924RTRSNEWSCOMBINED_L1N1TH0O7_1,,Fixed Income News,20180615T141500Z,,fixedincome.fidelity.com,English,United States,Argentina
http://www.kvia.com/news/economy/argentina-strikes-50-billion-financing-deal-with-imf/750659048,,Argentina strikes $50 billion financing deal with IMF,20180608T041500Z,https://static.lakana.com/npg-global-us-east-1/photo/2018/06/07/argentina%20flag.jpg_11820662_ver1.0_1280_720.jpg,kvia.com,English,United States,Argentina
http://www.localnews8.com/news/economy/argentina-strikes-50-billion-financing-deal-with-imf/750659182,,Argentina strikes $50 billion financing deal with IMF,20180608T114500Z,https://static.lakana.com/npg-global-us-east-1/photo/2018/06/07/argentina%20flag.jpg_11820662_ver1.0_1280_720.jpg,localnews8.com,English,United States,Argentina
https://www.kxly.com/news/money/argentina-strikes-50-billion-financing-deal-with-imf/750660064,,Argentina strikes $50 billion financing deal with IMF,20180608T051500Z,https://static.lakana.com/mmm-global-us-east-1/photo/2018/06/07/argentina%20flag.jpg_11820675_ver1.0_1280_720.jpg,kxly.com,English,United States,Argentina
https://www.news8000.com/news/money/argentina-strikes-50-billion-financing-deal-with-imf/750660004,,Argentina strikes $50 billion financing deal with IMF,20180608T061500Z,https://static.lakana.com/mmm-global-us-east-1/photo/2018/06/07/argentina%20flag.jpg_11820675_ver1.0_1280_720.jpg,news8000.com,English,United States,Argentina
https://www.channel3000.com/news/money/argentina-strikes-50-billion-financing-deal-with-imf/750660094,,Argentina strikes $50 billion financing deal with IMF,20180608T051500Z,https://static.lakana.com/mmm-global-us-east-1/photo/2018/06/07/argentina%20flag.jpg_11820675_ver1.0_1280_720.jpg,channel3000.com,English,United States,Argentina
http://www.wfmz.com/business/national-and-world-business/argentina-strikes-50-billion-financing-deal-with-imf/750659885,,Argentina strikes $50 billion financing deal with IMF,20180608T051500Z,https://media.wfmz.com/mara-wfmz-media-us-east-1/photo/2018/06/07/argentina%20flag.jpg_11820704_ver1.0_1280_720.jpg,wfmz.com,English,United States,Argentina
http://www.freshplaza.com/article/196369/Argentine-peso-hits-record-low-against-US-dollar,,Argentine peso hits record low against US dollar,20180613T144500Z,http://www.freshplaza.com/2018/0613/NArgen.jpg,freshplaza.com,English,China,Argentina
https://www.forbes.com/sites/nathanlewis/2018/06/13/whats-happening-to-the-argentine-peso/,https://www.forbes.com/sites/nathanlewis/2018/06/13/whats-happening-to-the-argentine-peso/amp/,What Happening To The Argentine Peso ? ,20180613T201500Z,https://blogs-images.forbes.com/nathanlewis/files/2018/06/ars1990-1200x870.jpg,forbes.com,English,United States,Argentina
http://www.sharenet.co.za/news/Brazil_stocks_fall_on_profittaking_Argentine_shares_soar/10460e7dec0940c1e717f8f13d95dfa7,,Brazil stocks fall on profit - taking ; Argentine shares soar,20180621T164500Z,,sharenet.co.za,English,South Africa,Argentina
https://www.reuters.com/article/emerging-markets-latam/emerging-markets-trade-fears-send-latam-equities-currencies-sliding-idUSL1N1TL0T1,https://mobile.reuters.com/article/amp/idUSL1N1TL0T1,"EMERGING MARKETS - Trade fears send Latam equities , currencies sliding",20180619T154500Z,https://s4.reutersmedia.net/resources_v2/images/rcom-default.png,reuters.com,English,United States,Argentina
http://mynorthwest.com/1020976/argentine-government-reassures-investors-amid-peso-fall/,http://mynorthwest.com/1020976/argentine-government-reassures-investors-amid-peso-fall/amp/,Argentine government reassures investors amid peso fall,20180615T203000Z,http://mynorthwest.com/wp-content/uploads/2018/06/ap_a6a5dbc91893419b8f893dd5444684f3.jpg,mynorthwest.com,English,United States,Argentina
https://www.bloomberg.com/news/articles/2018-06-15/argentina-names-new-central-bank-chief-as-peso-s-plummet-worsens,https://www.bloomberg.com/amp/news/articles/2018-06-15/argentina-names-new-central-bank-chief-as-peso-s-plummet-worsens,Argentina Names New Central Bank Chief as Peso Plummet Worsens,20180615T023000Z,https://assets.bwbx.io/s3/javelin/public/javelin/images/social-markets-3d32d2f713.jpg,bloomberg.com,English,United States,Argentina
http://www.sharenet.co.za/news/Argentina_peso_weakens_after_central_bank_shakeup/0a0ff18fd5dc0662cbee3ac100bc92c5,,Argentina peso weakens after central bank shake - up,20180615T200000Z,,sharenet.co.za,English,South Africa,Argentina
http://www.sharenet.co.za/news/Argentina_peso_erases_gains_after_central_bank_shakeup/0a0ff18fd5dc0662cbee3ac100bc92c5,,Argentina peso erases gains after central bank shake - up,20180615T164500Z,,sharenet.co.za,English,South Africa,Argentina
https://www.bloomberg.com/news/articles/2018-06-20/imf-board-approves-argentina-s-50-billion-stand-by-arrangement,https://www.bloomberg.com/amp/news/articles/2018-06-20/imf-board-approves-argentina-s-50-billion-stand-by-arrangement,IMF Board Approves Argentina $50 Billion Stand - By Arrangement,20180620T180000Z,https://assets.bwbx.io/images/users/iqjWHBFdfxIU/iHMB_aVF6BuU/v1/1200x800.jpg,bloomberg.com,English,United States,Argentina
https://www.reuters.com/article/argentina-peso/argentine-peso-weakens-168-pct-to-new-record-low-286-per-dollar-idUSL1N1TV0NN,https://mobile.reuters.com/article/amp/idUSL1N1TV0NN,Argentine peso weakens 1 . 68 pct to new record low 28 . 6 per dollar,20180630T110000Z,https://s4.reutersmedia.net/resources_v2/images/rcom-default.png,reuters.com,English,United States,Argentina
https://www.reuters.com/article/argentina-peso/update-3-argentine-bonds-rebound-after-touching-lowest-level-of-macris-term-idUSL1N1TL0L1,https://mobile.reuters.com/article/amp/idUSL1N1TL0L1,UPDATE 3 - Argentine bonds rebound after touching lowest level of Macri term,20180619T220000Z,https://s4.reutersmedia.net/resources_v2/images/rcom-default.png,reuters.com,English,United States,Argentina
https://www.reuters.com/article/argentina-peso/update-4-argentina-peso-snaps-skid-as-cenbank-hikes-reserve-requirements-idUSL1N1TK0HE,https://mobile.reuters.com/article/amp/idUSL1N1TK0HE,UPDATE 4 - Argentina peso snaps skid as cenbank hikes reserve requirements,20180618T200000Z,https://s4.reutersmedia.net/resources_v2/images/rcom-default.png,reuters.com,English,United States,Argentina
http://www.digitaljournal.com/news/world/argentina-seeks-to-reassure-markets-after-peso-crisis/article/524767,,Argentina seeks to reassure markets after peso crisis,20180615T190000Z,http://www.digitaljournal.com/img/1/0/4/8/0/9/3/i/3/8/7/p-large/38d8912dccc3c6cb9a0f9aa718cd586a08523df3.jpg,digitaljournal.com,English,United States,Argentina
http://www.sharenet.co.za/news/Brazilian_real_skids_as_election_worries_add_to_pessimism/8f732582caf497f6edd840f32ae2e7e5,,Brazilian real skids as election worries add to pessimism,20180606T164500Z,,sharenet.co.za,English,South Africa,Argentina
https://uk.reuters.com/article/emerging-markets-latam/emerging-markets-brazil-real-plummets-despite-central-bank-intervention-idUKL2N1T90TF,https://uk.mobile.reuters.com/article/amp/idUKL2N1T90TF,EMERGING MARKETS - Brazil real plummets despite central bank intervention,20180607T151500Z,https://s4.reutersmedia.net/resources_v2/images/rcom-default.png,uk.reuters.com,English,United States,Argentina
http://www.sharenet.co.za/news/Brazil_real_plummets_despite_central_bank_intervention/a24d7b7cff090b84847188ce1b664c82,,Brazil real plummets despite central bank intervention,20180607T151500Z,,sharenet.co.za,English,South Africa,Argentina
https://in.reuters.com/article/us-argentina-imf/imf-deal-to-stabilize-argentina-forex-market-central-bank-chief-idINKBN1JG230,https://in.mobile.reuters.com/article/amp/idINKBN1JG230,IMF deal to stabilize Argentina forex market : central bank chief,20180620T153000Z,https://s3.reutersmedia.net/resources/r/?m=02&d=20180620&t=2&i=1274669739&r=LYNXMPEE5J1JK,in.reuters.com,English,United States,Argentina
https://news.sky.com/story/imf-agrees-50bn-loan-for-argentina-11398170,https://news.sky.com/story/amp/imf-agrees-50bn-loan-for-argentina-11398170,IMF agrees $50bn loan for Argentina,20180608T061500Z,https://e3.365dm.com/18/06/1600x900/skynews-argentina-imf-protests_4330615.jpg,news.sky.com,English,United Kingdom,Argentina
https://www.lbc.co.uk/news/business/imf-agrees-50bn-loan-for-argentina/,,IMF agrees $50bn loan for Argentina,20180608T061500Z,https://e3.365dm.com/18/06/640x380/skynews-argentina-imf-protests_4330615.jpg,lbc.co.uk,English,United Kingdom,Argentina
https://seekingalpha.com/article/4182045-brazil-argentina-will-commodities-bail,https://seekingalpha.com/amp/article/4182045-brazil-argentina-will-commodities-bail,Brazil And Argentina - Will Commodities Bail Them Out ? - Invesco DB Commodity Index Tracking ETF ( NYSE : DBC ) ,20180618T113000Z,https://static1.seekingalpha.com/images/marketing_images/industry_construction/commodities4_min.jpeg,seekingalpha.com,English,United States,Argentina
https://www.msn.com/en-us/news/world/argentina-stock-market-plunges-655-percent-at-the-open/ar-AAyOJYD,,Argentina stock market plunges 6 . 55 percent at the open,20180618T181500Z,,msn.com,English,United States,Argentina
https://uk.reuters.com/article/emerging-markets-latam/emerging-markets-brazil-stocks-rise-after-rout-real-firms-after-intervention-idUKL1N1TE1MI,https://uk.mobile.reuters.com/article/amp/idUKL1N1TE1MI,EMERGING MARKETS - Brazil stocks rise after rout ; real firms after intervention,20180612T203000Z,https://s4.reutersmedia.net/resources_v2/images/rcom-default.png,uk.reuters.com,English,United States,Argentina
https://www.reuters.com/article/emerging-markets-latam/emerging-markets-brazil-real-outperforms-as-central-bank-offsets-trade-woes-idUSL1N1TD0PG,https://mobile.reuters.com/article/amp/idUSL1N1TD0PG,EMERGING MARKETS - Brazil real outperforms as central bank offsets trade woes,20180611T160000Z,https://s4.reutersmedia.net/resources_v2/images/rcom-default.png,reuters.com,English,United States,Argentina
https://uk.reuters.com/article/emerging-markets-latam/emerging-markets-brazil-real-outperforms-as-central-bank-offsets-trade-woes-idUKL1N1TD0PG,https://uk.mobile.reuters.com/article/amp/idUKL1N1TD0PG,EMERGING MARKETS - Brazil real outperforms as central bank offsets trade woes,20180611T220000Z,https://s4.reutersmedia.net/resources_v2/images/rcom-default.png,uk.reuters.com,English,United States,Argentina
https://www.axios.com/argentina-reaches-50b-bailout-deal-with-imf-0fd482ef-ffd4-4250-bd5d-aa6357980eba.html,,Argentina reaches $50 billion bailout deal with IMF amid financial crisis,20180608T010000Z,https://images.axios.com/ct7EteDjQPDL8wDs5UdXuRDiTZ0=/0x228:4243x2615/1920x1080/2018/06/08/1528417829533.jpg,axios.com,English,United States,Argentina
https://mrtopstep.com/imf-says-argentina-fiscal-goals-are-flexible-stocks-cheer-deal/,https://mrtopstep.com/imf-says-argentina-fiscal-goals-are-flexible-stocks-cheer-deal/amp/,"IMF says Argentina fiscal goals are flexible , stocks cheer deal",20180608T224500Z,https://pbs.twimg.com/profile_images/930505898379939840/d1g2-aYT_400x400.jpg,mrtopstep.com,English,United States,Argentina
https://www.businesstimes.com.sg/government-economy/argentina-seeks-to-reassure-markets-after-peso-crisis,https://www.businesstimes.com.sg/government-economy/argentina-seeks-to-reassure-markets-after-peso-crisis?amp,"Argentina seeks to reassure markets after peso crisis , Government & Economy",20180616T020000Z,https://www.businesstimes.com.sg/sites/default/files/styles/article_img_retina/public/image/2018/06/16/colin-peso1-16_0.jpg?itok=nEtssOnv,businesstimes.com.sg,English,Singapore,Argentina
https://www.yahoo.com/news/argentina-seeks-reassure-markets-peso-crisis-174257399.html,https://www.yahoo.com/amphtml/news/argentina-seeks-reassure-markets-peso-crisis-174257399.html,Argentina seeks to reassure markets after peso crisis,20180615T213000Z,,yahoo.com,English,United States,Argentina
http://www.sharenet.co.za/news/Argentina_peso_snaps_skid_as_cenbank_hikes_reserve_requirements/074c5bf13ea40ce037df2b4e1b899d41,,Argentina peso snaps skid as cenbank hikes reserve requirements,20180618T193000Z,,sharenet.co.za,English,South Africa,Argentina
http://www.sharenet.co.za/news/Argentina_peso_firms_stocks_fall_after_central_bank_action/a7890d274c5471329e4c61376c111f5d,,"Argentina peso firms , stocks fall after central bank action",20180618T233000Z,,sharenet.co.za,English,South Africa,Argentina
http://www.sharenet.co.za/news/Argentina_peso_strengthens_after_central_bank_shakeup/0a0ff18fd5dc0662cbee3ac100bc92c5,,Argentina peso strengthens after central bank shake - up,20180615T151500Z,,sharenet.co.za,English,South Africa,Argentina
http://www.sharenet.co.za/news/LatAm_stocks_rebound_as_traders_see_bargains/273ff66aa349aaff3c6c64f1c204a3b3,,LatAm stocks rebound as traders see bargains,20180620T154500Z,,sharenet.co.za,English,South Africa,Argentina
https://www.reuters.com/article/emerging-markets-latam/emerging-markets-brazils-bovespa-rebounds-as-traders-buy-back-in-idUSL1N1TO0S6,https://mobile.reuters.com/article/amp/idUSL1N1TO0S6,EMERGING MARKETS - Brazil Bovespa rebounds as traders buy back in,20180622T154500Z,https://s4.reutersmedia.net/resources_v2/images/rcom-default.png,reuters.com,English,United States,Argentina
https://finance.yahoo.com/news/emerging-markets-brazils-bovespa-rebounds-150253375.html,https://www.yahoo.com/amphtml/finance/news/emerging-markets-brazils-bovespa-rebounds-150253375.html,EMERGING MARKETS - Brazil Bovespa rebounds as traders buy back in,20180622T154500Z,,finance.yahoo.com,English,United States,Argentina
https://in.reuters.com/article/emerging-markets-latam/emerging-markets-brazilian-real-bounces-back-after-rout-poll-helps-idINL1N1TU0Y6,https://in.mobile.reuters.com/article/amp/idINL1N1TU0Y6,EMERGING MARKETS - Brazilian real bounces back after rout ; poll helps,20180629T071500Z,https://s4.reutersmedia.net/resources_v2/images/rcom-default.png,in.reuters.com,English,United States,Argentina
https://www.bloomberg.com/news/articles/2018-06-19/argentina-grew-3-6-in-first-quarter-before-currency-crisis,https://www.bloomberg.com/amp/news/articles/2018-06-19/argentina-grew-3-6-in-first-quarter-before-currency-crisis,Argentina Quarterly Growth Slowed to 3 . 6 % Before Peso Crisis,20180619T200000Z,https://assets.bwbx.io/images/users/iqjWHBFdfxIU/iInSeH6gG5Ps/v0/1200x800.jpg,bloomberg.com,English,United States,Argentina
http://www.sharenet.co.za/news/LatAm_markets_down_on_global_trade_woes_Brazil_currency_flat/a1f920aa35b3cd7bb2fe296227a8f771,,LatAm markets down on global trade woes ; Brazil currency flat,20180625T170000Z,,sharenet.co.za,English,South Africa,Argentina
http://www.investmentwatchblog.com/time-to-panic-if-youre-the-imf-50-billion-credit-line-not-enough-to-stop-argentine-peso-from-breaking-26/,,Time to panic ( if you re the IMF ). $50 billion credit line not enough to stop Argentine Peso from breaking 26 . – Investment Watch Blog,20180611T214500Z,,investmentwatchblog.com,English,United States,Argentina
https://www.reuters.com/article/uk-argentina-economy/argentina-peso-weakens-after-central-bank-shake-up-idUSKBN1JB2PP,https://mobile.reuters.com/article/amp/idUSKBN1JB2PP,Argentina peso weakens after central bank shake - up,20180615T200000Z,https://s2.reutersmedia.net/resources/r/?m=02&d=20180615&t=2&i=1273009433&r=LYNXMPEE5E1OF,reuters.com,English,United States,Argentina
https://www.reuters.com/article/argentina-economy/update-5-argentina-peso-weakens-after-central-bank-shake-up-idUSL1N1TH0O7,https://mobile.reuters.com/article/amp/idUSL1N1TH0O7,UPDATE 5 - Argentina peso weakens after central bank shake - up,20180615T224500Z,https://s4.reutersmedia.net/resources_v2/images/rcom-default.png,reuters.com,English,United States,Argentina
http://www.china.org.cn/world/Off_the_Wire/2018-06/14/content_52190488.htm,,Argentina to sell off 7 . 5 bln USD from IMF loan to finance budget,20180614T020000Z,,china.org.cn,English,China,Argentina
http://www.keyt.com/news/economy/argentina-strikes-50-billion-financing-deal-with-imf/750659240,,Argentina strikes $50 billion financing deal with IMF,20180608T043000Z,https://static.lakana.com/npg-global-us-east-1/photo/2018/06/07/argentina%20flag.jpg_11820662_ver1.0_1280_720.jpg,keyt.com,English,United States,Argentina
https://uk.reuters.com/article/emerging-markets-latam/emerging-markets-brazil-stocks-up-as-petrobras-shares-bounce-back-idUKL2N1T60Q2,https://uk.mobile.reuters.com/article/amp/idUKL2N1T60Q2,EMERGING MARKETS - Brazil stocks up as Petrobras shares bounce back,20180605T143000Z,https://s4.reutersmedia.net/resources_v2/images/rcom-default.png,uk.reuters.com,English,United States,Argentina
https://www.bloomberg.com/news/articles/2018-06-07/goldman-morgan-stanley-say-argentina-faces-more-market-pain,https://www.bloomberg.com/amp/news/articles/2018-06-07/goldman-morgan-stanley-say-argentina-faces-more-market-pain,"Goldman , Morgan Stanley Say Argentina Faces More Market Pain",20180607T171500Z,https://assets.bwbx.io/s3/javelin/public/javelin/images/social-markets-3d32d2f713.jpg,bloomberg.com,English,United States,Argentina
http://en.rfi.fr/wire/20180615-argentina-replaces-central-bank-governor-amid-currency-crisis,,Argentina replaces central bank governor amid currency crisis - France,20180615T101500Z,http://scd.en.rfi.fr/sites/english.filesrfi/imagecache/aef_ct_wire_image_620/images/afp/0a382896848b11f6fe05a188217b67114d070b70.jpg,en.rfi.fr,English,,Argentina
http://www.sharenet.co.za/news/Trade_fears_send_Latam_equities_currencies_sliding/cff819559da06eea5b1164100a3efbf2,,"Trade fears send Latam equities , currencies sliding",20180619T154500Z,,sharenet.co.za,English,South Africa,Argentina
http://www.enca.com/world/two-ministers-fired-after-argentina-currency-collapse,,Two ministers fired after Argentina currency collapse,20180617T091500Z,https://images.enca.com/encadrupal/styles/600_383/s3/WEB_PHOTO_President,enca.com,English,South Africa,Argentina
https://www.enca.com/world/two-ministers-fired-after-argentina-currency-collapse,,Two ministers fired after Argentina currency collapse,20180617T170000Z,https://images.enca.com/encadrupal/styles/600_383/s3/WEB_PHOTO_President,enca.com,English,South Africa,Argentina
https://www.reuters.com/article/emerging-markets-latam/emerging-markets-brazil-equities-rally-amid-wall-street-gains-political-calm-idUSL1N1TV0YL,https://mobile.reuters.com/article/amp/idUSL1N1TV0YL,"EMERGING MARKETS - Brazil equities rally amid Wall Street gains , political calm",20180629T164500Z,https://s4.reutersmedia.net/resources_v2/images/rcom-default.png,reuters.com,English,United States,Argentina
https://in.reuters.com/article/emerging-markets-latam/emerging-markets-brazil-equities-rally-amid-wall-street-gains-political-calm-idINL1N1TV0YL,https://in.mobile.reuters.com/article/amp/idINL1N1TV0YL,"EMERGING MARKETS - Brazil equities rally amid Wall Street gains , political calm",20180630T073000Z,https://s4.reutersmedia.net/resources_v2/images/rcom-default.png,in.reuters.com,English,United States,Argentina
https://www.msn.com/en-us/finance/markets/emerging-markets-brazil-equities-rally-amid-wall-street-gains-political-calm/ar-AAzluUQ,,"EMERGING MARKETS - Brazil equities rally amid Wall Street gains , political calm",20180629T223000Z,,msn.com,English,United States,Argentina
http://en.mercopress.com/2018/06/20/argentine-central-bank-contains-run-on-the-peso-and-major-dumping-of-bonds,,"Argentine central bank contains run on the Peso , and major dumping of bonds MercoPress",20180620T074500Z,http://en.mercopress.com/data/cache/noticias/64701/600x315/caputo-bca.jpg,en.mercopress.com,English,Argentina,Argentina
https://uk.news.yahoo.com/argentina-gets-50bn-rescue-loan-070700324.html,https://uk.news.yahoo.com/amphtml/argentina-gets-50bn-rescue-loan-070700324.html,Argentina gets $50bn rescue loan from International Monetary Fund,20180609T070000Z,,uk.news.yahoo.com,English,United States,Argentina
https://www.reuters.com/article/emerging-markets-latam/emerging-markets-brazil-stocks-currency-tank-as-investor-fears-emerge-idUSL2N1T91MZ,https://mobile.reuters.com/article/amp/idUSL2N1T91MZ,"EMERGING MARKETS - Brazil stocks , currency tank as investor fears emerge",20180607T204500Z,https://s4.reutersmedia.net/resources_v2/images/rcom-default.png,reuters.com,English,United States,Argentina
http://www.xinhuanet.com/english/2018-06/14/c_137252903.htm,,Argentina to sell off 7 . 5 bln USD from IMF loan to finance budget - Xinhua,20180614T023000Z,,xinhuanet.com,English,China,Argentina
http://en.mercopress.com/2018/06/15/forex-run-in-argentina-macri-appoints-new-central-bank-president,,Forex run in Argentina : Macri appoints new Central bank president MercoPress,20180615T074500Z,http://en.mercopress.com/data/cache/noticias/64628/600x315/luis-caputo.jpg,en.mercopress.com,English,Argentina,Argentina
http://santiagotimes.cl/2018/06/15/macri-appoints-new-argentinas-central-bank-president/,,Macri appoints new Argentina s Central bank president – The Santiago Times,20180615T210000Z,,santiagotimes.cl,English,Chile,Argentina
https://www.bnnbloomberg.ca/imf-board-approves-argentina-s-us-50b-stand-by-agreement-1.1096096,,IMF board approves Argentina US$50B stand - by agreement - Article,20180620T211500Z,https://www.bnnbloomberg.ca/polopoly_fs/1.1096146!/fileimage/httpImage/image.jpg_gen/derivatives/landscape_620/buenos-aires.jpg,bnnbloomberg.ca,English,Canada,Argentina
http://www.sharenet.co.za/news/Brazil_real_outperforms_as_central_bank_offsets_trade_woes/55375e1a9a62d7bdf2393f5e626e79cb,,Brazil real outperforms as central bank offsets trade woes,20180611T160000Z,,sharenet.co.za,English,South Africa,Argentina
http://the-japan-news.com/news/article/0004522620,,Argentina stocks sink 8 % as IMF loan looms,20180619T161500Z,,the-japan-news.com,English,Japan,Argentina
http://en.mercopress.com/2018/06/22/stocks-up-6-and-the-peso-stabilized-following-msci-upgrade-of-argentina,,Stocks up 6 % and the Peso stabilized following MSCI upgrade of Argentina MercoPress,20180622T104500Z,http://en.mercopress.com/data/cache/noticias/64756/600x315/merval.jpg,en.mercopress.com,English,Argentina,Argentina
https://www.reuters.com/article/argentina-peso/update-2-argentine-peso-weakens-against-dollar-after-central-bank-auction-idUKL1N1TL0L1,https://mobile.reuters.com/article/amp/idUKL1N1TL0L1,UPDATE 4 - Argentine bonds rebound after touching lowest level of Macri term,20180619T231500Z,https://s4.reutersmedia.net/resources_v2/images/rcom-default.png,reuters.com,English,United States,Argentina
https://www.reuters.com/article/argentina-peso/update-4-argentine-bonds-rebound-after-touching-lowest-level-of-macris-term-idUSL1N1TL0L1,https://mobile.reuters.com/article/amp/idUSL1N1TL0L1,UPDATE 4 - Argentine bonds rebound after touching lowest level of Macri term,20180619T231500Z,https://s4.reutersmedia.net/resources_v2/images/rcom-default.png,reuters.com,English,United States,Argentina
https://www.bangkokpost.com/business/world/1481789/argentine-stock-market-up-4-15-after-imf-deal,,Argentine stock market up 4 . 15 % after IMF deal,20180609T034500Z,https://www.bangkokpost.com/media/content/20180609/2801261.jpg,bangkokpost.com,English,Thailand,Argentina
http://www.digitaljournal.com/news/world/argentine-stock-market-up-4-15-percent-after-imf-deal/article/524227,,Argentine stock market up 4 . 15 percent after IMF deal,20180609T000000Z,http://www.digitaljournal.com/img/1/0/4/8/0/9/3/i/3/8/7/p-large/19d875f36d2fb69735e765e393c844df8ae256e9.jpg,digitaljournal.com,English,United States,Argentina
http://180dfo.com/2018/06/argentina-clinches-50-billion-imf-financing-deal/,,Argentina Clinches $50 Billion IMF Financing Deal « JO LEE MAGAZINE,20180608T050000Z,,180dfo.com,English,United States,Argentina
https://www.msn.com/en-us/finance/markets/imf-deal-to-stabilize-argentina-forex-market-central-bank-chief/ar-AAyUrmE,,IMF deal to stabilize Argentina forex market : central bank chief,20180620T153000Z,,msn.com,English,United States,Argentina
https://www.reuters.com/article/emerging-markets-latam/emerging-markets-mexico-peso-slips-despite-global-risk-appetite-idUSL1N1U50SU,https://mobile.reuters.com/article/amp/idUSL1N1U50SU,EMERGING MARKETS - Mexico peso slips despite global risk appetite,20180710T041500Z,https://s4.reutersmedia.net/resources_v2/images/rcom-default.png,reuters.com,English,United States,Argentina
https://www.investopedia.com/terms/forex/a/arp-argentinian-peso.asp,,ARP ( Argentinian Peso ) ,20180717T221500Z,https://i.investopedia.com/inv/genericcontentimages/forex/forex10.jpg,investopedia.com,English,United States,Argentina
https://www.reuters.com/article/emerging-markets-latam/emerging-markets-latam-currencies-rise-mexico-peso-climbs-to-two-month-high-idUKL1N1U61SS,https://mobile.reuters.com/article/amp/idUKL1N1U61SS,EMERGING MARKETS - LatAm currencies rise ; Mexico peso climbs to two - month high,20180711T210000Z,https://s4.reutersmedia.net/resources_v2/images/rcom-default.png,reuters.com,English,United States,Argentina
https://www.reuters.com/article/emerging-markets-latam/emerging-markets-latam-currencies-rise-mexico-peso-climbs-to-two-month-high-idUSL1N1U61SS,https://mobile.reuters.com/article/amp/idUSL1N1U61SS,EMERGING MARKETS - LatAm currencies rise ; Mexico peso climbs to two - month high,20180711T001500Z,https://s4.reutersmedia.net/resources_v2/images/rcom-default.png,reuters.com,English,United States,Argentina
https://finance.yahoo.com/news/emerging-markets-latam-currencies-rise-233128327.html,https://www.yahoo.com/amphtml/finance/news/emerging-markets-latam-currencies-rise-233128327.html,EMERGING MARKETS - LatAm currencies rise ; Mexico peso climbs to two - month high,20180711T000000Z,,finance.yahoo.com,English,United States,Argentina
https://www.cnbc.com/2018/07/30/reuters-america-emerging-markets-mexico-peso-hits-3-month-high-stocks-at-6-month-peak.html,//www.cnbc.com/amp/2018/07/30/reuters-america-emerging-markets-mexico-peso-hits-3-month-high-stocks-at-6-month-peak.html,"EMERGING MARKETS - Mexico peso hits 3 - month high , stocks at 6 - month peak",20180730T223000Z,,cnbc.com,English,United States,Argentina
https://www.silverdoctors.com/headlines/world-news/argentinas-peso-continues-to-crash-along-with-the-economy/,,Argentina Peso Continues To Crash Along With The Nation Economy,20180708T061500Z,https://www.silverdoctors.com/wp-content/uploads/2018/05/ArgentinaGirlsWorldCup-0003000.jpg,silverdoctors.com,English,United States,Argentina
https://www.reuters.com/article/emerging-markets-latam/emerging-markets-latam-currencies-rise-as-traders-shrug-off-trade-fears-idUSL1N1U60UO,https://mobile.reuters.com/article/amp/idUSL1N1U60UO,EMERGING MARKETS - LatAm currencies rise as traders shrug off trade fears,20180710T161500Z,https://s4.reutersmedia.net/resources_v2/images/rcom-default.png,reuters.com,English,United States,Argentina
http://en.mercopress.com/2018/07/09/argentina-on-the-rocky-road-to-recession-anticipates-the-economist,,"  Argentina on the rocky road to recession , anticipates The Economist MercoPress",20180709T081500Z,http://en.mercopress.com/data/cache/noticias/64973/600x315/mauricio-macri.jpg,en.mercopress.com,English,Argentina,Argentina
https://www.reuters.com/article/emerging-markets-latam/emerging-markets-brazil-stocks-rebound-with-eye-on-global-trade-tensions-idUKL1N1U81MQ,https://mobile.reuters.com/article/amp/idUKL1N1U81MQ,EMERGING MARKETS - Brazil stocks rebound with eye on global trade tensions,20180713T193000Z,https://s4.reutersmedia.net/resources_v2/images/rcom-default.png,reuters.com,English,United States,Argentina
https://www.reuters.com/article/emerging-markets-latam/emerging-markets-brazil-stocks-rebound-with-eye-on-global-trade-tensions-idUSL1N1U81MQ,https://mobile.reuters.com/article/amp/idUSL1N1U81MQ,EMERGING MARKETS - Brazil stocks rebound with eye on global trade tensions,20180713T093000Z,https://s4.reutersmedia.net/resources_v2/images/rcom-default.png,reuters.com,English,United States,Argentina
http://todaycostarica.com/argentina-on-the-rocky-road-to-recession-anticipates-the-economist/,,"  Argentina on the rocky road to recession , anticipates The Economist – Today Costa Rica News",20180710T160000Z,,todaycostarica.com,English,Costa Rica,Argentina
http://en.mercopress.com/2018/07/16/argentina-s-debt-expected-to-peak-at-65-of-gdp-by-end-of-2018,,Argentina debt expected to peak at 65 % of GDP by end of 2018,20180716T093000Z,http://en.mercopress.com/data/cache/noticias/65047/600x315/1-argentina.jpg,en.mercopress.com,English,Argentina,Argentina
https://www.reuters.com/article/emerging-markets-latam/emerging-markets-latam-currencies-up-as-rising-china-shares-foster-risk-appetite-idUSL1N1U90XV,https://mobile.reuters.com/article/amp/idUSL1N1U90XV,EMERGING MARKETS - LatAm currencies up as rising China shares foster risk appetite,20180713T164500Z,https://s4.reutersmedia.net/resources_v2/images/rcom-default.png,reuters.com,English,United States,Argentina
https://www.cnbc.com/2018/07/10/reuters-america-emerging-markets-latam-currencies-rise-as-traders-shrug-off-trade-fears.html,//www.cnbc.com/amp/2018/07/10/reuters-america-emerging-markets-latam-currencies-rise-as-traders-shrug-off-trade-fears.html,EMERGING MARKETS - LatAm currencies rise as traders shrug off trade fears,20180710T220000Z,,cnbc.com,English,United States,Argentina
https://www.economist.com/finance-and-economics/2018/07/05/argentinas-currency-crisis-is-far-from-over,,Argentina currency crisis is far from over,20180708T004500Z,https://cdn.static-economist.com/sites/default/files/images/print-edition/20180707_FNP004_1.jpg,economist.com,English,United States,Argentina
https://www.cnbc.com/2018/07/20/reuters-america-emerging-markets-latam-currencies-climb-on-trump-comments-brazil-outperforms.html,//www.cnbc.com/amp/2018/07/20/reuters-america-emerging-markets-latam-currencies-climb-on-trump-comments-brazil-outperforms.html,EMERGING MARKETS - LatAm currencies climb on Trump comments ; Brazil outperforms,20180720T224500Z,,cnbc.com,English,United States,Argentina
https://www.msn.com/en-us/finance/markets/argentina-prices-surged-by-most-in-two-years-after-peso-plunge/ar-AAAdlvm,,Argentina Prices Surged by Most in Two Years After Peso Plunge,20180717T213000Z,,msn.com,English,United States,Argentina
https://www.reuters.com/article/emerging-markets-latam-idUSL1N1U71NO,https://mobile.reuters.com/article/amp/idUSL1N1U71NO,EMERGING MARKETS - LatAm assets stung by U . S .- China trade dispute,20180712T000000Z,https://s4.reutersmedia.net/resources_v2/images/rcom-default.png,reuters.com,English,United States,Argentina
https://www.reuters.com/article/emerging-markets-latam/emerging-markets-latam-assets-stung-by-u-s-china-trade-dispute-idUSL1N1U71NO,https://mobile.reuters.com/article/amp/idUSL1N1U71NO,EMERGING MARKETS - LatAm assets stung by U . S .- China trade dispute,20180711T234500Z,https://s4.reutersmedia.net/resources_v2/images/rcom-default.png,reuters.com,English,United States,Argentina
https://www.reuters.com/article/emerging-markets-latam/emerging-markets-brazil-equities-bounce-back-with-eyes-on-trade-tensions-idUSL1N1U80T3,https://mobile.reuters.com/article/amp/idUSL1N1U80T3,EMERGING MARKETS - Brazil equities bounce back with eyes on trade tensions,20180712T154500Z,https://s4.reutersmedia.net/resources_v2/images/rcom-default.png,reuters.com,English,United States,Argentina
http://marketoracle.co.uk/Article62671.html,,Argentina Should Scrap the Peso and Dollarize :: The Market Oracle,20180713T140000Z,,marketoracle.co.uk,English,United Kingdom,Argentina
http://qcostarica.com/argentina-on-the-rocky-road-to-recession-anticipates-the-economist/,http://qcostarica.com/argentina-on-the-rocky-road-to-recession-anticipates-the-economist/amp/,"  Argentina on the rocky road to recession , anticipates The Economist",20180724T170000Z,http://qcostarica.com/wp-content/uploads/2018/07/mauricio-macri.jpg,qcostarica.com,English,Costa Rica,Argentina
https://uk.reuters.com/article/emerging-markets-latam/emerging-markets-latin-american-currencies-mostly-up-as-chinese-equities-rise-idUKL1N1U91LR,https://uk.mobile.reuters.com/article/amp/idUKL1N1U91LR,EMERGING MARKETS - Latin American currencies mostly up as Chinese equities rise,20180713T230000Z,https://s4.reutersmedia.net/resources_v2/images/rcom-default.png,uk.reuters.com,English,United States,Argentina
https://uk.reuters.com/article/emerging-markets-latam/emerging-markets-brazil-chile-hit-hard-by-u-s-china-trade-dispute-idUKL1N1U70TY,https://uk.mobile.reuters.com/article/amp/idUKL1N1U70TY,"EMERGING MARKETS - Brazil , Chile hit hard by U . S .- China trade dispute",20180711T174500Z,https://s4.reutersmedia.net/resources_v2/images/rcom-default.png,uk.reuters.com,English,United States,Argentina
https://www.reuters.com/article/emerging-markets-latam/emerging-markets-brazil-chile-hit-hard-by-u-s-china-trade-dispute-idUSL1N1U70TY,https://mobile.reuters.com/article/amp/idUSL1N1U70TY,"EMERGING MARKETS - Brazil , Chile hit hard by U . S .- China trade dispute",20180711T154500Z,https://s4.reutersmedia.net/resources_v2/images/rcom-default.png,reuters.com,English,United States,Argentina
https://uk.reuters.com/article/emerging-markets-latam/emerging-markets-brazil-chile-hit-hard-by-us-china-trade-dispute-idUKL1N1U70TY,https://uk.mobile.reuters.com/article/amp/idUKL1N1U70TY,"EMERGING MARKETS - Brazil , Chile hit hard by U . S .- China trade dispute",20180712T030000Z,https://s4.reutersmedia.net/resources_v2/images/rcom-default.png,uk.reuters.com,English,United States,Argentina
http://www.sharenet.co.za/news/Latin_American_currencies_mostly_up_as_Chinese_equities_rise/ee4ec98d48634fae32da2772c1e3d569,,Latin American currencies mostly up as Chinese equities rise,20180713T233000Z,,sharenet.co.za,English,South Africa,Argentina
https://en.brinkwire.com/wires/emerging-markets-brazil-chile-hit-hard-by-u-s-china/,https://en.brinkwire.com/wires/emerging-markets-brazil-chile-hit-hard-by-u-s-china/amp/,"EMERGING MARKETS - Brazil , Chile hit hard by U . S .- China … – Brinkwire",20180714T184500Z,,en.brinkwire.com,English,United States,Argentina
http://en.brinkwire.com/wires/emerging-markets-brazil-chile-hit-hard-by-u-s-china/,http://en.brinkwire.com/wires/emerging-markets-brazil-chile-hit-hard-by-u-s-china/amp/,"EMERGING MARKETS - Brazil , Chile hit hard by U . S .- China … – Brinkwire",20180714T184500Z,,en.brinkwire.com,English,United States,Argentina
https://uk.reuters.com/article/emerging-markets-latam/emerging-markets-latam-currencies-up-as-rising-china-shares-foster-risk-appetite-idUKL1N1U90XV,https://uk.mobile.reuters.com/article/amp/idUKL1N1U90XV,EMERGING MARKETS - LatAm currencies up as rising China shares foster risk appetite,20180715T094500Z,https://s4.reutersmedia.net/resources_v2/images/rcom-default.png,uk.reuters.com,English,United States,Argentina
http://interfaxenergy.com/gasdaily/article/31843/currency-woes-threaten-argentinas-vaca-muerta,,Currency woes threaten Argentina Vaca Muerta,20180723T123000Z,,interfaxenergy.com,English,China,Argentina
http://en.mercopress.com/2018/07/19/brazilian-real-and-argentine-peso-lose-ground-against-the-dollar,,Brazilian Real and Argentine Peso lose ground against the dollar,20180719T081500Z,http://en.mercopress.com/data/cache/noticias/65094/600x315/brazil.jpg,en.mercopress.com,English,Argentina,Argentina
http://infosurhoy.com/cocoon/saii/xhtml/en_GB/news-summary/emerging-markets-latam-currencies-climb-on-trump/,http://infosurhoy.com/cocoon/saii/xhtml/en_GB/news-summary/emerging-markets-latam-currencies-climb-on-trump/amp/,EMERGING MARKETS - LatAm currencies climb on Trump … ,20180722T143000Z,,infosurhoy.com,English,United States,Argentina
http://infosurhoy.com/cocoon/saii/xhtml/en_GB/news-summary/emerging-markets-brazil-chile-hit-hard-by-u-s-china/,http://infosurhoy.com/cocoon/saii/xhtml/en_GB/news-summary/emerging-markets-brazil-chile-hit-hard-by-u-s-china/amp/,"EMERGING MARKETS - Brazil , Chile hit hard by U . S .- China … ",20180715T094500Z,,infosurhoy.com,English,United States,Argentina
https://finance.yahoo.com/news/emerging-markets-argentina-peso-resumes-201214293.html,https://www.yahoo.com/amphtml/finance/news/emerging-markets-argentina-peso-resumes-201214293.html,"EMERGING MARKETS - Argentina peso resumes slide , other Latam equities rise",20180701T071500Z,,finance.yahoo.com,English,United States,Argentina
http://infosurhoy.com/cocoon/saii/xhtml/en_GB/news-summary/emerging-markets-latam-currencies-down-with-eyes-still/,http://infosurhoy.com/cocoon/saii/xhtml/en_GB/news-summary/emerging-markets-latam-currencies-down-with-eyes-still/amp/,EMERGING MARKETS - LatAm currencies down with eyes still … ,20180722T001500Z,,infosurhoy.com,English,United States,Argentina
https://globalpressjournal.com/americas/argentina/plummeting-peso-sinks-hopes-first-time-home-buyers-argentina/,,Plummeting Peso Sinks Hopes of First - Time Home Buyers in Argentina,20180712T214500Z,https://globalpressjournal.com/wp-content/uploads/2018/07/GPJNews_Argentina_LP_DolaryPropiedades-46_Web-1-650x434.jpg,globalpressjournal.com,English,,Argentina
https://www.reuters.com/article/emerging-markets-latam/emerging-markets-mexico-peso-rises-after-election-posts-best-week-since-2011-idUSL1N1U21EZ,https://mobile.reuters.com/article/amp/idUSL1N1U21EZ,"EMERGING MARKETS - Mexico peso rises after election , posts best week since 2011",20180706T224500Z,https://s4.reutersmedia.net/resources_v2/images/rcom-default.png,reuters.com,English,United States,Argentina
https://finance.yahoo.com/news/emerging-markets-mexico-peso-rises-221142470.html,https://www.yahoo.com/amphtml/finance/news/emerging-markets-mexico-peso-rises-221142470.html,"EMERGING MARKETS - Mexico peso rises after election , posts best week since 2011",20180707T193000Z,,finance.yahoo.com,English,United States,Argentina
https://uk.reuters.com/article/argentina-trade/update-1-argentina-trade-gap-narrows-in-june-as-pesos-fall-bites-idUKL1N1UL1NF,https://uk.mobile.reuters.com/article/amp/idUKL1N1UL1NF,UPDATE 1 - Argentina trade gap narrows in June as peso fall bites,20180726T063000Z,https://s4.reutersmedia.net/resources_v2/images/rcom-default.png,uk.reuters.com,English,United States,Argentina
https://www.reuters.com/article/argentina-trade/update-1-argentina-trade-gap-narrows-in-june-as-pesos-fall-bites-idUSL1N1UL1NF,https://mobile.reuters.com/article/amp/idUSL1N1UL1NF,UPDATE 1 - Argentina trade gap narrows in June as peso fall bites,20180726T023000Z,https://s4.reutersmedia.net/resources_v2/images/rcom-default.png,reuters.com,English,United States,Argentina
https://www.etftrends.com/argentina-etfs-pop-after-central-bank-strengthens-peso/,https://www.etftrends.com/argentina-etfs-pop-after-central-bank-strengthens-peso/amp/,Argentina ETFs Pop After Central Bank Strengthens Peso,20180703T193000Z,https://d3hd9t0fnb52go.cloudfront.net/wp-content/uploads/2018/07/Argentina-ETFs-Pop-After-Central-Bank-Strengthens-Peso.jpg,etftrends.com,English,China,Argentina
https://finance.yahoo.com/news/emerging-markets-mexico-peso-jumps-213813439.html,https://www.yahoo.com/amphtml/finance/news/emerging-markets-mexico-peso-jumps-213813439.html,EMERGING MARKETS - Mexico peso jumps on soothing words from president - elect,20180703T221500Z,,finance.yahoo.com,English,United States,Argentina
https://www.reuters.com/article/emerging-markets-latam/emerging-markets-mexico-peso-jumps-on-soothing-words-from-president-elect-idUSL1N1TZ1IF,https://mobile.reuters.com/article/amp/idUSL1N1TZ1IF,EMERGING MARKETS - Mexico peso jumps on soothing words from president - elect,20180703T224500Z,https://s4.reutersmedia.net/resources_v2/images/rcom-default.png,reuters.com,English,United States,Argentina
http://www.xinhuanet.com/english/2018-07/13/c_137321735.htm,,Argentine peso sees slight recovery - Xinhua,20180713T044500Z,,xinhuanet.com,English,China,Argentina
https://www.cato.org/publications/commentary/argentina-should-scrap-peso-dollarize,,Argentina Should Scrap the Peso and Dollarize,20180705T194500Z,,cato.org,English,United States,Argentina
https://www.zerohedge.com/news/2018-07-05/argentina-should-scrap-peso-and-dollarize,,Argentina Should Scrap the Peso and Dollarize | Zero Hedge,20180706T220000Z,,zerohedge.com,English,United States,Argentina
https://www.reuters.com/article/emerging-markets-latam/emerging-markets-mexico-peso-dips-with-inflation-higher-than-expected-idUKL1N1U512V,https://mobile.reuters.com/article/amp/idUKL1N1U512V,EMERGING MARKETS - Mexico peso dips with inflation higher than expected,20180710T124500Z,https://s4.reutersmedia.net/resources_v2/images/rcom-default.png,reuters.com,English,United States,Argentina
https://www.reuters.com/article/emerging-markets-latam/emerging-markets-mexico-peso-dips-with-inflation-higher-than-expected-idUSL1N1U512V,https://mobile.reuters.com/article/amp/idUSL1N1U512V,EMERGING MARKETS - Mexico peso dips with inflation higher than expected,20180709T224500Z,https://s4.reutersmedia.net/resources_v2/images/rcom-default.png,reuters.com,English,United States,Argentina
https://finance.yahoo.com/news/emerging-markets-mexico-peso-dips-215034605.html,https://www.yahoo.com/amphtml/finance/news/emerging-markets-mexico-peso-dips-215034605.html,EMERGING MARKETS - Mexico peso dips with inflation higher than expected,20180709T223000Z,,finance.yahoo.com,English,United States,Argentina
https://www.reuters.com/article/argentina-inflation/update-1-argentina-12-month-inflation-surges-to-29-5-pct-in-june-idUSL1N1UD1FX,https://mobile.reuters.com/article/amp/idUSL1N1UD1FX,UPDATE 1 - Argentina 12 - month inflation surges to 29 . 5 pct in June,20180717T210000Z,https://s4.reutersmedia.net/resources_v2/images/rcom-default.png,reuters.com,English,United States,Argentina
https://in.reuters.com/article/argentina-inflation/update-1-argentina-12-month-inflation-surges-to-295-pct-in-june-idINL1N1UD1FX,https://in.mobile.reuters.com/article/amp/idINL1N1UD1FX,UPDATE 1 - Argentina 12 - month inflation surges to 29 . 5 pct in June,20180718T011500Z,https://s4.reutersmedia.net/resources_v2/images/rcom-default.png,in.reuters.com,English,United States,Argentina
https://uk.reuters.com/article/argentina-inflation/update-1-argentina-12-month-inflation-surges-to-295-pct-in-june-idUKL1N1UD1FX,https://uk.mobile.reuters.com/article/amp/idUKL1N1UD1FX,UPDATE 1 - Argentina 12 - month inflation surges to 29 . 5 pct in June,20180718T011500Z,https://s4.reutersmedia.net/resources_v2/images/rcom-default.png,uk.reuters.com,English,United States,Argentina
https://www.reuters.com/article/argentina-inflation/update-1-argentina-12-month-inflation-surges-to-295-pct-in-june-idUSL1N1UD1FX,https://mobile.reuters.com/article/amp/idUSL1N1UD1FX,UPDATE 1 - Argentina 12 - month inflation surges to 29 . 5 pct in June,20180718T044500Z,https://s4.reutersmedia.net/resources_v2/images/rcom-default.png,reuters.com,English,United States,Argentina
https://uk.reuters.com/article/emerging-markets-latam/emerging-markets-mexico-peso-jumps-on-reduced-concerns-over-obrador-idUKL1N1TZ0TF,https://uk.mobile.reuters.com/article/amp/idUKL1N1TZ0TF,EMERGING MARKETS - Mexico peso jumps on reduced concerns over Obrador,20180704T003000Z,https://s4.reutersmedia.net/resources_v2/images/rcom-default.png,uk.reuters.com,English,United States,Argentina
https://bitcoinexchangeguide.com/argentina-central-bank-looks-for-crypto-blockchain-education-via-books/,https://bitcoinexchangeguide.com/argentina-central-bank-looks-for-crypto-blockchain-education-via-books/amp/,Argentina Central Bank Looks For Crypto & Blockchain Education Via Books,20180720T224500Z,https://bitcoinexchangeguide.com/wp-content/uploads/2018/07/Argentinas-Central-Banks-Interesting-in-Mastering-Bitcoin-Growing-As-Peso-Is-Depreciated-By-Rising-Inflation.jpg,bitcoinexchangeguide.com,English,United Arab Emirates,Argentina
https://uk.reuters.com/article/emerging-markets-latam/emerging-markets-mexico-peso-rises-after-election-posts-best-week-since-2011-idUKL1N1U21EZ,https://uk.mobile.reuters.com/article/amp/idUKL1N1U21EZ,"EMERGING MARKETS - Mexico peso rises after election , posts best week since 2011",20180707T001500Z,https://s4.reutersmedia.net/resources_v2/images/rcom-default.png,uk.reuters.com,English,United States,Argentina
https://www.reuters.com/article/argentina-fares/argentina-increases-bus-train-fares-to-reduce-fiscal-deficit-idUSL1N1UN1WP,https://mobile.reuters.com/article/amp/idUSL1N1UN1WP,"Argentina increases bus , train fares to reduce fiscal deficit",20180728T060000Z,https://s4.reutersmedia.net/resources_v2/images/rcom-default.png,reuters.com,English,United States,Argentina
http://news.trust.org/item/20180727212159-wynl2/,http://mercury.postlight.com/amp?url=http://news.trust.org/item/20180727212159-wynl2/,"Argentina increases bus , train fares to reduce fiscal ... ",20180727T214500Z,"https://d2sh4fq2xsdeg9.cloudfront.net/contentAsset/image/935628e3-25d0-407c-ba56-1155bafaa953/image/byInode/1/filter/Resize,Jpeg/jpeg_q/70/resize_w/1400",news.trust.org,English,United States,Argentina
http://news.trust.org/item/20180727212159-wynl2,http://mercury.postlight.com/amp?url=http://news.trust.org/item/20180727212159-wynl2/,"Argentina increases bus , train fares to reduce fiscal ... ",20180727T231500Z,"https://d2sh4fq2xsdeg9.cloudfront.net/contentAsset/image/935628e3-25d0-407c-ba56-1155bafaa953/image/byInode/1/filter/Resize,Jpeg/jpeg_q/70/resize_w/1400",news.trust.org,English,United States,Argentina
https://in.reuters.com/article/argentina-fares/argentina-increases-bus-train-fares-to-reduce-fiscal-deficit-idINL1N1UN1WP,https://in.mobile.reuters.com/article/amp/idINL1N1UN1WP,"Argentina increases bus , train fares to reduce fiscal deficit",20180728T110000Z,https://s4.reutersmedia.net/resources_v2/images/rcom-default.png,in.reuters.com,English,United States,Argentina
http://www.dailymail.co.uk/wires/ap/article-5964107/Argentinas-inflation-rises-3-7-percent-June.html,http://www.dailymail.co.uk/wires/ap/article-5964107/amp/Argentinas-inflation-rises-3-7-percent-June.html,Argentina inflation rises 3 . 7 percent in June,20180717T210000Z,,dailymail.co.uk,English,United Kingdom,Argentina
https://www.nzherald.co.nz/world/news/article.cfm?c_id=2&objectid=12090925,,Argentina inflation rises 3 . 7 percent in June,20180717T211500Z,https://www.nzherald.co.nz/pb/resources/assets/img/fallback-promo-image.png?token=false,nzherald.co.nz,English,New Zealand,Argentina
https://www.nzherald.co.nz/business/news/article.cfm?c_id=3&objectid=12090925,,Argentina inflation rises 3 . 7 percent in June,20180717T211500Z,https://www.nzherald.co.nz/pb/resources/assets/img/fallback-promo-image.png?token=false,nzherald.co.nz,English,New Zealand,Argentina
https://fixedincome.fidelity.com/ftgw/fi/FINewsArticle?id=201807161608RTRSNEWSCOMBINED_L1N1UC1JP_1,,Fixed Income News | Fidelity Investments,20180716T213000Z,,fixedincome.fidelity.com,English,United States,Argentina
https://www.reuters.com/article/emerging-markets-latam/emerging-markets-latam-stocks-range-bound-due-to-u-s-holiday-eletrobras-jumps-idUSL1N1U00RH,https://mobile.reuters.com/article/amp/idUSL1N1U00RH,EMERGING MARKETS - LatAm stocks range - bound due to U . S . holiday ; Eletrobras jumps,20180704T181500Z,https://s4.reutersmedia.net/resources_v2/images/rcom-default.png,reuters.com,English,United States,Argentina
http://www.dailymail.co.uk/wires/ap/article-6012387/Argentina-leader-says-inflation-30-percent-2018.html,http://www.dailymail.co.uk/wires/ap/article-6012387/amp/Argentina-leader-says-inflation-30-percent-2018.html,Argentina leader says inflation will be 30 percent in 2018,20180731T194500Z,,dailymail.co.uk,English,United Kingdom,Argentina
https://www.nzherald.co.nz/world/news/article.cfm?c_id=2&objectid=12098890,,Argentina leader says inflation will be 30 percent in 2018,20180731T200000Z,https://www.nzherald.co.nz/pb/resources/assets/img/fallback-promo-image.png?token=false,nzherald.co.nz,English,New Zealand,Argentina
https://www.taiwannews.com.tw/en/news/3496252,,Argentina leader says inflation will be 30 pe ... ,20180731T213000Z,https://www.taiwannews.com.tw/images/category/580888eb17740.jpg,taiwannews.com.tw,English,Taiwan,Argentina
https://www.nzherald.co.nz/business/news/article.cfm?c_id=3&objectid=12098890,,Argentina leader says inflation will be 30 percent in 2018,20180731T213000Z,https://www.nzherald.co.nz/pb/resources/assets/img/fallback-promo-image.png?token=false,nzherald.co.nz,English,New Zealand,Argentina
https://www.reuters.com/article/emerging-markets-latam/emerging-markets-mexico-stocks-sink-peso-slips-after-leftists-landslide-win-idUSL1N1TY1HC,https://mobile.reuters.com/article/amp/idUSL1N1TY1HC,"EMERGING MARKETS - Mexico stocks sink , peso slips after leftist landslide win",20180702T220000Z,https://s4.reutersmedia.net/resources_v2/images/rcom-default.png,reuters.com,English,United States,Argentina
https://www.reuters.com/article/emerging-markets-latam/emerging-markets-latam-market-volumes-low-on-u-s-holiday-eletrobras-jumps-idUSL1N1U00WU,https://mobile.reuters.com/article/amp/idUSL1N1U00WU,EMERGING MARKETS - LatAm market volumes low on U . S . holiday ; Eletrobras jumps,20180704T214500Z,https://s4.reutersmedia.net/resources_v2/images/rcom-default.png,reuters.com,English,United States,Argentina
http://en.mercopress.com/2018/07/03/argentina-hikes-bank-reserves-peso-gains-1.9-vs-the-dollar-and-settles-at-28.3,,Argentina hikes bank reserves ; Peso gains 1 . 9 % vs the dollar and settles at 28 . 3 MercoPress,20180703T090000Z,http://en.mercopress.com/data/cache/noticias/64897/600x315/1-macri.jpg,en.mercopress.com,English,Argentina,Argentina
https://www.economist.com/finance-and-economics/2018/07/07/argentinas-currency-crisis-is-far-from-over,,Argentina currency crisis is far from over,20180705T160000Z,https://cdn.static-economist.com/sites/default/files/images/print-edition/20180707_FNP004_1.jpg,economist.com,English,United States,Argentina
http://www.investmentwatchblog.com/argentinas-economy-continues-to-crash-peso-reaches-record-low/,,Argentina s Economy CONTINUES To CRASH ! – Peso Reaches RECORD LOW – Investment Watch Blog,20180705T220000Z,,investmentwatchblog.com,English,United States,Argentina
http://en.mercopress.com/2018/08/01/china-and-argentina-ties-increasingly-closer,,China and Argentina ties increasingly closer,20180801T074500Z,http://en.mercopress.com/data/cache/noticias/65272/600x315/macri-xi.jpg,en.mercopress.com,English,Argentina,Argentina
https://www.reuters.com/article/emerging-markets-latam/emerging-markets-mexico-stocks-sink-peso-dips-after-leftists-win-idUSL1N1TY1YN,https://mobile.reuters.com/article/amp/idUSL1N1TY1YN,"EMERGING MARKETS - Mexico stocks sink , peso dips after leftist win",20180703T010000Z,https://s4.reutersmedia.net/resources_v2/images/rcom-default.png,reuters.com,English,United States,Argentina
https://www.reuters.com/article/argentina-cenbank/update-1-argentina-central-bank-holds-rate-to-make-decisions-monthly-idUSL1N1U61XR,https://mobile.reuters.com/article/amp/idUSL1N1U61XR,"UPDATE 1 - Argentina central bank holds rate , to make decisions monthly",20180711T004500Z,https://s4.reutersmedia.net/resources_v2/images/rcom-default.png,reuters.com,English,United States,Argentina
http://www.4-traders.com/INTERNATIONAL-MONETARY-SY-13805385/news/International-Monetary-Argentina-s-inflation-rises-3-7-percent-in-June-26944502/,http://www.4-traders.com/amp/INTERNATIONAL-MONETARY-SY-13805385/news/International-Monetary-Argentina-s-inflation-rises-3-7-percent-in-June-26944502/,International Monetary : Argentina inflation rises 3 . 7 percent in June,20180717T213000Z,,4-traders.com,English,United States,Argentina
http://www.sharenet.co.za/news/LatAm_stocks_rangebound_due_to_US_holiday_Eletrobras_jumps/bb665fa7bb96edd852f202a70085967c,,LatAm stocks range - bound due to U . S . holiday ; Eletrobras jumps,20180704T190000Z,,sharenet.co.za,English,South Africa,Argentina
http://en.mercopress.com/2018/07/20/latin-american-markets-and-currencies-slide-on-fears-of-global-trade-war,,Latin American markets and currencies slide on fears of global trade war,20180720T081500Z,,en.mercopress.com,English,Argentina,Argentina
https://www.cointrust.com/news/argentinas-central-bank-requests-42-books-on-bitcoin-blockchain,https://www.cointrust.com/news/argentinas-central-bank-requests-42-books-on-bitcoin-blockchain/amp,"Argentina Central Bank Requests 42 Books On Bitcoin , Blockchain",20180721T081500Z,https://www.cointrust.com/wp-content/uploads/2018/07/central-bank-of-argentina.jpg,cointrust.com,English,,Argentina
http://www.sharenet.co.za/news/Mexico_stocks_sink_peso_slips_after_leftists_landslide_win/85ee1e00ba82746ee4378fcd24dbc89d,,"Mexico stocks sink , peso slips after leftist landslide win",20180702T233000Z,,sharenet.co.za,English,South Africa,Argentina
https://www.reuters.com/article/emerging-markets-latam/emerging-markets-mexican-stocks-peso-fall-as-leftist-elected-president-idUSL1N1TY0R7,https://mobile.reuters.com/article/amp/idUSL1N1TY0R7,"EMERGING MARKETS - Mexican stocks , peso fall as leftist elected president",20180702T164500Z,https://s4.reutersmedia.net/resources_v2/images/rcom-default.png,reuters.com,English,United States,Argentina
https://www.reuters.com/article/emerging-markets-latam/emerging-markets-most-latam-currencies-climb-as-u-s-wage-growth-slows-idUSL1N1U20O2,https://mobile.reuters.com/article/amp/idUSL1N1U20O2,EMERGING MARKETS - Most LatAm currencies climb as U . S . wage growth slows,20180706T143000Z,https://s4.reutersmedia.net/resources_v2/images/rcom-default.png,reuters.com,English,United States,Argentina
https://www.bloomberg.com/news/articles/2018-07-02/argentina-fails-to-placate-investors-with-focus-on-domestic-debt,https://www.bloomberg.com/amp/news/articles/2018-07-02/argentina-fails-to-placate-investors-with-focus-on-domestic-debt,Argentine Peso Jumps After Central Bank Acts to Reverse Sentiment,20180703T003000Z,https://assets.bwbx.io/images/users/iqjWHBFdfxIU/id2qEPAEO_n4/v0/1200x800.jpg,bloomberg.com,English,United States,Argentina
http://www.dailymirror.lk/article/Are-Asian-currencies-at-risk-from-currency-turmoil-in-Argentina-Turkey--152313.html,https://b.marfeel.com/amp/www.dailymirror.lk/article/Are-Asian-currencies-at-risk-from-currency-turmoil-in-Argentina-Turkey--152313.html,"Are Asian currencies at risk from currency turmoil in Argentina , Turkey ? - Daily Mirror",20180706T054500Z,http://static.lankadeepa.lk/admin/wp-content/uploads/2017/03/DM.jpg,dailymirror.lk,English,Sri Lanka,Argentina
https://www.reuters.com/article/argentina-bonds/update-2-argentina-sells-422-mln-in-treasury-notes-below-expectations-idUSL1N1U11OY,https://mobile.reuters.com/article/amp/idUSL1N1U11OY,"UPDATE 2 - Argentina sells $422 mln in Treasury notes , below expectations",20180706T000000Z,https://s4.reutersmedia.net/resources_v2/images/rcom-default.png,reuters.com,English,United States,Argentina
https://www.reuters.com/article/argentina-bonds/update-2-argentina-sells-422-mln-in-treasury-notes-below-expectations-idUKL1N1U11OY,https://mobile.reuters.com/article/amp/idUKL1N1U11OY,"UPDATE 2 - Argentina sells $422 mln in Treasury notes , below expectations",20180707T091500Z,https://s4.reutersmedia.net/resources_v2/images/rcom-default.png,reuters.com,English,United States,Argentina
http://en.mercopress.com/2018/07/20/argentina-finances-improving-half-year-primary-deficit-drops-to-0.8-of-gdp,,Argentina finances improving : half year primary deficit drops to 0 . 8 % of GDP,20180720T080000Z,http://en.mercopress.com/data/cache/noticias/65110/600x315/nicolas-dujovne.jpg,en.mercopress.com,English,Argentina,Argentina
https://af.reuters.com/article/energyOilNews/idAFL1N1U91A1,,UPDATE 1 - Argentina to include new companies in Vaca Muerta labor deal | Energy & Oil,20180713T211500Z,https://s4.reutersmedia.net/resources_v2/images/rcom-default.png,af.reuters.com,English,United States,Argentina
https://af.reuters.com/article/commoditiesNews/idAFL1N1U91A1,,UPDATE 1 - Argentina to include new companies in Vaca Muerta labor deal | Agricultural Commodities,20180713T211500Z,https://s4.reutersmedia.net/resources_v2/images/rcom-default.png,af.reuters.com,English,United States,Argentina
http://en.mercopress.com/2018/07/04/argentina-reveals-financial-needs-stock-market-and-the-peso-rebound,,Argentina reveals financial needs ; stock market and the Peso rebound MercoPress,20180704T094500Z,http://en.mercopress.com/data/cache/noticias/64913/600x315/argentina2-mp.jpg,en.mercopress.com,English,Argentina,Argentina
https://www.tourism-review.com/crisis-in-argentina-to-hit-tourism-in-neighboring-countries-news10672,,Argentina : Tourism in Neighboring Countries Endangered by Inflation,20180716T041500Z,https://cdn.tourism-review.com/temp/aktualita-detail-facebook_tmb_10672.jpg?v=1531713108,tourism-review.com,English,China,Argentina
https://uk.reuters.com/article/argentina-bonds/argentina-sells-16-bln-in-2020-peso-bonds-treasury-ministry-idUKL1N1UC1JP,https://uk.mobile.reuters.com/article/amp/idUKL1N1UC1JP,Argentina sells $1 . 6 bln in 2020 peso bonds - Treasury Ministry,20180717T070000Z,https://s4.reutersmedia.net/resources_v2/images/rcom-default.png,uk.reuters.com,English,United States,Argentina
https://www.reuters.com/article/argentina-bonds/argentina-sells-1-6-bln-in-2020-peso-bonds-treasury-ministry-idUSL1N1UC1JP,https://mobile.reuters.com/article/amp/idUSL1N1UC1JP,Argentina sells $1 . 6 bln in 2020 peso bonds - Treasury Ministry,20180716T211500Z,https://s4.reutersmedia.net/resources_v2/images/rcom-default.png,reuters.com,English,United States,Argentina
https://www.reuters.com/article/argentina-bonds/argentina-sells-16-bln-in-2020-peso-bonds-treasury-ministry-idUSL1N1UC1JP,https://mobile.reuters.com/article/amp/idUSL1N1UC1JP,Argentina sells $1 . 6 bln in 2020 peso bonds - Treasury Ministry,20180717T011500Z,https://s4.reutersmedia.net/resources_v2/images/rcom-default.png,reuters.com,English,United States,Argentina
https://www.reuters.com/article/emerging-markets-latam/emerging-markets-brazil-stocks-drop-as-embraer-deal-disappoints-idUSL1N1U10PB,https://mobile.reuters.com/article/amp/idUSL1N1U10PB,EMERGING MARKETS - Brazil stocks drop as Embraer deal disappoints,20180705T153000Z,https://s4.reutersmedia.net/resources_v2/images/rcom-default.png,reuters.com,English,United States,Argentina
https://af.reuters.com/article/commoditiesNews/idAFL1N1U10PB,,EMERGING MARKETS - Brazil stocks drop as Embraer deal disappoints | Agricultural Commodities,20180705T161500Z,https://s4.reutersmedia.net/resources_v2/images/rcom-default.png,af.reuters.com,English,United States,Argentina
https://finance.yahoo.com/news/emerging-markets-brazil-stocks-drop-145731487.html,https://www.yahoo.com/amphtml/finance/news/emerging-markets-brazil-stocks-drop-145731487.html,EMERGING MARKETS - Brazil stocks drop as Embraer deal disappoints,20180705T154500Z,,finance.yahoo.com,English,United States,Argentina
http://en.mercopress.com/2018/07/31/brics-leaders-support-argentina-s-economic-strategy-claims-president-macri,,"BRIC leaders support Argentina economic strategy , claims president Macri",20180731T111500Z,http://en.mercopress.com/data/cache/noticias/65258/600x315/macri.jpg,en.mercopress.com,English,Argentina,Argentina
https://blogs.adb.org/blog/are-asian-currencies-risk-currency-turmoil-argentina-turkey,,"Are Asian currencies at risk from currency turmoil in Argentina , Turkey ? ",20180703T021500Z,https://blogs.adb.org/sites/blogs/files/Photos_ADB_2012_IDN_LL_-_1150060_Fotor.jpg,blogs.adb.org,English,Philippines,Argentina
http://www.sharenet.co.za/news/Most_LatAm_currencies_climb_as_US_wage_growth_slows/c1fa894af16e1c1834154baae94412ac,,Most LatAm currencies climb as U . S . wage growth slows,20180706T143000Z,,sharenet.co.za,English,South Africa,Argentina
https://seekingalpha.com/article/4189448-emerging-markets-crisis-alert,https://seekingalpha.com/amp/article/4189448-emerging-markets-crisis-alert,Emerging Markets Crisis Alert,20180724T150000Z,https://static3.seekingalpha.com/assets/og_image_192-59bfd51c9fe6af025b2f9f96c807e46f8e2f06c5ae787b15bf1423e6c676d4db.png,seekingalpha.com,English,United States,Argentina
https://uk.reuters.com/article/emerging-markets-latam/emerging-markets-brazil-stocks-drop-as-embraer-deal-disappoints-idUKL1N1U10PB,https://uk.mobile.reuters.com/article/amp/idUKL1N1U10PB,EMERGING MARKETS - Brazil stocks drop as Embraer deal disappoints,20180705T160000Z,https://s4.reutersmedia.net/resources_v2/images/rcom-default.png,uk.reuters.com,English,United States,Argentina
https://www.latinfinance.com/daily-briefs/2018/7/10/argentina-taps-new-york-amid-market-lull,,Argentina taps New York amid market lull,20180709T223000Z,,latinfinance.com,English,Brazil,Argentina
https://www.rigzone.com/news/wire/argentina_to_include_new_companies_in_vaca_muerta_labor_deal-13-jul-2018-156288-article/,,Argentina to Include New Companies in Vaca Muerta Labor Deal,20180713T224500Z,https://images.rigzone.com/images/news/articles/156288_582x327.png,rigzone.com,English,United States,Argentina
https://www.rigzone.com/news/wire/argentina_to_include_new_companies_in_vaca_muerta_labor_deal-13-jul-2018-156293-article/,,Argentina to Include New Companies in Vaca Muerta Labor Deal,20180714T041500Z,https://images.rigzone.com/images/news/articles/156293_582x327.png,rigzone.com,English,United States,Argentina
https://www.rigzone.com/news/wire/argentina_to_include_new_companies_in_vaca_muerta_labor_deal-13-jul-2018-156293-article,,Argentina to Include New Companies in Vaca Muerta Labor Deal,20180714T064500Z,https://images.rigzone.com/images/news/articles/156293_582x327.png,rigzone.com,English,United States,Argentina
https://www.rigzone.com/news/wire/argentina_to_include_new_companies_in_vaca_muerta_labor_deal-13-jul-2018-156288-article,,Argentina to Include New Companies in Vaca Muerta Labor Deal,20180714T014500Z,https://images.rigzone.com/images/news/articles/156288_582x327.png,rigzone.com,English,United States,Argentina
http://www.mrweb.com/drno/news26497.htm,,Daily Research News Online no . 26497 - Dentsu Aegis Buys Argentina Global Mind,20180716T211500Z,,mrweb.com,English,United Kingdom,Argentina
https://www.reuters.com/article/argentina-cenbank/argentina-central-bank-hikes-reserve-requirements-traders-idUSL1N1TY10F,https://mobile.reuters.com/article/amp/idUSL1N1TY10F,Argentina central bank hikes reserve requirements - traders,20180702T191500Z,https://s4.reutersmedia.net/resources_v2/images/rcom-default.png,reuters.com,English,United States,Argentina
https://uk.reuters.com/article/argentina-economy/argentina-to-include-new-companies-in-vaca-muerta-sectoral-agreement-idUKL1N1U9118,https://uk.mobile.reuters.com/article/amp/idUKL1N1U9118,Argentina to include new companies in Vaca Muerta sectoral agreement,20180713T200000Z,https://s4.reutersmedia.net/resources_v2/images/rcom-default.png,uk.reuters.com,English,United States,Argentina
https://af.reuters.com/article/energyOilNews/idAFL1N1U9118,,Argentina to include new companies in Vaca Muerta sectoral agreement | Energy & Oil,20180713T224500Z,https://s4.reutersmedia.net/resources_v2/images/rcom-default.png,af.reuters.com,English,United States,Argentina
https://af.reuters.com/article/commoditiesNews/idAFL1N1U9118,,Argentina to include new companies in Vaca Muerta sectoral agreement | Agricultural Commodities,20180713T224500Z,https://s4.reutersmedia.net/resources_v2/images/rcom-default.png,af.reuters.com,English,United States,Argentina
https://uk.reuters.com/article/argentina-bonds/update-2-argentina-sells-422-mln-in-treasury-notes-below-expectations-idUKL1N1U11OY,https://uk.mobile.reuters.com/article/amp/idUKL1N1U11OY,"UPDATE 2 - Argentina sells $422 mln in Treasury notes , below expectations",20180706T053000Z,https://s4.reutersmedia.net/resources_v2/images/rcom-default.png,uk.reuters.com,English,United States,Argentina
http://www.sharenet.co.za/news/Brazil_stocks_drop_as_Embraer_deal_disappoints/c411db66207d13415b4b152696b71068,,Brazil stocks drop as Embraer deal disappoints,20180705T151500Z,,sharenet.co.za,English,South Africa,Argentina
https://montrealgazette.com/pmn/news-pmn/argentinas-inflation-rises-3-7-per-cent-in-june/wcm/b9895e6f-d878-4826-b406-dd619a97dabb,https://montrealgazette.com/pmn/news-pmn/argentinas-inflation-rises-3-7-per-cent-in-june/wcm/b9895e6f-d878-4826-b406-dd619a97dabb/amp,Argentina inflation rises 3 . 7 per cent in June,20180718T011500Z,,montrealgazette.com,English,Canada,Argentina
https://lfpress.com/pmn/news-pmn/argentinas-inflation-rises-3-7-per-cent-in-june/wcm/b9895e6f-d878-4826-b406-dd619a97dabb,https://lfpress.com/pmn/news-pmn/argentinas-inflation-rises-3-7-per-cent-in-june/wcm/b9895e6f-d878-4826-b406-dd619a97dabb/amp,Argentina inflation rises 3 . 7 per cent in June | The London Free Press,20180718T011500Z,,lfpress.com,English,Canada,Argentina
https://vancouversun.com/pmn/news-pmn/argentinas-inflation-rises-3-7-per-cent-in-june/wcm/b9895e6f-d878-4826-b406-dd619a97dabb,https://vancouversun.com/pmn/news-pmn/argentinas-inflation-rises-3-7-per-cent-in-june/wcm/b9895e6f-d878-4826-b406-dd619a97dabb/amp,Argentina inflation rises 3 . 7 per cent in June,20180718T011500Z,,vancouversun.com,English,Canada,Argentina
https://windsorstar.com/pmn/news-pmn/argentinas-inflation-rises-3-7-per-cent-in-june/wcm/b9895e6f-d878-4826-b406-dd619a97dabb,https://windsorstar.com/pmn/news-pmn/argentinas-inflation-rises-3-7-per-cent-in-june/wcm/b9895e6f-d878-4826-b406-dd619a97dabb/amp,Argentina inflation rises 3 . 7 per cent in June,20180718T011500Z,,windsorstar.com,English,Canada,Argentina
https://leaderpost.com/pmn/news-pmn/argentinas-inflation-rises-3-7-per-cent-in-june/wcm/b9895e6f-d878-4826-b406-dd619a97dabb,https://leaderpost.com/pmn/news-pmn/argentinas-inflation-rises-3-7-per-cent-in-june/wcm/b9895e6f-d878-4826-b406-dd619a97dabb/amp,Argentina inflation rises 3 . 7 per cent in June,20180718T011500Z,,leaderpost.com,English,Canada,Argentina
https://calgaryherald.com/pmn/business-pmn/argentinas-inflation-rises-3-7-per-cent-in-june/wcm/c405facc-69f7-4420-8ca5-7717d07f7750,https://calgaryherald.com/pmn/business-pmn/argentinas-inflation-rises-3-7-per-cent-in-june/wcm/c405facc-69f7-4420-8ca5-7717d07f7750/amp,Argentina inflation rises 3 . 7 per cent in June,20180718T011500Z,,calgaryherald.com,English,Canada,Argentina
https://business.financialpost.com/pmn/business-pmn/argentinas-inflation-rises-3-7-per-cent-in-june,https://business.financialpost.com/pmn/business-pmn/argentinas-inflation-rises-3-7-per-cent-in-june/amp,Argentina inflation rises 3 . 7 per cent in June,20180717T211500Z,,business.financialpost.com,English,Canada,Argentina
https://ottawacitizen.com/pmn/news-pmn/argentinas-inflation-rises-3-7-per-cent-in-june/wcm/b9895e6f-d878-4826-b406-dd619a97dabb,https://ottawacitizen.com/pmn/news-pmn/argentinas-inflation-rises-3-7-per-cent-in-june/wcm/b9895e6f-d878-4826-b406-dd619a97dabb/amp,Argentina inflation rises 3 . 7 per cent in June,20180717T220000Z,,ottawacitizen.com,English,Canada,Argentina
https://nationalpost.com/pmn/news-pmn/argentinas-inflation-rises-3-7-per-cent-in-june,https://nationalpost.com/pmn/news-pmn/argentinas-inflation-rises-3-7-per-cent-in-june/amp,Argentina inflation rises 3 . 7 per cent in June,20180718T044500Z,,nationalpost.com,English,Canada,Argentina
https://www.bloomberg.com/news/articles/2018-07-20/argentina-central-bank-chief-ditches-press-holds-q-a-with-staff,https://www.bloomberg.com/amp/news/articles/2018-07-20/argentina-central-bank-chief-ditches-press-holds-q-a-with-staff,"Argentina Central Bank Chief Ditches Press , Holds Q & A With Staff",20180720T183000Z,https://assets.bwbx.io/images/users/iqjWHBFdfxIU/i62eCEVM0FIo/v0/1200x800.jpg,bloomberg.com,English,United States,Argentina
https://www.cato.org/publications/commentary/elixir-argentinas-fiscal-dysfunction,,An Elixir for Argentina Fiscal Dysfunction,20180709T140000Z,,cato.org,English,United States,Argentina
http://www.china.org.cn/world/Off_the_Wire/2018-07/31/content_57906472.htm,,BRICS leaders share  positive outlook  on Argentina : President Macri,20180731T041500Z,,china.org.cn,English,China,Argentina
https://www.reuters.com/article/argentina-debt/update-1-argentina-says-2019-net-financing-needs-from-markets-at-8-bln-idUSL1N1TZ0MC,https://mobile.reuters.com/article/amp/idUSL1N1TZ0MC,UPDATE 2 - Argentina to cover net 2019 financing needs with domestic bonds,20180703T213000Z,https://s4.reutersmedia.net/resources_v2/images/rcom-default.png,reuters.com,English,United States,Argentina
https://www.reuters.com/article/argentina-debt/update-2-argentina-to-cover-net-2019-financing-needs-with-domestic-bonds-idUSL1N1TZ0MC,https://mobile.reuters.com/article/amp/idUSL1N1TZ0MC,UPDATE 3 - Argentina to cover some 2019 financing needs with domestic bonds,20180704T014500Z,https://s4.reutersmedia.net/resources_v2/images/rcom-default.png,reuters.com,English,United States,Argentina
https://www.reuters.com/article/argentina-debt/update-3-argentina-to-cover-some-2019-financing-needs-with-domestic-bonds-idUSL1N1TZ0MC,https://mobile.reuters.com/article/amp/idUSL1N1TZ0MC,UPDATE 3 - Argentina to cover some 2019 financing needs with domestic bonds,20180704T010000Z,https://s4.reutersmedia.net/resources_v2/images/rcom-default.png,reuters.com,English,United States,Argentina
https://in.reuters.com/article/argentina-debt/update-3-argentina-to-cover-some-2019-financing-needs-with-domestic-bonds-idINL1N1TZ0MC,https://in.mobile.reuters.com/article/amp/idINL1N1TZ0MC,UPDATE 3 - Argentina to cover some 2019 financing needs with domestic bonds,20180703T234500Z,https://s4.reutersmedia.net/resources_v2/images/rcom-default.png,in.reuters.com,English,United States,Argentina
https://www.reuters.com/article/argentina-imf/imf-says-argentina-debt-to-peak-at-65-pct-of-gdp-in-2018-idUSL1N1U91HF,https://mobile.reuters.com/article/amp/idUSL1N1U91HF,IMF says Argentina debt to peak at 65 pct of GDP in 2018,20180713T224500Z,https://s4.reutersmedia.net/resources_v2/images/rcom-default.png,reuters.com,English,United States,Argentina
https://in.reuters.com/article/argentina-imf/imf-says-argentina-debt-to-peak-at-65-pct-of-gdp-in-2018-idINL1N1U91HF,https://in.mobile.reuters.com/article/amp/idINL1N1U91HF,IMF says Argentina debt to peak at 65 pct of GDP in 2018,20180714T024500Z,https://s4.reutersmedia.net/resources_v2/images/rcom-default.png,in.reuters.com,English,United States,Argentina
https://www.gurufocus.com/news/712245/risk-reward-with-telecom-argentina,,"Jul 25 , 2018 - Risk Reward With Telecom Argentina",20180725T153000Z,,gurufocus.com,English,United States,Argentina
https://www.imf.org/en/News/Articles/2018/06/29/na062918-argentinas-economic-recovery-8-answers-to-explain-the-plan,,Argentina Economic Recovery : 8 Answers to Explain the Plan,20180713T234500Z,,imf.org,English,United States,Argentina
http://www.imf.org/en/News/Articles/2018/06/29/na062918-argentinas-economic-recovery-8-answers-to-explain-the-plan,,Argentina Economic Recovery : 8 Answers to Explain the Plan,20180713T224500Z,,imf.org,English,United States,Argentina
http://www.4-traders.com/news/Argentina-s-Economic-Recovery-8-Answers-to-Explain-the-Plan--26925957/,http://www.4-traders.com/amp/news/Argentina-s-Economic-Recovery-8-Answers-to-Explain-the-Plan--26925957/,Argentina Economic Recovery : 8 Answers to Explain the Plan,20180714T004500Z,,4-traders.com,English,United States,Argentina
https://www.reuters.com/article/argentina-economy/argentina-economic-activity-shrinks-58-pct-yr-yr-in-may-idUSE6N1QK02P,https://mobile.reuters.com/article/amp/idUSE6N1QK02P,Argentina economic activity shrinks 5 . 8 pct yr / yr in May,20180724T211500Z,https://s4.reutersmedia.net/resources_v2/images/rcom-default.png,reuters.com,English,United States,Argentina
https://in.reuters.com/article/argentina-economy/argentina-economic-activity-shrinks-58-pct-yr-yr-in-may-idINE6N1QK02P,https://in.mobile.reuters.com/article/amp/idINE6N1QK02P,Argentina economic activity shrinks 5 . 8 pct yr / yr in May,20180724T233000Z,https://s4.reutersmedia.net/resources_v2/images/rcom-default.png,in.reuters.com,English,United States,Argentina
https://www.rigzone.com/news/wire/argentina_to_include_new_companies_in_vaca_muerta_sectoral_agreement-13-jul-2018-156288-article/,,Argentina to Include New Companies in Vaca Muerta Sectoral Agreement,20180713T210000Z,https://images.rigzone.com/images/rz-facebook.jpg,rigzone.com,English,United States,Argentina
http://www.xinhuanet.com/english/2018-07/31/c_137358909.htm,,BRICS leaders share  positive outlook  on Argentina : President Macri - Xinhua,20180731T031500Z,,xinhuanet.com,English,China,Argentina
https://uk.reuters.com/article/argentina-cenbank-idUKL1N1TY10F,https://uk.mobile.reuters.com/article/amp/idUKL1N1TY10F,Argentina central bank hikes reserve requirements - traders,20180702T174500Z,https://s4.reutersmedia.net/resources_v2/images/rcom-default.png,uk.reuters.com,English,United States,Argentina
http://en.mercopress.com/2018/07/09/argentina-s-austere-independence-day-celebration-in-tucuman-with-no-military-parade,,"Argentina austere Independence Day celebration in Tucuman , with no military parade MercoPress",20180709T081500Z,http://en.mercopress.com/data/cache/noticias/64976/600x315/macri-tucuman.jpg,en.mercopress.com,English,Argentina,Argentina
https://uk.reuters.com/article/argentina-imf-idUKL1N1U91HF,https://uk.mobile.reuters.com/article/amp/idUKL1N1U91HF,IMF says Argentina debt to peak at 65 pct of GDP in 2018,20180713T234500Z,https://s4.reutersmedia.net/resources_v2/images/rcom-default.png,uk.reuters.com,English,United States,Argentina
https://www.agriculture.com/markets/newswire/imf-says-argentina-debt-to-peak-at-65-pct-of-gdp-in-2018,,IMF says Argentina debt to peak at 65 pct of GDP in 2018,20180713T224500Z,,agriculture.com,English,United States,Argentina
https://uk.reuters.com/article/argentina-imf/imf-says-argentina-debt-to-peak-at-65-pct-of-gdp-in-2018-idUKL1N1U91HF,https://uk.mobile.reuters.com/article/amp/idUKL1N1U91HF,IMF says Argentina debt to peak at 65 pct of GDP in 2018,20180714T024500Z,https://s4.reutersmedia.net/resources_v2/images/rcom-default.png,uk.reuters.com,English,United States,Argentina
https://www.einpresswire.com/article/455386606/argentina-s-economic-recovery-8-answers-to-explain-the-plan,,Argentina Economic Recovery : 8 Answers to Explain the Plan,20180715T020000Z,,einpresswire.com,English,United States,Argentina
https://www.bloomberg.com/news/articles/2018-07-17/argentina-prices-surged-by-most-in-two-years-after-peso-plunge,https://www.bloomberg.com/amp/news/articles/2018-07-17/argentina-prices-surged-by-most-in-two-years-after-peso-plunge,Argentina Prices Surged by Most in Two Years After Peso Plunge,20180717T203000Z,https://assets.bwbx.io/images/users/iqjWHBFdfxIU/iNkm69ubfOlk/v0/1200x900.jpg,bloomberg.com,English,United States,Argentina
http://www.xinhuanet.com/english/2018-07/20/c_137337454.htm,,"Argentina sticks to deficit targets , says finance chief - Xinhua",20180720T061500Z,,xinhuanet.com,English,China,Argentina
https://www.presstv.com/Detail/2018/07/09/567611/Argentines-come-out-to-protest-IMF-on-national-holiday,,PressTV - Argentines come out to protest IMF on national holiday,20180709T213000Z,https://1452858779.rsc.cdn77.org/photo/20180709/ed6bfc89-7623-4a4f-8fd0-560d2ba72d4b.jpg,presstv.com,English,Iran,Argentina
https://in.reuters.com/article/argentina-cenbank/update-1-argentina-central-bank-hikes-reserve-requirements-statement-idINL1N1TY1BQ,https://in.mobile.reuters.com/article/amp/idINL1N1TY1BQ,UPDATE 1 - Argentina central bank hikes reserve requirements - statement,20180703T094500Z,https://s4.reutersmedia.net/resources_v2/images/rcom-default.png,in.reuters.com,English,United States,Argentina
https://argentinareports.com/ahead-of-christina-lagardes-visit-on-friday-is-argentina-on-track-and-toeing-the-imfs-guidelines/,,"Ahead of Christina Lagarde visit on Friday , is Argentina on track and toeing the IMF guidelines ? ",20180717T203000Z,https://argentinareports.com/wp-content/uploads/2018/07/christina-lagarde-@lagarde.jpg,argentinareports.com,English,,Argentina
http://www.aei.org/publication/do-cry-for-argentina/,,Do cry for Argentina,20180703T184500Z,http://www.aei.org/wp-content/uploads/2018/07/argentina-flag.jpg,aei.org,English,United States,Argentina
https://seekingalpha.com/article/4185376-cry-argentina,https://seekingalpha.com/amp/article/4185376-cry-argentina,Do Cry For Argentina,20180704T081500Z,https://static3.seekingalpha.com/assets/og_image_192-59bfd51c9fe6af025b2f9f96c807e46f8e2f06c5ae787b15bf1423e6c676d4db.png,seekingalpha.com,English,United States,Argentina
https://www.aei.org/publication/do-cry-for-argentina/,,Do cry for Argentina,20180704T064500Z,https://www.aei.org/wp-content/uploads/2018/07/argentina-flag.jpg,aei.org,English,United States,Argentina
https://www.latinamericanpost.com/index.php/macroeconomy/13569-praise-befalls-argentina-once-more-imf-is-impress,,"Praise befalls Argentina once more , IMF is impressed",20180719T223000Z,https://latinamericanpost.com/images/15e875052a110ef58214c5381dbb2377.jpg,latinamericanpost.com,English,United States,Argentina
https://seekingalpha.com/article/4188246-argentina-needs-amputation,https://seekingalpha.com/amp/article/4188246-argentina-needs-amputation,Argentina Needs An Amputation,20180719T061500Z,https://static3.seekingalpha.com/assets/og_image_192-59bfd51c9fe6af025b2f9f96c807e46f8e2f06c5ae787b15bf1423e6c676d4db.png,seekingalpha.com,English,United States,Argentina
https://www.bloombergquint.com/onweb/2018/07/17/argentina-prices-surged-by-most-in-two-years-after-peso-plunge,/onweb/2018/07/17/argentina-prices-surged-by-most-in-two-years-after-peso-plunge.amp,Argentina Prices Surged by Most in Two Years After Peso Plunge,20180718T011500Z,https://fea.assettype.com/bloombergquint/assets/static/bq_1200x630_black-6867abadeb970f9954da9a6c3895c21ee8cbe46751cd04a78ed2e8f761da4905.png,bloombergquint.com,English,India,Argentina
https://www.thenews.com.pk/print/347567-emerging-markets-in-trade-war-crossfire-face-deepening-policy-conundrum,https://www.thenews.com.pk/amp/347567-emerging-markets-in-trade-war-crossfire-face-deepening-policy-conundrum,"Emerging markets , in trade war crossfire , face deepening policy conundrum",20180729T024500Z,https://www.thenews.com.pk/assets/front/img/no-img-fb.jpg,thenews.com.pk,English,Pakistan,Argentina
https://www.reuters.com/article/argentina-economy/update-1-argentina-economic-activity-shrinks-58-pct-yr-yr-in-may-idUSL1N1UK1K1,https://mobile.reuters.com/article/amp/idUSL1N1UK1K1,UPDATE 1 - Argentina economic activity shrinks 5 . 8 pct yr / yr in May,20180724T213000Z,https://s4.reutersmedia.net/resources_v2/images/rcom-default.png,reuters.com,English,United States,Argentina
https://in.reuters.com/article/argentina-economy/update-1-argentina-economic-activity-shrinks-58-pct-yr-yr-in-may-idINL1N1UK1K1,https://in.mobile.reuters.com/article/amp/idINL1N1UK1K1,UPDATE 1 - Argentina economic activity shrinks 5 . 8 pct yr / yr in May,20180724T233000Z,https://s4.reutersmedia.net/resources_v2/images/rcom-default.png,in.reuters.com,English,United States,Argentina
http://www.theindependentbd.com/post/159091,,  Argentina making progress in monetary policy  | theindependentbd . com,20180723T053000Z,http://www.theindependentbd.com/assets/news_images/Argentina23.jpg,theindependentbd.com,English,Bangladesh,Argentina
http://www.xinhuanet.com/english/2018-07/22/c_137340867.htm,,"Argentina making progress in monetary policy , says IMF chief - Xinhua",20180722T034500Z,,xinhuanet.com,English,China,Argentina
https://www.bloomberg.com/news/articles/2018-07-17/as-argentina-s-macri-hits-big-3-0-he-s-got-little-to-celebrate,https://www.bloomberg.com/amp/news/articles/2018-07-17/as-argentina-s-macri-hits-big-3-0-he-s-got-little-to-celebrate,Thirty Is the Magic Number for Argentina Macri,20180717T140000Z,https://assets.bwbx.io/s3/javelin/public/javelin/images/social-markets-3d32d2f713.jpg,bloomberg.com,English,United States,Argentina
https://www.bloombergquint.com/onweb/2018/07/17/as-argentina-s-macri-hits-big-3-0-he-s-got-little-to-celebrate,/onweb/2018/07/17/as-argentina-s-macri-hits-big-3-0-he-s-got-little-to-celebrate.amp,Thirty Is the Magic Number for Argentina Macri,20180717T164500Z,https://fea.assettype.com/bloombergquint/assets/static/bq_1200x630_black-6867abadeb970f9954da9a6c3895c21ee8cbe46751cd04a78ed2e8f761da4905.png,bloombergquint.com,English,India,Argentina
https://www.msn.com/en-us/finance/markets/argentina-central-bank-chief-ditches-press-holds-q-26a-with-staff/ar-BBKSbwp,,"Argentina Central Bank Chief Ditches Press , Holds Q & A With Staff",20180721T021500Z,,msn.com,English,United States,Argentina
http://marketoracle.co.uk/Article62672.html,,An Elixir for Argentina Fiscal Dysfunction :: The Market Oracle,20180713T140000Z,,marketoracle.co.uk,English,United Kingdom,Argentina
http://www.xinhuanet.com/english/2018-07/23/c_137342635.htm,,Argentine president satisfied with progress during G20 presidency - Xinhua,20180723T040000Z,,xinhuanet.com,English,China,Argentina
https://www.einpresswire.com/article/455386610/argentina-request-for-stand-by-arrangement-press-release-and-staff-report,,Argentina : Request for Stand - By Arrangement - Press Release and Staff Report,20180715T043000Z,,einpresswire.com,English,United States,Argentina
https://www.theepochtimes.com/argentina-needs-an-amputation_2592215.html,,Argentina Needs an Amputation,20180714T203000Z,https://www.theepochtimes.com/assets/uploads/2017/04/19/GettyImages-631903166-1200x800.jpg,theepochtimes.com,English,United States,Argentina
https://www.reuters.com/article/global-economy-emerging/rpt-column-emerging-markets-in-trade-war-crossfire-face-deepening-policy-conundrum-mcgeever-idUSL5N1UQ1HY,https://mobile.reuters.com/article/amp/idUSL5N1UQ1HY,"RPT - COLUMN - Emerging markets , in trade war crossfire , face deepening policy conundrum : McGeever",20180730T100000Z,https://s4.reutersmedia.net/resources_v2/images/rcom-default.png,reuters.com,English,United States,Argentina
https://uk.reuters.com/article/global-economy-emerging/rpt-column-emerging-markets-in-trade-war-crossfire-face-deepening-policy-conundrum-mcgeever-idUKL5N1UQ1HY,https://uk.mobile.reuters.com/article/amp/idUKL5N1UQ1HY,"RPT - COLUMN - Emerging markets , in trade war crossfire , face deepening policy conundrum : McGeever",20180730T100000Z,https://s4.reutersmedia.net/resources_v2/images/rcom-default.png,uk.reuters.com,English,United States,Argentina
https://seekingalpha.com/article/4189385-currency-manipulation-shorter-dollar-shorts-brazilian-toast,https://seekingalpha.com/amp/article/4189385-currency-manipulation-shorter-dollar-shorts-brazilian-toast,"Currency Manipulation , Shorter  Dollar  Shorts , And Brazilian Toast",20180724T110000Z,https://static3.seekingalpha.com/assets/og_image_192-59bfd51c9fe6af025b2f9f96c807e46f8e2f06c5ae787b15bf1423e6c676d4db.png,seekingalpha.com,English,United States,Argentina
http://brudirect.com/news.php?id=50952,,"Argentina Making Progress In Monetary Policy , Says IMF Chief | Brunei No . 1 News Website",20180722T051500Z,,brudirect.com,English,Brunei,Argentina
http://en.mercopress.com/2018/07/18/argentina-consumer-prices-rose-3.7-in-june-and-reach-29.5-in-twelve-months,,Argentina consumer prices rose 3 . 7 % in June and reach 29 . 5 % in twelve months,20180718T080000Z,http://en.mercopress.com/data/cache/noticias/65077/600x315/indec-consumer-price.jpg,en.mercopress.com,English,Argentina,Argentina
https://www.timesofmalta.com/articles/view/20180726/business/is-change-possible-for-argentinas-economy.685342,,Is change possible for Argentina economy ? ,20180726T104500Z,https://cdn-attachments.timesofmalta.com/3c7e575e779e484337595d24ce89ecb4adbcee50-1532598467-5b5998c3-620x348.jpg,timesofmalta.com,English,Malta,Argentina
https://www.timesofmalta.com/mobile/articles/view/20180726/business/is-change-possible-for-argentinas-economy.685342,,Is change possible for Argentina economy ? ,20180726T104500Z,https://cdn-attachments.timesofmalta.com/3c7e575e779e484337595d24ce89ecb4adbcee50-1532598467-5b5998c3-620x348.jpg,timesofmalta.com,English,Malta,Argentina
https://uk.reuters.com/article/us-global-economy-emerging/commentary-emerging-markets-in-trade-war-crossfire-face-deepening-policy-conundrum-idUKKBN1KH1Z4,https://uk.mobile.reuters.com/article/amp/idUKKBN1KH1Z4,"Commentary : Emerging markets , in trade war crossfire , face deepening policy conundrum",20180727T163000Z,https://s2.reutersmedia.net/resources/r/?m=02&d=20180727&t=2&i=1287658431&r=LYNXMPEE6Q1BH,uk.reuters.com,English,United States,Argentina
https://www.barrons.com/articles/defying-downdraft-argentina-brazil-and-mexico-rally-1532722548,https://www.barrons.com/amp/articles/defying-downdraft-argentina-brazil-and-mexico-rally-1532722548,"Defying Downdraft , Argentina , Brazil , and Mexico Rally",20180727T204500Z,https://asset.barrons.com/public/resources/images/ON-CP752_BarMar_G_20180727112639.jpg,barrons.com,English,China,Argentina
http://en.mercopress.com/2018/07/03/argentina-plans-to-free-fuel-prices-starting-in-august,,Argentina plans to free fuel prices starting in August MercoPress,20180703T110000Z,http://en.mercopress.com/data/cache/noticias/64896/600x315/arg-fuel-price.jpg,en.mercopress.com,English,Argentina,Argentina
https://asia.nikkei.com/Politics/International-Relations/China-woos-an-Argentina-neglected-by-American-indifference,,China woos an Argentina neglected by American indifference - Nikkei Asian Review,20180729T214500Z,https://www.ft.com/__origami/service/image/v2/images/raw/https%3A%2F%2Fs3-ap-northeast-1.amazonaws.com%2Fpsh-ex-ftnikkei-3937bb4%2Fimages%2F7%2F3%2F9%2F9%2F14979937-1-eng-GB%2FRTX366ZG.jpg?source=nar-cms&fit=cover&gravity=faces,asia.nikkei.com,English,Japan,Argentina
http://www.dentsu.com/news/release/2018/0712-009566.html,,"Dentsu Announces Acquisition of Global Mind , a Digital Performance Marketing Agency in Argentina - Press Releases - NEWS",20180712T030000Z,,dentsu.com,English,Japan,Argentina
https://www.morningstar.com/articles/875748/emerging-markets-have-stung-some-core-bond-funds.html,,Emerging Markets Have Stung Some Core Bond Funds,20180731T121500Z,,morningstar.com,English,China,Argentina
https://gulfnews.com/business/sectors/markets/emerging-markets-in-trade-war-crossfire-face-deepening-policy-conundrum-1.2258422,http://m.gulfnews.com/amp/business/sectors/markets/emerging-markets-in-trade-war-crossfire-face-deepening-policy-conundrum-1.2258422,"Emerging markets , in trade war crossfire , face deepening policy conundrum",20180729T110000Z,,gulfnews.com,English,United Arab Emirates,Argentina
http://www.rechargenews.com/wind/1543973/wind-sets-pace-as-argentina-works-through-round-2-ppas,,Wind sets pace as Argentina works through Round 2 PPAs,20180730T144500Z,http://www.rechargenews.com/incoming/article1543983.ece5/ALTERNATES/LANDSCAPE_600/1dd78e0e02d468c7fe055536dea899d1,rechargenews.com,English,United States,Argentina
https://www.reuters.com/article/global-economy-emerging/column-emerging-markets-in-trade-war-crossfire-face-deepening-policy-conundrum-mcgeever-idUSL5N1UL2JL,https://mobile.reuters.com/article/amp/idUSL5N1UL2JL,"COLUMN - Emerging markets , in trade war crossfire , face deepening policy conundrum : McGeever",20180727T161500Z,https://s4.reutersmedia.net/resources_v2/images/rcom-default.png,reuters.com,English,United States,Argentina
https://www.theglobeandmail.com/business/article-in-the-trade-war-crossfire-emerging-markets-face-a-deepening-policy/,https://www.theglobeandmail.com/amp/business/article-in-the-trade-war-crossfire-emerging-markets-face-a-deepening-policy/,"In the trade war crossfire , emerging markets face a deepening policy conundrum",20180727T204500Z,https://www.theglobeandmail.com/resizer/WNEiKh-MaECVWU_8gRLP-50RatE=/1200x0/filters:quality(80)/arc-anglerfish-tgam-prod-tgam.s3.amazonaws.com/public/RIMXDMPNQBJQRNYI3USA4XIDOY.jpg,theglobeandmail.com,English,Canada,Argentina
https://www.forbes.com/sites/afontevecchia/2018/07/02/argentina-out-of-ideas-caputo-the-last-messiah/,https://www.forbes.com/sites/afontevecchia/2018/07/02/argentina-out-of-ideas-caputo-the-last-messiah/amp/,"Argentina Out Of Ideas : Caputo , The Last Messiah",20180702T131500Z,https://blogs-images.forbes.com/afontevecchia/files/2018/06/art-for-agust.jpg,forbes.com,English,United States,Argentina
http://en.mercopress.com/2018/07/21/capital-flight-from-emerging-economies-will-be-on-the-g20-table-anticipate-brazilian-sources,,"Capital flight from emerging economies will be on the G20 table , anticipate Brazilian sources",20180721T101500Z,http://en.mercopress.com/data/cache/noticias/65127/600x315/economist-rubens-barbosa.jpg,en.mercopress.com,English,Argentina,Argentina
https://www.telesurtv.net/english/news/Argentina-How-Buenos-Aires-Barter-Clubs-Pay-For-Basic-Goods-20180706-0020.html,https://www.telesurtv.net/english/amp/english/news/Argentina-How-Buenos-Aires-Barter-Clubs-Pay-For-Basic-Goods-20180706-0020.html,Argentina : How Buenos Aires Barter Clubs  Pay  For Basic Goods | News,20180707T044500Z,https://www.telesurtv.net/__export/1530932266741/sites/telesur/img/news/2018/07/06/2018-07-05t130551z_2_lynxmpee6412u_rtroptp_3_argentina-economy-bartering.jpg_1810791533.jpg,telesurtv.net,English,United States,Argentina
https://www.telesurtv.net/english/news/Argentina-Protests-Against-IMF-as-G20-Ministers-Convene-20180721-0009.html,https://www.telesurtv.net/english/amp/english/news/Argentina-Protests-Against-IMF-as-G20-Ministers-Convene-20180721-0009.html,Argentina : Protests Against IMF as G20 Ministers Convene | News,20180721T223000Z,https://www.telesurtv.net/__export/1532201147181/sites/telesur/img/news/2018/07/21/argentina_imf_g20_protests.jpg_1689854195.jpg,telesurtv.net,English,United States,Argentina
https://seekingalpha.com/article/4192127-crises-argentina-turkey-harbinger-global-crash,https://seekingalpha.com/amp/article/4192127-crises-argentina-turkey-harbinger-global-crash,Are Crises In Argentina And Turkey Harbinger Of The Global Crash ? ,20180730T203000Z,https://static3.seekingalpha.com/assets/og_image_192-59bfd51c9fe6af025b2f9f96c807e46f8e2f06c5ae787b15bf1423e6c676d4db.png,seekingalpha.com,English,United States,Argentina
http://www.4-traders.com/DENTSU-INC-6494643/news/Dentsu-Announces-Acquisition-of-Global-Mind-a-Digital-Performance-Marketing-Agency-in-Argentina-26912723/,http://www.4-traders.com/amp/DENTSU-INC-6494643/news/Dentsu-Announces-Acquisition-of-Global-Mind-a-Digital-Performance-Marketing-Agency-in-Argentina-26912723/,"Dentsu : Announces Acquisition of Global Mind , a Digital Performance Marketing Agency in Argentina",20180712T030000Z,,4-traders.com,English,United States,Argentina
http://todaycolombia.com/colombia-has-overtaken-argentina-as-latin-americas-3rd-economy/,http://todaycolombia.com/colombia-has-overtaken-argentina-as-latin-americas-3rd-economy/amp/,Colombia has overtaken Argentina as Latin America s 3rd economy,20180702T103000Z,http://todaycolombia.com/wp-content/uploads/2012/09/juan_carlos_echeverry.jpg,todaycolombia.com,English,Colombia,Argentina
https://www.investing.com/analysis/are-crises-in-argentina-and-turkey-harbinger-of-the-global-crash-200333982,https://m.investing.com/analysis/are-crises-in-argentina-and-turkey-harbinger-of-the-global-crash-200333982?ampMode=1,Are Argentina And Turkey Crises Harbinger Of A Global Crash ? ,20180727T114500Z,,investing.com,English,United States,Argentina
https://safehaven.com/markets/emerging-markets/Is-A-Global-Economic-Crash-Looming45851.html,,Is A Global Economic Crash Looming ? ,20180727T151500Z,https://d2t794khe5w43b.cloudfront.net/article/718x300/950418f5463045f75466ec208d9b3fc8.jpg,safehaven.com,English,United States,Argentina
https://www.marketwatch.com/story/gms-stock-drops-after-downbeat-profit-outlook-citing-rising-commodity-costs-and-unfavorable-fx-2018-07-25,https://www.marketwatch.com/amp/story/guid/72D34520-029F-4784-8FED-EC8CBB888292,"GM stock drops after downbeat profit outlook , citing rising commodity costs and unfavorable FX",20180725T114500Z,,marketwatch.com,English,United States,Argentina
https://www.reuters.com/article/us-givaudan-results/givaudan-profit-falls-as-currency-losses-in-argentina-bite-idUSKBN1K90IN,https://mobile.reuters.com/article/amp/idUSKBN1K90IN,Givaudan profit falls as currency losses in Argentina bite,20180719T100000Z,https://s4.reutersmedia.net/resources_v2/images/rcom-default.png,reuters.com,English,United States,Argentina
https://www.bbc.com/news/business-44949990,https://www.bbc.com/news/amp/business-44949990,Santander sees growth but united kingdom profits slip,20180725T111500Z,https://ichef.bbci.co.uk/news/1024/branded_news/E807/production/_93799395__90792233_gettyimages-103231721.jpg,bbc.com,English,United Kingdom,Argentina
https://www.bbc.co.uk/news/business-44949990,https://www.bbc.co.uk/news/amp/business-44949990,Santander sees growth but united kingdom profits slip,20180725T071500Z,https://ichef.bbci.co.uk/news/1024/branded_news/E807/production/_93799395__90792233_gettyimages-103231721.jpg,bbc.co.uk,English,United Kingdom,Argentina
https://human-wrongs-watch.net/2018/07/22/argentina-protests-against-imf-as-g20-ministers-convene/,https://human-wrongs-watch.net/2018/07/22/argentina-protests-against-imf-as-g20-ministers-convene/amp/,Argentina : Protests Against IMF as G20 Ministers Convene,20180722T134500Z,https://www.telesurtv.net/__export/1532201147181/sites/telesur/img/news/2018/07/21/argentina_imf_g20_protests.jpg_1718483346.jpg,human-wrongs-watch.net,English,United States,Argentina
http://www.321gold.com/editorials/sieron/sieron073018.html,,"Jul 30 , 2018 Are Crises in Argentina and Turkey Harbinger of the Global Crash ? Arkadiusz Sieron 321gold",20180730T134500Z,,321gold.com,English,,Argentina
https://www.forbes.com/sites/stevehanke/2018/07/03/an-elixir-for-argentinas-fiscal-dysfunction/,https://www.forbes.com/sites/stevehanke/2018/07/03/an-elixir-for-argentinas-fiscal-dysfunction/amp/,An Elixir For Argentina Fiscal Dysfunction,20180703T233000Z,https:///thumbnails/blog_4878/pt_4878_892_o.jpg?t=1530658804,forbes.com,English,United States,Argentina
http://www.xinhuanet.com/english/2018-07/10/c_137314032.htm,,"Interview : Fuel price hikes to drive up inflation in Argentina , warns expert - Xinhua",20180710T033000Z,,xinhuanet.com,English,China,Argentina
http://nna-leb.gov.lb/en/show-news/93096/AntiIMF-protests-take-place-on-Argentina-39-Independence-Day,,National News Agency,20180710T094500Z,http://nna-leb.gov.lb/files/pictures/5b447361cbb67_ebfd9156a02aaef36f6dd6821f5903629cff65696a246912569cdd47be74726e53d43ee5.jpg,nna-leb.gov.lb,English,Lebanon,Argentina
https://in.reuters.com/article/global-economy-emerging/column-emerging-markets-in-trade-war-crossfire-face-deepening-policy-conundrum-mcgeever-idINKBN1KH22Q,https://in.mobile.reuters.com/article/amp/idINKBN1KH22Q,"Column : Emerging markets , in trade war crossfire , face deepening policy conundrum - McGeever",20180727T164500Z,https://s4.reutersmedia.net/resources/r/?m=02&d=20180727&t=2&i=1287667389&r=LYNXMPEE6Q1DR,in.reuters.com,English,United States,Argentina
http://www.kitco.com/commentaries/2018-07-27/Are-Crises-in-Argentina-and-Turkey-Harbinger-of-the-Global-Crash.html,,Are Crises in Argentina and Turkey Harbinger of the Global Crash ? ,20180727T211500Z,http://www.kitco.com/commentaries/2018-07-27/images/1.png,kitco.com,English,China,Argentina
http://www.larouchepub.com/pr/2018/180709_close_argentina_nukes.html,,"Argentina Heavy - Water Plant in Danger of Closing , as Nuclear Sector Is Jeopardized",20180710T140000Z,,larouchepub.com,English,United States,Argentina
https://fixedincome.fidelity.com/ftgw/fi/FINewsArticle?id=201807131800RTRSNEWSCOMBINED_L1N1U91HF_1,,Fixed Income News,20180713T223000Z,,fixedincome.fidelity.com,English,United States,Argentina
https://www.msn.com/en-gb/finance/topstories/santander-sees-growth-but-uk-profits-slip/ar-BBL1EUt,,Santander sees growth but united kingdom profits slip,20180725T134500Z,,msn.com,English,United States,Argentina
https://www.latinamericanpost.com/index.php/macroeconomy/13442-argentinas-economy-further-contracts-in-2q,,Argentina economy further contracts in 2Q,20180801T011500Z,https://latinamericanpost.com/images/23ebad3ea3f6bf5cb16d8b8767ae7f7b.jpg,latinamericanpost.com,English,United States,Argentina
http://en.prothomalo.com/economy/news/179442/Facebook-drives-trading-in-Argentina%E2%80%99s-barter,http://m.prothom-alo.com/economy/news/179442/Facebook-drives-trading-in-Argentinaâs-barter,Facebook drives trading in Argentina barter clubs,20180710T071500Z,,en.prothomalo.com,English,Bangladesh,Argentina
http://en.mercopress.com/2018/07/19/macri-offers-optimistic-forecast-of-argentine-economy-pledging-growth-will-return-next-year,,"Macri offers optimistic forecast of Argentine economy , pledging growth will return next year",20180719T081500Z,http://en.mercopress.com/data/cache/noticias/65093/600x315/macri-pc.jpg,en.mercopress.com,English,Argentina,Argentina
https://www.reuters.com/article/argentina-imf/update-1-argentina-weighs-delays-to-tax-reform-plan-due-to-imf-deal-idUSL1N1U91RK,https://mobile.reuters.com/article/amp/idUSL1N1U91RK,UPDATE 1 - Argentina weighs delays to tax reform plan due to IMF deal,20180714T004500Z,https://s4.reutersmedia.net/resources_v2/images/rcom-default.png,reuters.com,English,United States,Argentina
https://in.reuters.com/article/argentina-imf/update-1-argentina-weighs-delays-to-tax-reform-plan-due-to-imf-deal-idINL1N1U91RK,https://in.mobile.reuters.com/article/amp/idINL1N1U91RK,UPDATE 1 - Argentina weighs delays to tax reform plan due to IMF deal,20180714T014500Z,https://s4.reutersmedia.net/resources_v2/images/rcom-default.png,in.reuters.com,English,United States,Argentina
http://revolutionradio.org/2018/07/27/are-crises-in-argentina-and-turkey-harbinger-of-the-global-crash/,,Are Crises in Argentina and Turkey Harbinger of the Global Crash ? ,20180727T211500Z,,revolutionradio.org,English,United States,Argentina
https://af.reuters.com/article/energyOilNews/idAFL1N1US0XK,,Argentina hikes electricity rates 24 . 4 pct in push to cut deficit | Energy & Oil,20180801T174500Z,https://s4.reutersmedia.net/resources_v2/images/rcom-default.png,af.reuters.com,English,United States,Argentina
https://af.reuters.com/article/commoditiesNews/idAFL1N1US0XK,,Argentina hikes electricity rates 24 . 4 pct in push to cut deficit | Agricultural Commodities,20180801T183000Z,https://s4.reutersmedia.net/resources_v2/images/rcom-default.png,af.reuters.com,English,United States,Argentina
https://www.devdiscourse.com/Article/47898-argentina-to-free-retail-fuel-prices-in-august,https://www.devdiscourse.com/Article/47898-argentina-to-free-retail-fuel-prices-in-august?amp,Argentina to free retail fuel prices in August | Global Edition,20180702T054500Z,https://www.devdiscourse.com/AdminFiles/NewsImages/02_07_2018_03_08_51_0189789.jpg,devdiscourse.com,English,China,Argentina
http://www.bnamericas.com/en/news/privatization/argentina-to-invest-us260mn-in-buenos-aires-highway,,Argentina to invest US$260mn in Buenos Aires highway,20180703T183000Z,https://w5s.bnamericas.com/bnamericas/imagebank/114733.jpg,bnamericas.com,English,United States,Argentina
https://www.bnamericas.com/en/news/privatization/argentina-to-invest-us260mn-in-buenos-aires-highway,,Argentina to invest US$260mn in Buenos Aires highway,20180705T034500Z,https://w5s.bnamericas.com/bnamericas/imagebank/114733.jpg,bnamericas.com,English,United States,Argentina
https://uk.reuters.com/article/argentina-politics-idUKL1N1UE1YJ,https://uk.mobile.reuters.com/article/amp/idUKL1N1UE1YJ,UPDATE 1 - Argentina Macri says economy to return to growth in 2019,20180719T013000Z,https://s4.reutersmedia.net/resources_v2/images/rcom-default.png,uk.reuters.com,English,United States,Argentina
https://www.reuters.com/article/argentina-politics/update-1-argentinas-macri-says-economy-to-return-to-growth-in-2019-idUSL1N1UE1YJ,https://mobile.reuters.com/article/amp/idUSL1N1UE1YJ,UPDATE 1 - Argentina Macri says economy to return to growth in 2019,20180719T004500Z,https://s4.reutersmedia.net/resources_v2/images/rcom-default.png,reuters.com,English,United States,Argentina
http://triplecrisis.com/argentina-20-years-on-has-the-imf-really-changed-its-ways/,,"Argentina : 20 Years on , Has the IMF Really Changed Its Ways ?   TripleCrisis",20180723T161500Z,,triplecrisis.com,English,United States,Argentina
https://www.nakedcapitalism.com/2018/07/argentina-20-years-imf-really-changed-ways.html,,Argentina 20 Years On : Has the IMF Really Changed Its Ways ? ,20180724T170000Z,,nakedcapitalism.com,English,United States,Argentina
https://af.reuters.com/article/energyOilNews/idAFL1N1TW028,,Argentina to free retail fuel prices in August | Energy & Oil,20180702T041500Z,https://s4.reutersmedia.net/resources_v2/images/rcom-default.png,af.reuters.com,English,United States,Argentina
https://www.reuters.com/article/argentina-energy/rpt-argentina-to-free-retail-fuel-prices-in-august-idUSL1N1TY0KW,https://mobile.reuters.com/article/amp/idUSL1N1TY0KW,RPT - Argentina to free retail fuel prices in August,20180702T150000Z,https://s4.reutersmedia.net/resources_v2/images/rcom-default.png,reuters.com,English,United States,Argentina
https://af.reuters.com/article/energyOilNews/idAFL1N1TY0KW,,RPT - Argentina to free retail fuel prices in August | Energy & Oil,20180702T144500Z,https://s4.reutersmedia.net/resources_v2/images/rcom-default.png,af.reuters.com,English,United States,Argentina
https://www.reuters.com/article/argentina-energy-idUSL1N1TY0KW,https://mobile.reuters.com/article/amp/idUSL1N1TY0KW,RPT - Argentina to free retail fuel prices in August,20180702T154500Z,https://s4.reutersmedia.net/resources_v2/images/rcom-default.png,reuters.com,English,United States,Argentina
https://www.reuters.com/article/argentina-energy/argentina-to-free-retail-fuel-prices-in-august-idUSL1N1TW028,https://mobile.reuters.com/article/amp/idUSL1N1TW028,Argentina to free retail fuel prices in August,20180702T040000Z,https://s4.reutersmedia.net/resources_v2/images/rcom-default.png,reuters.com,English,United States,Argentina
https://in.reuters.com/article/argentina-energy/argentina-to-free-retail-fuel-prices-in-august-idINL1N1TW028,https://in.mobile.reuters.com/article/amp/idINL1N1TW028,Argentina to free retail fuel prices in August,20180702T103000Z,https://s4.reutersmedia.net/resources_v2/images/rcom-default.png,in.reuters.com,English,United States,Argentina
https://af.reuters.com/article/commoditiesNews/idAFL1N1TW028,,Argentina to free retail fuel prices in August | Agricultural Commodities,20180702T103000Z,https://s4.reutersmedia.net/resources_v2/images/rcom-default.png,af.reuters.com,English,United States,Argentina
https://santiagotimes.cl/2018/07/13/argentina-withdraws-reward-to-help-find-ara-san-juan/,,Argentina withdraws reward offered to help find ARA San Juan – The Santiago Times,20180714T021500Z,,santiagotimes.cl,English,Chile,Argentina
http://newstrackindia.com/newsdetails/2018/7/1/49-Gold-rate-in-Argentina-on-01-July.html,,Gold rate in Argentina on 01 July,20180701T111500Z,,newstrackindia.com,English,India,Argentina
http://blogs.platts.com/2018/07/16/argentina-shale-development/,,Argentina currency crash hits shale development,20180716T061500Z,http://tobfeee5pvufw4cd-zippykid.netdna-ssl.com/wp-content/uploads/2018/07/argentina-oil-gas-consumption.jpg,blogs.platts.com,English,China,Argentina
https://mrtopstep.com/argentinas-currency-crash-hits-shale-development-2/,https://mrtopstep.com/argentinas-currency-crash-hits-shale-development-2/amp/,Argentina currency crash hits shale development,20180716T134500Z,https://mrtopstep.com/wp-content/uploads/2015/02/platts.jpeg,mrtopstep.com,English,United States,Argentina
https://mrtopstep.com/argentinas-currency-crash-hits-shale-development/,https://mrtopstep.com/argentinas-currency-crash-hits-shale-development/amp/,Argentina currency crash hits shale development,20180716T100000Z,https://mrtopstep.com/wp-content/uploads/2015/02/platts.jpeg,mrtopstep.com,English,United States,Argentina
https://www.morningstaronline.co.uk/article/economists-warn-argentina-is-on-the-brink-of-recession,,"Argentina on the brink of recession , economists warn",20180724T170000Z,https://morningstaronline.co.uk/sites/default/files/AP_18202650962926.jpg,morningstaronline.co.uk,English,United Kingdom,Argentina
https://morningstaronline.co.uk/article/economists-warn-argentina-is-on-the-brink-of-recession,,"Argentina on the brink of recession , economists warn",20180724T170000Z,https://morningstaronline.co.uk/sites/default/files/AP_18202650962926.jpg,morningstaronline.co.uk,English,United Kingdom,Argentina
http://en.mercopress.com/2018/07/25/argentina-s-stats-office-data-reveals-recession-is-round-the-corner,,Argentina stats office data reveals recession is round the corner,20180725T061500Z,http://en.mercopress.com/data/cache/noticias/65179/600x315/bolsa-comercio-rosario.jpg,en.mercopress.com,English,Argentina,Argentina
https://www.forbes.com/sites/afontevecchia/2018/07/31/uncertainty-and-risk-in-macris-argentina-on-protean-power-and-unknown-unknowns/,,Uncertainty And Risk In Macri Argentina : On Protean Power And Unknown Unknowns,20180731T131500Z,https://blogs-images.forbes.com/afontevecchia/files/2018/07/20180721-macri-340689.jpg,forbes.com,English,United States,Argentina
https://www.reuters.com/article/argentina-fiscal/update-1-argentina-primary-deficit-falls-to-0-8-pct-of-gdp-in-first-half-idUSL1N1UF0Y1,https://mobile.reuters.com/article/amp/idUSL1N1UF0Y1,UPDATE 1 - Argentina primary deficit falls to 0 . 8 pct of GDP in first half,20180719T170000Z,https://s4.reutersmedia.net/resources_v2/images/rcom-default.png,reuters.com,English,United States,Argentina
https://www.reuters.com/article/argentina-fiscal/update-1-argentina-primary-deficit-falls-to-08-pct-of-gdp-in-first-half-idUSL1N1UF0Y1,https://mobile.reuters.com/article/amp/idUSL1N1UF0Y1,UPDATE 1 - Argentina primary deficit falls to 0 . 8 pct of GDP in first half,20180720T001500Z,https://s4.reutersmedia.net/resources_v2/images/rcom-default.png,reuters.com,English,United States,Argentina
https://uk.reuters.com/article/argentina-energy/rpt-argentina-to-free-retail-fuel-prices-in-august-idUKL1N1TY0KW,https://uk.mobile.reuters.com/article/amp/idUKL1N1TY0KW,RPT - Argentina to free retail fuel prices in August,20180702T144500Z,https://s4.reutersmedia.net/resources_v2/images/rcom-default.png,uk.reuters.com,English,United States,Argentina
https://uk.reuters.com/article/argentina-energy/argentina-to-free-retail-fuel-prices-in-august-idUKL1N1TW028,https://uk.mobile.reuters.com/article/amp/idUKL1N1TW028,Argentina to free retail fuel prices in August,20180702T054500Z,https://s4.reutersmedia.net/resources_v2/images/rcom-default.png,uk.reuters.com,English,United States,Argentina
http://naija247news.com/2018/07/18/heres-one-more-factor-that-could-add-to-emerging-market-headwinds/,,Here one more factor that could add to emerging - market headwindsNaija247news,20180718T180000Z,http://naija247news.com/wp-content/plugins/all-in-one-seo-pack/images/default-user-image.png,naija247news.com,English,Nigeria,Argentina
https://www.agriculture.com/markets/newswire/update-1-argentina-weighs-delays-to-tax-reform-plan-due-to-imf-deal,,UPDATE 1 - Argentina weighs delays to tax reform plan due to IMF deal,20180714T014500Z,,agriculture.com,English,United States,Argentina
