url,url_mobile,title,seendate,socialimage,domain,language,sourcecountry,country
https://af.reuters.com/article/commoditiesNews/idAFI7N1S4025,,BRIEF - Turkey Discount Retailer Sok Marketler completes 2 . 3 bln lira IPO | Agricultural Commodities,20180514T091500Z,https://s4.reutersmedia.net/resources_v2/images/rcom-default.png,af.reuters.com,English,United States,Turkey
https://www.marketwatch.com/story/as-election-looms-turkish-lira-feels-more-pain-after-fed-rate-hike-2018-06-13,https://www.marketwatch.com/amp/story/guid/BA011DD0-6F48-11E8-AD11-63601795C3DA,"As election looms , Turkish lira feels more pain after Fed rate hike",20180613T211500Z,http://s.marketwatch.com/public/resources/MWimages/MW-FX683_Turkis_MG_20171103135936.jpg,marketwatch.com,English,United States,Turkey
http://www.futuresmag.com/2018/05/15/selling-pressure-emerging-market-currencies-accelerates-following-latest-lira-decline,,Selling pressure in emerging market currencies accelerates following latest Lira decline,20180515T181500Z,,futuresmag.com,English,United States,Turkey
https://www.actionforex.com/contributors/fundamental-analysis/95415-selling-pressure-in-emerging-market-currencies-accelerates-following-latest-lira-decline/,https://www.actionforex.com/contributors/fundamental-analysis/95415-selling-pressure-in-emerging-market-currencies-accelerates-following-latest-lira-decline/amp/,Selling Pressure In Emerging Market Currencies Accelerates Following Latest Lira Decline,20180515T133000Z,https://www.actionforex.com/wp-content/uploads/cat-images/fund-daily.jpg,actionforex.com,English,United Kingdom,Turkey
https://www.aa.com.tr/en/economy/syrians-launch-campaign-to-support-turkish-lira-/1160076,,Syrians launch campaign to support Turkish lira,20180530T020000Z,https://cdnuploads.aa.com.tr/uploads/Contents/2018/05/29/thumbs_b_c_e9bdabb45302144b219f6f2b9c535c40.jpg?v=185611,aa.com.tr,English,Turkey,Turkey
https://www.marketwatch.com/story/turkey-halts-lira-free-fall-but-its-not-out-of-the-woods-yet-2018-05-23,https://www.marketwatch.com/amp/story/guid/068654C2-5EC8-11E8-A9FE-6162988145BC,"Turkey intervention halts lira free fall , but it not out of the woods yet",20180523T214500Z,http://s.marketwatch.com/public/resources/MWimages/MW-FY794_turkis_MG_20171121120132.jpg,marketwatch.com,English,United States,Turkey
http://www.xinhuanet.com/english/2018-06/04/c_137229770.htm,,Turkey inflation rate hits six - month high ahead of elections - Xinhua,20180604T140000Z,,xinhuanet.com,English,China,Turkey
https://www.reuters.com/article/us-turkey-currency/turkeys-lira-hits-record-low-on-surging-dollar-policy-worries-idUSKCN1IJ25F,https://mobile.reuters.com/article/amp/idUSKCN1IJ25F,"Turkey lira hits record low on surging dollar , policy worries",20180518T164500Z,https://s4.reutersmedia.net/resources/r/?m=02&d=20180518&t=2&i=1263470381&r=LYNXNPEE4H19U,reuters.com,English,United States,Turkey
https://in.reuters.com/article/us-turkey-currency/turkeys-lira-hits-record-low-on-surging-dollar-policy-worries-idINKCN1IJ25F,https://in.mobile.reuters.com/article/amp/idINKCN1IJ25F,"Turkey lira hits record low on surging dollar , policy worries",20180518T163000Z,https://s4.reutersmedia.net/resources/r/?m=02&d=20180518&t=2&i=1263470381&r=LYNXNPEE4H19U,in.reuters.com,English,United States,Turkey
https://uk.reuters.com/article/us-turkey-currency/turkeys-lira-hits-record-low-on-surging-dollar-policy-worries-idUKKCN1IJ25F,https://uk.mobile.reuters.com/article/amp/idUKKCN1IJ25F,"Turkey lira hits record low on surging dollar , policy worries",20180518T164500Z,https://s4.reutersmedia.net/resources/r/?m=02&d=20180518&t=2&i=1263470381&r=LYNXNPEE4H19U,uk.reuters.com,English,United States,Turkey
http://www.hurriyetdailynews.com/turkish-govt-to-cut-tax-on-fuel-price-to-beat-lira-plunge-oil-rise-131959,http://www.hurriyetdailynews.com/amp/turkish-govt-to-cut-tax-on-fuel-price-to-beat-lira-plunge-oil-rise-131959,"Turkish govt to cut tax on fuel price to beat lira plunge , oil rise",20180517T123000Z,,hurriyetdailynews.com,English,Turkey,Turkey
https://www.aa.com.tr/en/economy/turkeys-borsa-istanbul-down-at-open-/1172398,,Turkey Borsa Istanbul down at open,20180612T093000Z,https://cdnuploads.aa.com.tr/uploads/Contents/2018/06/12/thumbs_b_c_6dca11edd54b15931e738421d8853b8e.jpg?v=110323,aa.com.tr,English,Turkey,Turkey
https://aawsat.com/english/home/article/1281396/turkish-president-calls-turks-convert-dollar-euro-lira,https://aawsat.com/english/home/article/1281396/turkish-president-calls-turks-convert-dollar-euro-lira?amp,"Turkish President Calls on Turks to Convert Dollar , Euro into Lira",20180527T084500Z,https://aawsat.com/sites/default/files/styles/large/public/2018/05/27/download.jpg?itok=xsJZl7sT,aawsat.com,English,Syria,Turkey
http://voiceofvienna.org/2018/05/27/erdogan-asks-turks-to-prop-up-lira-amid-currency-volatility/,,Erdogan asks Turks to prop up lira amid currency volatility – Voice Of Vienna,20180527T011500Z,,voiceofvienna.org,English,Pakistan,Turkey
http://www.keeptalkinggreece.com/2018/05/27/erdogan-turkish-lira-euro-dollar/,,Erdogan urges Turkey citizens to covert Dollar - and Euro - savings into Turkish Lira,20180527T094500Z,http://www.keeptalkinggreece.com/wp-content/uploads/2017/06/erdoganjune-660x330.jpg,keeptalkinggreece.com,English,Greece,Turkey
http://www.atimes.com/article/as-lira-continues-fall-turkey-finds-itself-in-a-trap/,http://www.atimes.com/article/as-lira-continues-fall-turkey-finds-itself-in-a-trap/amp/,"As lira continues fall , Turkey finds itself in a trap",20180515T163000Z,http://static.atimes.com/uploads/2018/05/Turkish-lira-1600x960.png,atimes.com,English,China,Turkey
https://www.washingtonpost.com/business/what-the-liras-plight-says-about-turkeys-economy-quicktake/2018/05/14/d7e172a2-576d-11e8-9889-07bcc1327f4b_story.html,https://www.bloomberg.com/news/articles/2018-05-14/what-the-lira-s-plight-says-about-turkey-s-economy-quicktake,What the Lira Plight Says About Turkey Economy : QuickTake,20180514T134500Z,,washingtonpost.com,English,United States,Turkey
https://www.bloomberg.com/news/articles/2018-05-14/what-the-lira-s-plight-says-about-turkey-s-economy-quicktake,https://www.bloomberg.com/amp/news/articles/2018-05-14/what-the-lira-s-plight-says-about-turkey-s-economy-quicktake,What the Lira Plight Says About Turkey Economy : QuickTake,20180514T133000Z,https://assets.bwbx.io/images/users/iqjWHBFdfxIU/iO9fglxvUH8c/v1/1200x800.jpg,bloomberg.com,English,United States,Turkey
https://www.dailysabah.com/finance/2018/05/22/sp-urges-quick-action-on-turkish-liras-decline,https://www.dailysabah.com/finance/2018/05/22/sp-urges-quick-action-on-turkish-liras-decline/amp,S & P urges quick action on Turkish lira decline,20180522T174500Z,https://idsb.tmgrup.com.tr/2018/05/22/sp-urges-for-quick-action-on-turkish-liras-decline-1526999352134.jpg,dailysabah.com,English,Turkey,Turkey
http://countingpips.com/2018/05/selling-pressure-in-emerging-market-currencies-accelerates-following-latest-lira-decline/,http://countingpips.com/2018/05/selling-pressure-in-emerging-market-currencies-accelerates-following-latest-lira-decline/amp/,Selling pressure in emerging market currencies accelerates following latest Lira decline,20180515T160000Z,,countingpips.com,English,United States,Turkey
http://www.france24.com/en/20180516-turkey-lira-hits-new-historic-lows-after-erdogan-comments,http://m.france24.com/en/20180516-turkey-lira-hits-new-historic-lows-after-erdogan-comments,Flash - Turkey lira hits new historic lows after Erdogan comments - France 24,20180516T101500Z,http://scd.france24.com/en/files/imagecache/home_1024/images/afp/0f1e17d9141eb7fd8f4d385471e8e1058c5310a4_0.jpg,france24.com,English,France,Turkey
http://www.naharnet.com/stories/en/246238-turkey-lira-hits-new-historic-lows-after-erdogan-comments,,Turkey Lira Hits New Historic Lows after Erdogan Comments Naharnet,20180516T121500Z,http://images0.naharnet.com/images/211629/w140.jpg,naharnet.com,English,Syria,Turkey
http://guardian.ng/news/turkey-lira-hits-new-historic-lows-after-erdogan-comments/,http://guardian.ng/news/turkey-lira-hits-new-historic-lows-after-erdogan-comments/amp,Turkey lira hits new historic lows after Erdogan comments World The Guardian Nigeria Newspaper – Nigeria and World News,20180516T124500Z,https://guardian.ng/wp-content/uploads/2018/05/Recep-Tayyip-Erdogan-1-640x360.jpg,guardian.ng,English,Nigeria,Turkey
https://guardian.ng/news/turkey-lira-hits-new-historic-lows-after-erdogan-comments/,https://guardian.ng/news/turkey-lira-hits-new-historic-lows-after-erdogan-comments/amp,Turkey lira hits new historic lows after Erdogan comments World The Guardian Nigeria Newspaper – Nigeria and World News,20180516T111500Z,https://guardian.ng/wp-content/uploads/2018/05/Recep-Tayyip-Erdogan-1-640x360.jpg,guardian.ng,English,Nigeria,Turkey
https://www.dailysabah.com/economy/2018/05/31/pressure-on-turkish-lira-recedes-as-investors-persuaded-by-sound-monetary-fiscal-policies,https://www.dailysabah.com/economy/2018/05/31/pressure-on-turkish-lira-recedes-as-investors-persuaded-by-sound-monetary-fiscal-policies/amp,"Pressure on Turkish lira recedes as investors persuaded by sound monetary , fiscal policies",20180530T214500Z,https://idsb.tmgrup.com.tr/2018/05/30/turkish-lira-rallies-after-strong-messages-from-london-meetings-1527709010775.jpg,dailysabah.com,English,Turkey,Turkey
https://www.businessinsider.in/the-turkish-lira-is-rallying-after-its-central-bank-hiked-rates-to-17-75/articleshow/64495756.cms,https://www.businessinsider.in/the-turkish-lira-is-rallying-after-its-central-bank-hiked-rates-to-17-75/amp_articleshow/64495756.cms,The Turkish lira is rallying after its central bank hiked rates to 17 . 75 % ,20180607T151500Z,https://www.businessinsider.in/photo/64495756/the-turkish-lira-is-rallying-after-its-central-bank-hiked-rates-to-17-75.jpg?85407,businessinsider.in,English,India,Turkey
http://yalibnan.com/2018/05/24/turkey-halts-liras-free-fall-has-fallen-20-so-far-this-year-against-the-dollar/,,Turkey halts lira s free fall . Has fallen 20 % so far this year against the dollar,20180524T124500Z,,yalibnan.com,English,Syria,Turkey
https://ahvalnews.com/turkish-lira/investors-may-throw-towel-turkey-strategist,,Investors may throw in the towel on Turkey - strategist,20180519T134500Z,https://ahvalnews.com/sites/default/files/styles/file_watermark_5415.jpeg,ahvalnews.com,English,Turkey,Turkey
https://gulfnews.com/business/sectors/markets/lira-tumbles-to-record-as-lack-of-central-bank-action-fuels-rout-1.2227926,http://m.gulfnews.com/amp/business/sectors/markets/lira-tumbles-to-record-as-lack-of-central-bank-action-fuels-rout-1.2227926,Lira tumbles to record as lack of central bank action fuels rout,20180528T150000Z,https://static.gulfnews.com/polopoly_fs/1.2228124!/image/174996905.jpg_gen/derivatives/box_460346/174996905.jpg,gulfnews.com,English,United Arab Emirates,Turkey
http://www.xinhuanet.com/english/2018-05/30/c_137215958.htm,,"Spotlight : Turkey acts to regain investors confidence , save embattled currency - Xinhua",20180530T004500Z,,xinhuanet.com,English,China,Turkey
https://fixedincome.fidelity.com/ftgw/fi/FINewsArticle?id=201805231721MRKTWTCHNEWS_SVC000620,,Fixed Income News,20180523T214500Z,,fixedincome.fidelity.com,English,United States,Turkey
http://www.worldbulletin.net/headlines/202584/syrians-launch-campaign-to-support-turkish-lira,,Syrians launch campaign to support Turkish lira | Turkey,20180530T110000Z,http://media.worldbulletin.net/news/2015/08/20/lira.jpg,worldbulletin.net,English,Turkey,Turkey
http://www.worldbulletin.net/syrians-launch-campaign-to-support-turkish-lira/202584/syrians-launch-campaign-to-support-turkish-lira,,Syrians launch campaign to support Turkish lira | Turkey,20180531T093000Z,http://media.worldbulletin.net/news/2015/08/20/lira.jpg,worldbulletin.net,English,Turkey,Turkey
http://www.worldbulletin.net/news/202584/syrians-launch-campaign-to-support-turkish-lira,,Syrians launch campaign to support Turkish lira | Turkey,20180531T093000Z,http://media.worldbulletin.net/news/2015/08/20/lira.jpg,worldbulletin.net,English,Turkey,Turkey
http://www.digitaljournal.com/news/world/turkey-bank-vows-necessary-steps-after-lira-crashes-to-new-lows/article/522337,,Turkey bank vows  necessary step after lira crashes to new lows,20180516T131500Z,http://www.digitaljournal.com/img/1/0/4/8/0/9/3/i/3/8/4/p-large/101e7928bef964b0cd13f38eca12586d2308743a.jpg,digitaljournal.com,English,United States,Turkey
https://steelguru.com/steel/gms-market-commentary-on-shipbreaking-in-turkey-in-week-19-lira-languishes-further/509505,,GMS Market Commentary on Shipbreaking in Turkey in Week 19,20180516T050000Z,https://steelguru.com/uploads/news/gms_market_commentary_on_shipbreaking_in_turkey_in_week_19_23403.jpg,steelguru.com,English,China,Turkey
https://aawsat.com/english/home/article/1272386/turkey-central-bank-vows-necessary-steps-calm-lira,https://aawsat.com/english/home/article/1272386/turkey-central-bank-vows-necessary-steps-calm-lira?amp,Turkey : Central Bank Vows Necessary Steps to Calm Lira,20180518T141500Z,https://aawsat.com/sites/default/files/styles/large/public/2018/05/18/lira.jpg?itok=8OORs-WK,aawsat.com,English,Syria,Turkey
https://www.marketwatch.com/story/turkish-lira-hits-historic-low-as-erdogan-eyes-control-of-countrys-central-bank-2018-05-15,https://www.marketwatch.com/amp/story/guid/FFF4AC44-585A-11E8-B3CC-E89561607806,Turkish lira hits historic low as Erdogan eyes control of country central bank,20180515T183000Z,http://s.marketwatch.com/public/resources/MWimages/MW-GJ230_erdoga_ZG_20180515123805.jpg,marketwatch.com,English,United States,Turkey
http://www.france24.com/en/20180516-turkey-bank-vows-necessary-steps-after-lira-crashes-new-lows,http://m.france24.com/en/20180516-turkey-bank-vows-necessary-steps-after-lira-crashes-new-lows,Flash - Turkey bank vows  necessary step after lira crashes to new lows - France 24,20180516T140000Z,http://www.france24.com/bundles/aefhermesf24/img/vf-missing-image.png?version=20180301121500,france24.com,English,France,Turkey
https://au.news.yahoo.com/turkey-bank-vows-necessary-steps-lira-crashes-lows-124620414--spt.html,https://au.news.yahoo.com/amphtml/turkey-bank-vows-necessary-steps-lira-crashes-lows-124620414--spt.html,Turkey bank vows  necessary step after lira crashes to new lows,20180516T131500Z,,au.news.yahoo.com,English,United States,Turkey
https://english.enabbaladi.net/archives/2018/06/has-the-turkification-of-currency-begun-in-northern-syria/,https://english.enabbaladi.net/archives/2018/06/has-the-turkification-of-currency-begun-in-northern-syria/amp/,Has the Turkification of Currency Begun in Northern Syria ? ,20180613T190000Z,https://english.enabbaladi.net/wp-content/uploads/2018/06/Turkey.jpg,english.enabbaladi.net,English,Syria,Turkey
http://syrianobserver.com/EN/Features/34350/Has_Turkification_Currency_Begun_Northern_Syria,,SyrianObserver . com : Has the Turkification of Currency Begun in Northern Syria ? ,20180611T100000Z,http://syrianobserver.com/tjcgArtImages/images/IMG-RSG-96010.jpg,syrianobserver.com,English,Syria,Turkey
http://english.alarabiya.net/en/business/economy/2018/05/29/The-Turkish-Lira-Story-of-its-fall-amid-political-economic-uncertainty.html,,"The Turkish Lira : Story of its fall amid political , economic uncertainty",20180529T034500Z,https://vid.alarabiya.net/images/2018/05/29/7633c2d4-8a32-4790-aa77-88ba1dbbc512/7633c2d4-8a32-4790-aa77-88ba1dbbc512_16x9_788x442.JPG,english.alarabiya.net,English,Iran,Turkey
https://www.marketwatch.com/story/turkey-delivers-another-rate-hike-sending-currency-soaring-2018-06-07,https://www.marketwatch.com/amp/story/guid/F16BFB36-6A58-11E8-97E1-F5D5E4AB6221,"Turkey delivers another rate hike , sending currency soaring",20180607T161500Z,http://s.marketwatch.com/public/resources/MWimages/MW-FY794_turkis_MG_20171121120132.jpg,marketwatch.com,English,United States,Turkey
http://mwcnews.net/news/business/72211-erdogan-asks-turks-to-prop-up-lira.html,,Erdogan asks Turks to prop up lira amid currency volatility,20180527T020000Z,http://mwcnews.net/images/comprofiler/62_54935dde3f7bb.jpg,mwcnews.net,English,Israel,Turkey
https://www.bloombergquint.com/quicktakes/2018/05/14/what-the-lira-s-plight-says-about-turkey-s-economy-quicktake,/quicktakes/2018/05/14/what-the-lira-s-plight-says-about-turkey-s-economy-quicktake.amp,What the Lira Plight Says About Turkey Economy : QuickTake,20180514T191500Z,https://fea.assettype.com/bloombergquint/assets/static/bq_1200x630_black-6867abadeb970f9954da9a6c3895c21ee8cbe46751cd04a78ed2e8f761da4905.png,bloombergquint.com,English,,Turkey
https://www.reuters.com/article/turkey-currency/turkish-lira-firms-shrugging-off-moodys-after-economy-officials-meet-investors-idUSL5N1T00U1,https://mobile.reuters.com/article/amp/idUSL5N1T00U1,"Turkish lira firms , shrugging off Moody after economy officials meet investors",20180531T034500Z,https://s4.reutersmedia.net/resources_v2/images/rcom-default.png,reuters.com,English,United States,Turkey
http://www.morningstar.co.uk/uk/news/AN_1528375858010930300/turkish-lira-advances-to-weekly-high-vs-us-dollar-after-turkey-rate-decision.aspx,,Turkish Lira Advances To Weekly High Vs US Dollar ... ,20180607T133000Z,,morningstar.co.uk,English,United Kingdom,Turkey
https://www.bloomberg.com/news/articles/2018-05-15/lira-falls-as-erdogan-intent-to-sway-money-policy-irks-traders,https://www.bloomberg.com/amp/news/articles/2018-05-15/lira-falls-as-erdogan-intent-to-sway-money-policy-irks-traders,Lira Falls as Erdogan Intent to Sway Money Policy Irks Traders,20180515T074500Z,https://assets.bwbx.io/images/users/iqjWHBFdfxIU/iPpKTNAzZ.mY/v0/1200x800.jpg,bloomberg.com,English,United States,Turkey
https://www.middle-east-online.com/en/turkish-lira-slips-462-against-dollar-repo-auctions-resume,,Turkish lira slips to 4 . 62 against dollar as repo auctions resume,20180601T180000Z,https://s3.eu-west-2.amazonaws.com/meo.prod/styles/social_image/s3/2018-06/lirac.jpg?hLFa4p9gIhP1hVxDNJDllom7QRcSjj5s&itok=j3pFctGo,middle-east-online.com,English,Iraq,Turkey
https://www.alaraby.co.uk/english/news/2018/6/7/turkey-raises-interest-rates-to-strengthen-weak-lira,https://www.alaraby.co.uk/english/amp/news/2018/6/7/turkey-raises-interest-rates-to-strengthen-weak-lira,"Turkey raises interest rates to strengthen weak lira , ahead of el",20180608T001500Z,https://www.alaraby.co.uk/english/file/getimagecustom/bdec25a5-80c7-4d25-85e1-964e2115754c/600/338,alaraby.co.uk,English,United Kingdom,Turkey
http://www.futuresmag.com/2018/05/23/turkish-lira-crisis-continues-deepen-currency-freefall,,Turkish Lira crisis continues to deepen with currency in freefall,20180523T173000Z,,futuresmag.com,English,United States,Turkey
https://uk.reuters.com/article/turkey-currency-outlook/graphic-markets-see-more-turkish-lira-losses-and-more-cenbank-moves-to-support-it-idUKL5N1SW52L,https://uk.mobile.reuters.com/article/amp/idUKL5N1SW52L,GRAPHIC - Markets see more Turkish lira losses and more cenbank moves to support it,20180527T130000Z,https://s4.reutersmedia.net/resources_v2/images/rcom-default.png,uk.reuters.com,English,United States,Turkey
https://www.marketwatch.com/story/turkish-central-bank-hikes-lending-rate-halts-lira-drop-2018-05-23,https://www.marketwatch.com/amp/story/guid/742D1195-F694-4421-874D-623364D4067B,"Turkish central bank hikes lending rate , halts lira drop",20180523T170000Z,,marketwatch.com,English,United States,Turkey
https://www.bloomberg.com/news/articles/2018-05-14/erdogan-needs-to-charm-lira-higher-before-turkey-s-vote-chart,https://www.bloomberg.com/amp/news/articles/2018-05-14/erdogan-needs-to-charm-lira-higher-before-turkey-s-vote-chart,Erdogan Needs to Charm Lira Higher Before Turkey Vote,20180514T084500Z,https://assets.bwbx.io/s3/javelin/public/javelin/images/social-markets-3d32d2f713.jpg,bloomberg.com,English,United States,Turkey
https://www.forexlive.com/news/!/turkey-economic-minister-says-lira-weakening-is-speculative-20180523,,Turkey economic minister says lira weakening is speculative,20180523T140000Z,,forexlive.com,English,Greece,Turkey
https://www.bullionvault.com/gold-news/turkey-erdogan-053020182,https://www.bullionvault.com/gold-news/turkey-erdogan-053020182.amp,Turkey Flirts with Dictatorship,20180531T110000Z,,bullionvault.com,English,United Kingdom,Turkey
https://www.businesstimes.com.sg/companies-markets/turkish-lira-tumbles-to-record-low-as-lack-of-central-bank-action-fuels-rout,https://www.businesstimes.com.sg/companies-markets/turkish-lira-tumbles-to-record-low-as-lack-of-central-bank-action-fuels-rout?amp,"Turkish lira tumbles to record low as lack of central bank action fuels rout , Companies & Markets",20180523T091500Z,https://www.businesstimes.com.sg/sites/default/files/styles/article_img_retina/public/image/2018/05/23/file709grk9902p1gvmexavv_0.jpg?itok=uxf86hRg,businesstimes.com.sg,English,Singapore,Turkey
https://www.msn.com/en-us/finance/markets/turkish-currency-slide-poses-a-political-challenge-to-erdogan/ar-AAy1zJo,,Turkish Currency Slide Poses a Political Challenge to Erdogan,20180530T140000Z,,msn.com,English,United States,Turkey
http://english.alarabiya.net/en/business/economy/2018/05/15/Turkey-s-lira-slides-after-Erdogan-says-wants-greater-economic-control.html,,Turkey lira slides after Erdogan says wants greater economic control,20180515T130000Z,https://vid.alarabiya.net/images/2017/01/10/1376f7a0-7a70-4654-bf5f-ecf04aa62bfe/1376f7a0-7a70-4654-bf5f-ecf04aa62bfe_16x9_788x442.jpg,english.alarabiya.net,English,,Turkey
https://www.reuters.com/article/us-turkey-markets-lira-graphic/graphic-markets-see-more-turkish-lira-losses-and-more-cenbank-moves-to-support-it-idUSKCN1IQ24K,https://mobile.reuters.com/article/amp/idUSKCN1IQ24K,Graphic : Markets see more Turkish lira losses and more cenbank moves to support it,20180525T203000Z,https://s4.reutersmedia.net/resources/r/?m=02&d=20180525&t=2&i=1265932306&r=LYNXNPEE4O19R,reuters.com,English,United States,Turkey
https://in.reuters.com/article/us-turkey-markets-lira-graphic/graphic-markets-see-more-turkish-lira-losses-and-more-cenbank-moves-to-support-it-idINKCN1IQ24K,https://in.mobile.reuters.com/article/amp/idINKCN1IQ24K,Graphic : Markets see more Turkish lira losses and more cenbank moves to support it,20180525T153000Z,https://s4.reutersmedia.net/resources/r/?m=02&d=20180525&t=2&i=1265921033&r=LYNXNPEE4O19R,in.reuters.com,English,United States,Turkey
https://www.reuters.com/article/uk-turkey-markets-lira-graphic/graphic-markets-see-more-turkish-lira-losses-and-more-central-bank-moves-to-support-it-idUSKCN1IQ24U,https://mobile.reuters.com/article/amp/idUSKCN1IQ24U,Graphic - Markets see more Turkish lira losses and more central bank moves to support it,20180525T151500Z,https://s4.reutersmedia.net/resources/r/?m=02&d=20180525&t=2&i=1265922288&r=LYNXNPEE4O19W,reuters.com,English,United States,Turkey
https://in.reuters.com/article/uk-turkey-economy-business/lira-weakness-reflects-quick-fix-government-measures-business-lobby-says-idUSKCN1IP2KJ,https://in.mobile.reuters.com/article/amp/idUSKCN1IP2KJ,"Lira weakness reflects quick - fix government measures , business lobby says",20180524T160000Z,https://s3.reutersmedia.net/resources/r/?m=02&d=20180524&t=2&i=1265546390&r=LYNXNPEE4N1J7,in.reuters.com,English,United States,Turkey
https://www.reuters.com/article/uk-turkey-economy-business/lira-weakness-reflects-quick-fix-government-measures-business-lobby-says-idUSKCN1IP2KJ,https://mobile.reuters.com/article/amp/idUSKCN1IP2KJ,"Lira weakness reflects quick - fix government measures , business lobby says",20180524T153000Z,https://s3.reutersmedia.net/resources/r/?m=02&d=20180524&t=2&i=1265546390&r=LYNXNPEE4N1J7,reuters.com,English,United States,Turkey
https://www.wamda.com/2018/06/does-turkey-currency-dip-mean-local-startups,,Wamda,20180604T093000Z,https://wamda-prod.s3.amazonaws.com/feature-images/2a6389ea90a17d7.jpg,wamda.com,English,Egypt,Turkey
https://www.marketwatch.com/story/whats-troubling-the-turkey-etf-2018-05-30-12464158,,What Troubling The Turkey ETF,20180530T230000Z,,marketwatch.com,English,United States,Turkey
http://www.hurriyetdailynews.com/lira-slips-turkish-central-bank-takes-action-132702,http://www.hurriyetdailynews.com/amp/lira-slips-turkish-central-bank-takes-action-132702,"Lira slips , Turkish Central Bank takes action",20180601T153000Z,,hurriyetdailynews.com,English,Turkey,Turkey
https://www.middle-east-online.com/en/turkey-lira-hits-record-lows-erdogan-comments,,Turkey lira hits record lows on Erdogan comments |,20180516T111500Z,https://s3.eu-west-2.amazonaws.com/meo.prod/styles/file_watermark_616376.jpeg?1wHzwuzEh1OK1ICdlXE5zcrgdGUdsipF,middle-east-online.com,English,Iraq,Turkey
https://www.marketwatch.com/story/heres-how-turkeys-currency-woes-could-undermine-erdogans-re-election-bid-2018-05-24,https://www.marketwatch.com/amp/story/guid/8F282D22-5F78-11E8-A9FE-6162988145BC,Here how Turkey currency woes could undermine Erdogan re - election bid,20180524T211500Z,http://s.marketwatch.com/public/resources/MWimages/MW-GJ850_Erdoga_ZG_20180524151742.jpg,marketwatch.com,English,United States,Turkey
https://gulfnews.com/business/property/gulf-investors-get-a-jolt-of-turkish-lira-shock-1.2234595,http://m.gulfnews.com/amp/business/property/gulf-investors-get-a-jolt-of-turkish-lira-shock-1.2234595,Gulf investors get a jolt of Turkish lira shock,20180610T140000Z,,gulfnews.com,English,United Arab Emirates,Turkey
https://uk.reuters.com/article/turkey-currency/update-3-turkish-lira-weakens-rising-inflation-worries-weigh-idUKL5N1T30SM,https://uk.mobile.reuters.com/article/amp/idUKL5N1T30SM,"UPDATE 3 - Turkish lira weakens , rising inflation worries weigh",20180601T173000Z,https://s4.reutersmedia.net/resources_v2/images/rcom-default.png,uk.reuters.com,English,United States,Turkey
https://www.aljazeera.com/news/2018/05/erdogan-asks-turks-prop-lira-currency-volatility-180526143404023.html,https://www.aljazeera.com/amp/news/2018/05/erdogan-asks-turks-prop-lira-currency-volatility-180526143404023.html,Erdogan asks Turks to prop up lira amid currency volatility | News,20180526T183000Z,https://www.aljazeera.com/mritems/Images/2018/5/26/3129d68a00af4c4a89a53576bc23005a_18.jpg,aljazeera.com,English,United States,Turkey
https://seekingalpha.com/article/4177553-turkish-lira-crisis-opportunity,https://seekingalpha.com/amp/article/4177553-turkish-lira-crisis-opportunity,Turkish Lira - Crisis Or Opportunity ? ,20180527T210000Z,https://static.seekingalpha.com/images/marketing_images/numbers_words_signs/graphs_charts_arrows/chart_arrow_up.jpeg,seekingalpha.com,English,United States,Turkey
https://www.actionforex.com/contributors/fundamental-analysis/96576-is-there-an-end-in-sight-to-the-turkish-liras-freefall/,https://www.actionforex.com/contributors/fundamental-analysis/96576-is-there-an-end-in-sight-to-the-turkish-liras-freefall/amp/,Is There an End in Sight to the Turkish Lira Freefall ? ,20180518T150000Z,https://www.actionforex.com/wp-content/uploads/2018/05/f-try1.jpg,actionforex.com,English,United Kingdom,Turkey
http://www.kitco.com/news/2018-05-25/Graphic-Markets-see-more-Turkish-lira-losses-and-more-cenbank-moves-to-support-it.html,,Graphic : Markets see more Turkish lira losses and more cenbank moves to support it,20180525T161500Z,,kitco.com,English,China,Turkey
https://www.forbes.com/sites/stevehanke/2018/05/24/turkeys-lira-takes-a-dive-and-inflation-soars/,https://www.forbes.com/sites/stevehanke/2018/05/24/turkeys-lira-takes-a-dive-and-inflation-soars/amp/,Turkey Lira Takes a Dive and Inflation Soars,20180524T124500Z,https:///thumbnails/blog_4878/pt_4878_819_o.jpg?t=1527164703,forbes.com,English,United States,Turkey
http://spendmatters.com/2018/06/11/challenging-dried-fruit-and-nut-markets-due-to-currency-fluctuations/,,Challenging Dried Fruit and Nut Markets Due to Currency Fluctuations,20180611T170000Z,https://dwfoh96rza0z7.cloudfront.net/wp/wp-content/uploads/2018/02/25123157/money-351078_640.jpg,spendmatters.com,English,United States,Turkey
https://spendmatters.com/2018/06/11/challenging-dried-fruit-and-nut-markets-due-to-currency-fluctuations/,,Challenging Dried Fruit and Nut Markets Due to Currency Fluctuations,20180611T144500Z,https://dwfoh96rza0z7.cloudfront.net/wp/wp-content/uploads/2018/02/25123157/money-351078_640.jpg,spendmatters.com,English,United States,Turkey
http://www.digitaljournal.com/news/world/turkey-lira-in-freefall-eyes-on-central-bank/article/522936,,"Turkey lira  in freefall , eyes on central bank",20180523T111500Z,http://www.digitaljournal.com/img/1/0/4/8/0/9/3/i/3/8/5/p-large/eb5906c274f70bd65e2f325b7478417b0722feb9.jpg,digitaljournal.com,English,United States,Turkey
http://www.middleeasteye.net/news/good-gold-turkey-uses-bullion-stabilise-its-economy-742509608,,As good as gold : Turkey uses bullion to stabilise its economy,20180531T233000Z,http://www.middleeasteye.net/sites/default/files/main-images/Gold%20Reuters.jpg,middleeasteye.net,English,Israel,Turkey
http://www.france24.com/en/20180523-turkey-lira-hits-new-lows-eyes-turn-central-bank,http://m.france24.com/en/20180523-turkey-lira-hits-new-lows-eyes-turn-central-bank,Flash - Turkey lira hits new lows as eyes turn to central bank - France 24,20180523T084500Z,http://scd.france24.com/en/files/imagecache/home_1024/images/afp/afcb2c7addc02a1f13c117bb0936eaa740ad2e03.jpg,france24.com,English,France,Turkey
http://www.naharnet.com/stories/en/246529-turkey-lira-ts-new-lows-as-eyes-turn-to-central-bank,,Turkey Lira ts new lows as eyes turn to central bank Naharnet,20180523T093000Z,http://images2.naharnet.com/images/211838/w140.jpg,naharnet.com,English,Syria,Turkey
https://borneobulletin.com.bn/turks-feel-pinch-from-currency-slide-ahead-of-polls/,,Turks feel pinch from currency slide ahead of polls,20180527T100000Z,https://borneobulletin.com.bn/wp-content/uploads/2018/05/page-46-a-12p7_270518.jpg,borneobulletin.com.bn,English,Brunei,Turkey
https://uk.reuters.com/article/turkey-currency/update-2-turkish-lira-slips-to-4-62-against-dollar-as-repo-auctions-resume-idUKL5N1T30SM,https://uk.mobile.reuters.com/article/amp/idUKL5N1T30SM,"UPDATE 3 - Turkish lira weakens , rising inflation worries weigh",20180605T001500Z,https://s4.reutersmedia.net/resources_v2/images/rcom-default.png,uk.reuters.com,English,United States,Turkey
http://www.atimes.com/article/turkeys-economic-crisis-has-just-begun/,http://www.atimes.com/article/turkeys-economic-crisis-has-just-begun/amp/,Turkey economic crisis has just begun,20180612T183000Z,http://static.atimes.com/uploads/2018/06/iStock-906875226-1600x960.jpg,atimes.com,English,China,Turkey
https://www.cnbc.com/2018/05/15/turkeys-economy-is-entering-a-slow-burning-crisis-analysts-warn.html,//www.cnbc.com/amp/2018/05/15/turkeys-economy-is-entering-a-slow-burning-crisis-analysts-warn.html,"Turkey economy is entering a  slow burning crisis , analysts warn",20180515T143000Z,https://fm.cnbc.com/applications/cnbc.com/resources/img/editorial/2017/12/07/104884079-GettyImages-877527346.1910x1000.jpg,cnbc.com,English,United States,Turkey
http://en.rfi.fr/wire/20180516-turkey-bank-vows-necessary-steps-after-lira-crashes-new-lows,,Turkey bank vows  necessary step after lira crashes to new lows - France,20180516T133000Z,http://en.rfi.fr/bundles/aefhermesrfi/img/vf-missing-image.png?version=20180201121500,en.rfi.fr,English,,Turkey
http://www.gulf-times.com/story/594917/Turkey-says-addressing-economy-concerns-after-Mood,,Turkey says  addressing economy concern after Moody downgrade threat,20180602T224500Z,http://img.gulf-times.com/Content/Upload/Slider/62018304526278418657.jpg,gulf-times.com,English,Qatar,Turkey
https://www.thenews.com.pk/print/321782-despite-efforts-to-stop-lira-fall-turks-still-worried,https://www.thenews.com.pk/amp/321782-despite-efforts-to-stop-lira-fall-turks-still-worried,"Despite efforts to stop lira fall , Turks still worried | Business | thenews . com . pk",20180527T011500Z,https://www.thenews.com.pk/assets/uploads/akhbar/2018-05-27/l_321782_022007_updates.jpg,thenews.com.pk,English,Pakistan,Turkey
https://www.businesstimes.com.sg/banking-finance/god-help-turkey-says-brokerage-as-lira-goes-into-meltdown,https://www.businesstimes.com.sg/banking-finance/god-help-turkey-says-brokerage-as-lira-goes-into-meltdown?amp,"  God help Turkey , says brokerage as lira goes into meltdown , Banking & Finance",20180521T103000Z,https://www.businesstimes.com.sg/sites/all/themes/custom/businesstimes/images/BTdefault800.png,businesstimes.com.sg,English,Singapore,Turkey
http://www.theedgemarkets.com/article/turkish-lira-slips-462-against-us-dollar-repo-auctions-resume,,Turkish lira slips to 4 . 62 against US dollar as repo auctions resume,20180601T121500Z,https://assets.theedgemarkets.com/turkey-lira_20180601193525_reuters.jpg?null,theedgemarkets.com,English,Malaysia,Turkey
https://www.bloombergquint.com/global-economics/2018/06/04/turkey-lira-gains-bonds-fall-after-inflation-matches-estimate,/global-economics/2018/06/04/turkey-lira-gains-bonds-fall-after-inflation-matches-estimate.amp,Turkey Lira Gains As Jump In Inflation Boosts Bets On Rate Hike,20180605T050000Z,https://images.assettype.com/bloombergquint/2017-10/947019b7-550a-47f1-9fc7-035256c84919/301919115_1-6.jpg,bloombergquint.com,English,India,Turkey
http://www.hurriyetdailynews.com/turkeys-economic-management-team-meet-to-discuss-economy-as-lira-plunges-132229,http://www.hurriyetdailynews.com/amp/turkeys-economic-management-team-meet-to-discuss-economy-as-lira-plunges-132229,Turkey economic management team meet to discuss economy as lira plunges,20180523T090000Z,,hurriyetdailynews.com,English,Turkey,Turkey
https://uk.reuters.com/article/turkey-currency/turkish-lira-firms-shrugging-off-moodys-after-economy-officials-meet-investors-idUKL5N1T00U1,https://uk.mobile.reuters.com/article/amp/idUKL5N1T00U1,"Turkish lira firms , shrugging off Moody after economy officials meet investors",20180530T094500Z,https://s4.reutersmedia.net/resources_v2/images/rcom-default.png,uk.reuters.com,English,United States,Turkey
https://www.bloomberg.com/news/articles/2018-06-13/turkey-s-bonds-lira-slide-a-third-day-before-central-banks-meet,https://www.bloomberg.com/amp/news/articles/2018-06-13/turkey-s-bonds-lira-slide-a-third-day-before-central-banks-meet,Turkish Yields Head for Record While Lira Loses Rate - Hike Boost,20180613T151500Z,https://assets.bwbx.io/s3/javelin/public/javelin/images/social-markets-3d32d2f713.jpg,bloomberg.com,English,United States,Turkey
https://www.cfr.org/blog/turkey-could-use-few-more-reserves-and-somewhat-less-creative-banking-system,,"Turkey Could Use a Few More Reserves , and a Somewhat Less Creative Banking System",20180524T214500Z,https://cfrd8-files.cfr.org/sites/default/files/image/2018/05/turkey-not-enough-reserves-1.png,cfr.org,English,United States,Turkey
http://www.hurriyetdailynews.com/turkish-lira-soars-sharply-as-central-bank-lifts-rates-132281,http://www.hurriyetdailynews.com/amp/turkish-lira-soars-sharply-as-central-bank-lifts-rates-132281,Turkish Lira soars sharply as Central Bank lifts rates,20180523T171500Z,,hurriyetdailynews.com,English,Turkey,Turkey
https://turkey.theglobepost.com/mehmet-simsek-inflation-peak/,https://turkey.theglobepost.com/mehmet-simsek-inflation-peak/amp/,Turkish Deputy PM Says Inflation May Peak in Upcoming Months,20180601T230000Z,https://i2.wp.com/turkey.theglobepost.com/wp-content/uploads/2018/06/inflation-turkey-market.jpg?fit=788%2C442&#038;ssl=1,turkey.theglobepost.com,English,,Turkey
https://www.reuters.com/article/turkey-currency/update-1-turkeys-lira-extends-rare-hot-streak-after-central-bank-moves-idUSL5N1T144Q,https://mobile.reuters.com/article/amp/idUSL5N1T144Q,UPDATE 1 - Turkey lira extends rare hot streak after central bank moves,20180530T153000Z,https://s4.reutersmedia.net/resources_v2/images/rcom-default.png,reuters.com,English,United States,Turkey
https://gulfnews.com/business/sectors/markets/stability-in-lira-is-no-reason-to-rejoice-as-structural-problems-persist-1.2234574,http://m.gulfnews.com/amp/business/sectors/markets/stability-in-lira-is-no-reason-to-rejoice-as-structural-problems-persist-1.2234574,Stability in lira is no reason to rejoice as structural problems persist,20180610T131500Z,,gulfnews.com,English,United Arab Emirates,Turkey
https://www.reuters.com/article/us-turkey-minister-fiscal/turkey-to-tighten-fiscal-policy-finance-minister-idUSKCN1IW0RT,https://mobile.reuters.com/article/amp/idUSKCN1IW0RT,Turkey to tighten fiscal policy : finance minister,20180531T090000Z,https://s3.reutersmedia.net/resources/r/?m=02&d=20180531&t=2&i=1267736122&r=LYNXNPEE4U0EM,reuters.com,English,United States,Turkey
https://galacticconnection.com/good-as-gold-turkey-uses-bullion-to-stabilise-its-economy/,,Good as gold : Turkey uses bullion to stabilise its economy,20180603T181500Z,,galacticconnection.com,English,United States,Turkey
https://www.hellenicshippingnews.com/god-help-turkey-says-brokerage-as-lira-goes-into-meltdown/,,"  God Help Turkey , Says Brokerage as Lira Goes Into Meltdown",20180521T140000Z,,hellenicshippingnews.com,English,China,Turkey
https://www.bloomberg.com/news/articles/2018-05-21/-god-help-turkey-says-brokerage-as-lira-goes-into-meltdown,https://www.bloomberg.com/amp/news/articles/2018-05-21/-god-help-turkey-says-brokerage-as-lira-goes-into-meltdown,"  God Help Turkey , Says Brokerage as Lira Goes Into Meltdown",20180521T094500Z,https://assets.bwbx.io/images/users/iqjWHBFdfxIU/iSpz_acJ4L28/v2/1200x800.jpg,bloomberg.com,English,United States,Turkey
http://www.digitaljournal.com/news/world/turkey-s-economy-delivers-pre-poll-growth-boost-for-erdogan/article/524395,,Turkey economy delivers pre - poll growth boost for Erdogan,20180611T163000Z,http://www.digitaljournal.com/img/1/0/4/8/0/9/3/i/3/8/6/p-large/24512618140645530955f7758e3cb59ca38fed58_1.jpg,digitaljournal.com,English,United States,Turkey
https://guardian.ng/news/turkeys-economy-delivers-pre-poll-growth-boost-for-erdogan/,https://guardian.ng/news/turkeys-economy-delivers-pre-poll-growth-boost-for-erdogan/amp,Turkey s economy delivers pre - poll growth boost for Erdogan World The Guardian Nigeria Newspaper – Nigeria and World News,20180611T173000Z,https://guardian.ng/wp-content/uploads/2018/06/Recep-Tayyip-Erdogan-1-640x360.jpg,guardian.ng,English,Nigeria,Turkey
https://www.msn.com/en-us/news/world/turkeys-economy-delivers-pre-poll-growth-boost-for-erdogan/ar-AAyvmXC,,Turkey economy delivers pre - poll growth boost for Erdogan,20180611T154500Z,,msn.com,English,United States,Turkey
https://www.yahoo.com/news/turkeys-economy-delivers-pre-poll-growth-boost-erdogan-150650499.html,https://www.yahoo.com/amphtml/news/turkeys-economy-delivers-pre-poll-growth-boost-erdogan-150650499.html,Turkey economy delivers pre - poll growth boost for Erdogan,20180611T154500Z,,yahoo.com,English,United States,Turkey
https://www.siasat.com/news/turkeys-economy-delivers-pre-poll-growth-boost-erdogan-1368117/,https://www.siasat.com/news/turkeys-economy-delivers-pre-poll-growth-boost-erdogan-1368117/amp/,Turkey economy delivers pre - poll growth boost for Erdogan,20180613T010000Z,https://i2.wp.com/www.siasat.com/wp-content/uploads/2018/05/1MAY13R.jpg,siasat.com,English,India,Turkey
https://www.msn.com/en-us/finance/markets/60god-help-turkey-says-brokerage-as-lira-goes-into-meltdown/ar-AAxzK1W,,"  God Help Turkey , Says Brokerage as Lira Goes Into Meltdown",20180521T110000Z,,msn.com,English,United States,Turkey
http://bianet.org/english/economy/197671-moody-s-lowers-turkey-s-growth-forecast,,Moody Lowers Turkey Growth Forecast,20180530T134500Z,http://www.bianet.org/system/uploads/1/articles/main_image/000/197/671/medium/mr-132.jpg,bianet.org,English,Turkey,Turkey
https://www.reuters.com/article/turkey-currency-outlook/graphic-markets-see-more-turkish-lira-losses-and-more-cenbank-moves-to-support-it-idUSL5N1SW52L,https://mobile.reuters.com/article/amp/idUSL5N1SW52L,GRAPHIC - Markets see more Turkish lira losses and more cenbank moves to support it,20180525T153000Z,https://s4.reutersmedia.net/resources_v2/images/rcom-default.png,reuters.com,English,United States,Turkey
https://stockholmcf.org/turkeys-lavish-presidential-palace-gets-special-operations-command-amid-economic-collapse/,https://stockholmcf.org/turkeys-lavish-presidential-palace-gets-special-operations-command-amid-economic-collapse/amp/,Turkey lavish presidential palace gets special operations command amid economic collapse,20180523T181500Z,https://i0.wp.com/stockholmcf.org/wp-content/uploads/2017/09/KaÃ§akSaray.jpg?fit=1200%2C800&ssl=1,stockholmcf.org,English,Turkey,Turkey
https://www.actionforex.com/contributors/technical-analysis/103502-usdtry-outlook-extends-recovery-forming-a-higher-base-at-4-45-zone/,https://www.actionforex.com/contributors/technical-analysis/103502-usdtry-outlook-extends-recovery-forming-a-higher-base-at-4-45-zone/amp/,"USDTRY Outlook : Extends Recovery , Forming A Higher Base At 4 . 45 Zone",20180612T130000Z,https://www.actionforex.com/wp-content/uploads/tag-images/usd5.jpg,actionforex.com,English,United Kingdom,Turkey
https://www.bnnbloomberg.ca/turkey-s-central-bank-raises-rates-lira-reverses-earlier-losses-1.1081729,,Turkey central bank raises rates ; lira reverses earlier losses - Article,20180523T193000Z,https://www.bnnbloomberg.ca/polopoly_fs/1.1081730!/fileimage/httpImage/image.jpg_gen/derivatives/landscape_620/a-turkish-national-flag-hangs-between-trees-in-a-street-lined-with-shops-in-istanbul-turkey-on-tuesday-nov-21-2017-investors-looking-at-turkey-are-nearly-unanimous-in-their-view-of-the-central-bank-s-latest-moves-to-try-and-prop-up-the-lira-not-enough.jpg,bnnbloomberg.ca,English,Canada,Turkey
"https://thepeninsulaqatar.com/article/31/05/2018/Turkish-lira-recovery-stalls-after-three-day-streak,-eyes-turn-to-inflation",,"Turkish lira recovery stalls after three - day streak , eyes turn to inflation",20180531T131500Z,https://thepeninsulaqatar.com/uploads/2018/05/31/post_main_cover/90c3cfd3c890ae889fe3e94a463bbedfdb5d432d.jpeg,thepeninsulaqatar.com,English,Qatar,Turkey
https://ahvalnews.com/lira/turkish-currency-volatility-beats-argentinas-jitters-persist,,Turkish currency volatility beats Argentina as jitters persist,20180530T183000Z,,ahvalnews.com,English,Turkey,Turkey
https://www.aa.com.tr/en/economy/turkeys-borsa-istanbul-up-at-open/1161387,,Turkey Borsa Istanbul up at open,20180531T091500Z,https://cdnuploads.aa.com.tr/uploads/Contents/2018/05/31/thumbs_b_c_f41af5a2ac294ab42a4f643741f0b66d.jpg?v=103059,aa.com.tr,English,Turkey,Turkey
https://dailynewsegypt.com/2018/05/28/will-turks-heed-erdogans-calls-to-sell-dollars-and-buy-liras/,,Will Turks heed Erdogan calls to sell dollars and buy liras ? ,20180529T060000Z,https://dailynewsegyptcom-mokannggxlave7h.stackpathdns.com/app/uploads/2018/05/dw-41542532_403.jpg,dailynewsegypt.com,English,Egypt,Turkey
https://m.gulfnews.com/business/property/gulf-investors-get-a-jolt-of-turkish-lira-shock-1.2234595,,Gulf investors get a jolt of Turkish lira shock,20180610T143000Z,,m.gulfnews.com,English,United Arab Emirates,Turkey
https://www.exchangerates.org.uk/news/21679/turkish-lira-to-dollar-pound-exchange-rate-in-freefall.html,https://www.exchangerates.org.uk/news/21679/turkish-lira-to-dollar-pound-exchange-rate-in-freefall/amp,"Turkish Lira To Dollar , Pound Exchange Rate In Freefall As Things Go From Bad To Worse",20180518T131500Z,https://www.exchangerates.org.uk/images-news2/forex-2-m.jpg,exchangerates.org.uk,English,United Kingdom,Turkey
http://saudigazette.com.sa/article/536721/World/Mena/Turkish-economic-growth-beats-expectations-as-vote-looms,,Turkish economic growth beats expectations as vote looms,20180611T140000Z,http://saudigazette.com.sa/uploads/images/2018/06/11/881210.jpg,saudigazette.com.sa,English,Saudi Arabia,Turkey
https://aawsat.com/english/home/article/1299276/turkey-says-it-completed-simplification-monetary-policy,https://aawsat.com/english/home/article/1299276/turkey-says-it-completed-simplification-monetary-policy?amp,Turkey Says it Completed Simplification of Monetary Policy,20180613T144500Z,https://aawsat.com/sites/default/files/styles/large/public/2018/06/13/turkish_lira_28reuters29.jpg?itok=G9E8bq3-,aawsat.com,English,Syria,Turkey
http://majorilondon.com/2018/05/turkeys-central-bank-raises-top-rate-after-emergency-meeting/,,Turkey central bank raises top rate after emergency meeting,20180524T160000Z,,majorilondon.com,English,United States,Turkey
https://ahvalnews.com/2018-elections/opposition-win-presidency-might-lead-lira-appreciating-societe-generale,,An opposition win of presidency might lead to lira appreciating - Société Générale,20180525T230000Z,https://ahvalnews.com/sites/default/files/styles/file_watermark_12640_2.jpeg,ahvalnews.com,English,Turkey,Turkey
https://uk.reuters.com/article/turkey-currency/update-1-turkeys-lira-extends-rare-hot-streak-after-central-bank-moves-idUKL5N1T144Q,https://uk.mobile.reuters.com/article/amp/idUKL5N1T144Q,UPDATE 1 - Turkey lira extends rare hot streak after central bank moves,20180530T153000Z,https://s4.reutersmedia.net/resources_v2/images/rcom-default.png,uk.reuters.com,English,United States,Turkey
http://www.oann.com/turkey-to-tighten-fiscal-policy-finance-minister/,,Turkey to tighten fiscal policy : finance minister,20180531T163000Z,,oann.com,English,United States,Turkey
https://www.neweurope.eu/article/erdogan-faces-financial-crisis-four-weeks-turkey-goes-polls/,,Erdogan faces financial crisis four weeks before Turkey goes to the polls,20180524T114500Z,https://www.neweurope.eu/wp-content/uploads/2016/09/06_Erdoga-Lira.jpg,neweurope.eu,English,United Kingdom,Turkey
https://www.middle-east-online.com/en/turkey-looks-reassure-investors-after-lira-plunge,,Turkey looks to reassure investors after lira plunge,20180530T131500Z,https://s3.eu-west-2.amazonaws.com/meo.prod/styles/social_image/s3/2018-05/mehsim.jpg?WsB8A7k81IdOdJ_LAqMzmdQiJoT0YRNz&itok=X5Ed8eyz,middle-east-online.com,English,Iraq,Turkey
https://www.aa.com.tr/en/economy/turkeys-borsa-istanbul-down-at-open/1154188,,Turkey Borsa Istanbul down at open,20180523T140000Z,https://cdnuploads.aa.com.tr/uploads/Contents/2018/05/23/thumbs_b_c_614e2b74d2d8b1e9c7011edcb88ad57b.jpg?v=101930,aa.com.tr,English,Turkey,Turkey
http://www.plenglish.com/index.php?o=rn&id=28426&SEO=turkeys-lira-hits-record-low-on-surging-dollar-policy-worries,,"Turkey Lira Hits Record Low on Surging Dollar , Policy Worries",20180521T181500Z,http://plenglish.com/images/2018/mayo/21/1Dolar.jpg,plenglish.com,English,Cuba,Turkey
https://www.voanews.com/a/turkish-currency-woes-put-erdogan-in-tight-spot-in-re-election-bid/4393582.html,https://www.voanews.com/amp/4393582.html,Turkish Currency Woes Put Erdogan in Tight Spot in Re - Election Bid,20180514T214500Z,https://gdb.voanews.com/D83AB9F3-9773-4A6D-87C2-7F0EBF5E55EA_cx0_cy14_cw0_w1200_r1_s.jpg,voanews.com,English,United States,Turkey
http://www.freerepublic.com/focus/f-news/3657893/posts,,Turkeys Currency Meltdown,20180524T221500Z,,freerepublic.com,English,United States,Turkey
http://www.hurriyetdailynews.com/opinion/gunes-komurculer/a-brief-look-at-the-turkish-economy-ahead-of-early-elections-131979,http://www.hurriyetdailynews.com/amp/opinion/gunes-komurculer/a-brief-look-at-the-turkish-economy-ahead-of-early-elections-131979,A brief look at the Turkish economy ahead of early elections,20180517T221500Z,,hurriyetdailynews.com,English,Turkey,Turkey
https://www.reuters.com/article/us-turkey-currency/turkish-lira-volatile-central-bank-moves-to-help-firms-on-foreign-debt-idUSKCN1IQ29H,https://mobile.reuters.com/article/amp/idUSKCN1IQ29H,"Turkish lira volatile , central bank moves to help firms on foreign debt",20180526T000000Z,https://s3.reutersmedia.net/resources/r/?m=02&d=20180525&t=2&i=1265950042&r=LYNXNPEE4O1FK,reuters.com,English,United States,Turkey
https://www.msn.com/en-us/news/world/turkey-says-addressing-economy-concerns-after-moodys-threat/ar-AAy8M5K,,Turkey says  addressing economy concern after Moody threat,20180602T143000Z,,msn.com,English,United States,Turkey
http://www.france24.com/en/20180602-turkey-says-addressing-economy-concerns-after-moodys-threat,http://m.france24.com/en/20180602-turkey-says-addressing-economy-concerns-after-moodys-threat,Flash - Turkey says  addressing economy concern after Moody threat - France 24,20180602T154500Z,http://scd.france24.com/en/files/imagecache/home_1024/images/afp/afcb2c7addc02a1f13c117bb0936eaa740ad2e03_0.jpg,france24.com,English,France,Turkey
https://www.reuters.com/article/turkey-currency/update-3-turkish-lira-weakens-after-rate-hike-driven-gains-bank-stocks-drop-idUSL5N1TA12D,https://mobile.reuters.com/article/amp/idUSL5N1TA12D,UPDATE 3 - Turkish lira weakens after rate hike - driven gains ; bank stocks drop,20180608T140000Z,https://s4.reutersmedia.net/resources_v2/images/rcom-default.png,reuters.com,English,United States,Turkey
https://www.reuters.com/article/turkey-currency/update-1-turkish-lira-eases-after-rate-hike-driven-gains-bank-stocks-drop-idUSL5N1TA12D,https://mobile.reuters.com/article/amp/idUSL5N1TA12D,UPDATE 3 - Turkish lira weakens after rate hike - driven gains ; bank stocks drop,20180608T171500Z,https://s4.reutersmedia.net/resources_v2/images/rcom-default.png,reuters.com,English,United States,Turkey
https://www.reuters.com/article/turkey-currency/update-2-turkish-lira-eases-after-rate-hike-driven-gains-bank-stocks-drop-idUSL5N1TA12D,https://mobile.reuters.com/article/amp/idUSL5N1TA12D,UPDATE 3 - Turkish lira weakens after rate hike - driven gains ; bank stocks drop,20180608T220000Z,https://s4.reutersmedia.net/resources_v2/images/rcom-default.png,reuters.com,English,United States,Turkey
https://in.reuters.com/article/turkey-currency/update-3-turkish-lira-weakens-after-rate-hike-driven-gains-bank-stocks-drop-idINL5N1TA12D,https://in.mobile.reuters.com/article/amp/idINL5N1TA12D,UPDATE 3 - Turkish lira weakens after rate hike - driven gains ; bank stocks drop,20180609T123000Z,https://s4.reutersmedia.net/resources_v2/images/rcom-default.png,in.reuters.com,English,United States,Turkey
https://www.reuters.com/article/turkey-cenbank-rediscount/turkeys-central-bank-says-to-allow-some-rediscount-credit-payments-in-lira-idUSI7N1SM041,https://mobile.reuters.com/article/amp/idUSI7N1SM041,Turkey central bank says to allow some rediscount credit payments in lira,20180525T101500Z,https://s4.reutersmedia.net/resources_v2/images/rcom-default.png,reuters.com,English,United States,Turkey
http://magicvalley.com/opinion/columnists/erdogan-needs-to-leave-turkey-s-central-bank-alone/article_1dea5b6b-153b-5556-93d3-67758ed640f1.html,,Erdogan needs to leave Turkey central bank alone | Columnists,20180528T064500Z,,magicvalley.com,English,United States,Turkey
http://businessweekme.com/turkish-lira-goes-into-meltdown/,,Turkish Lira Goes into Meltdown,20180521T144500Z,,businessweekme.com,English,Saudi Arabia,Turkey
https://www.msn.com/en-us/finance/markets/turkeys-central-bank-lifts-key-rate-amid-liras-fall/ar-AAxHJRy,,Turkey Central Bank Lifts Key Rate Amid Lira Fall,20180523T234500Z,,msn.com,English,United States,Turkey
https://finanza.repubblica.it/Bloomberg/2018/05/21/%60god_help_turkey_says_brokerage_as_lira_goes_into_meltdown-P92JGD6K50XS01_BLE/,,"  God Help Turkey , Says Brokerage as Lira Goes Into Meltdown - Economia e Finanza",20180521T134500Z,https://assets.bwbx.io/images/users/iqjWHBFdfxIU/izxgNxyiNAVY/v2/pi0TFsqn_N8siPbzgcJYQlLw/-1x-1.png,finanza.repubblica.it,English,Kosovo,Turkey
https://www.stl.news/ankara-turkey-turkish-currency-drops-record-low-dollar/126734/,/ankara-turkey-turkish-currency-drops-record-low-dollar/126734/amp/,"ANKARA , Turkey | Turkish currency drops to record low against dollar",20180523T091500Z,,stl.news,English,United States,Turkey
https://learningenglish.voanews.com/a/erdogan-says-turkeys-growth-confirms-his-economic-policies/4437259.html,https://learningenglish.voanews.com/amp/4437259.html,Erdogan Says Turkey Growth Confirms His Economic Policies,20180613T221500Z,https://gdb.voanews.com/5E492FFC-DD6E-4BBC-8D6F-6732E949F2A1_cx0_cy10_cw0_w1200_r1_s.jpg,learningenglish.voanews.com,English,United States,Turkey
https://www.benzinga.com/markets/cryptocurrency/18/05/11793353/whats-troubling-the-turkey-etf,,What Troubling The iShares MSCI Turkey ETF ( NASDAQ : TUR ) ,20180530T183000Z,https://cdn2.benzinga.com/files/imagecache/bz2_opengraph_meta_image_400x300/images/story/2012/ankara-70528_1920.jpg,benzinga.com,English,United States,Turkey
http://countingpips.com/2018/05/turkish-lira-crisis-continues-to-deepen-with-currency-in-freefall/,http://countingpips.com/2018/05/turkish-lira-crisis-continues-to-deepen-with-currency-in-freefall/amp/,Turkish Lira crisis continues to deepen with currency in freefall,20180523T140000Z,,countingpips.com,English,United States,Turkey
http://theboxingobserver.com/2018/06/01/turkish-lira-rate-up-erdogan-can-breathe-again/,,"Turkish lira rate up , Erdogan can breathe again",20180601T204500Z,,theboxingobserver.com,English,United States,Turkey
https://www.bloomberg.com/news/articles/2018-05-25/lira-heads-for-biggest-weekly-decline-since-financial-crisis,https://www.bloomberg.com/amp/news/articles/2018-05-25/lira-heads-for-biggest-weekly-decline-since-financial-crisis,Lira Pares Drop as Turkey Unveils More Measures to Stem the Rot,20180525T080000Z,https://assets.bwbx.io/images/users/iqjWHBFdfxIU/iAdeUS9e1Wvk/v0/1200x800.jpg,bloomberg.com,English,United States,Turkey
https://www.aa.com.tr/en/economy/turkeys-borsa-istanbul-down-at-open/1152316,,Turkey Borsa Istanbul down at open,20180521T094500Z,https://cdnuploads.aa.com.tr/uploads/Contents/2018/05/21/thumbs_b_c_52f3ab837a0e075891dedb7717fd0de6.jpg?v=101201,aa.com.tr,English,Turkey,Turkey
https://www.reuters.com/article/turkey-bonds-eurobonds/turkey-dollar-bonds-tumble-as-investors-fret-over-lira-central-bank-idUSS8N1MY01V,https://mobile.reuters.com/article/amp/idUSS8N1MY01V,"Turkey dollar - bonds tumble as investors fret over lira , central bank",20180521T134500Z,https://s4.reutersmedia.net/resources_v2/images/rcom-default.png,reuters.com,English,United States,Turkey
http://www.hurriyetdailynews.com/opinion/erdal-saglam/the-value-of-the-lira-in-the-week-of-crucial-data-releases-133141,http://www.hurriyetdailynews.com/amp/opinion/erdal-saglam/the-value-of-the-lira-in-the-week-of-crucial-data-releases-133141,The value of the lira in the week of  crucial data releases  ,20180611T214500Z,,hurriyetdailynews.com,English,Turkey,Turkey
https://www.msn.com/en-us/news/world/turkey-central-bank-silent-as-lira-freefall-intensifies/ar-AAxFS7P,,Turkey central bank silent as lira  freefall  intensifies,20180523T151500Z,,msn.com,English,United States,Turkey
http://www.worldbulletin.net/haberler/202883/turkish-economy-set-global-example-in-past-16-years,,  Turkish economy set global example in past 16 year | Economy,20180607T123000Z,http://media.worldbulletin.net/news/2017/04/17/lira2.png,worldbulletin.net,English,Turkey,Turkey
http://www.worldbulletin.net/todays-news/202883/turkish-economy-set-global-example-in-past-16-years,,  Turkish economy set global example in past 16 year | Economy,20180607T141500Z,http://media.worldbulletin.net/news/2017/04/17/lira2.png,worldbulletin.net,English,Turkey,Turkey
http://www.worldbulletin.net/economy/202883/turkish-economy-set-global-example-in-past-16-years,,  Turkish economy set global example in past 16 year | Economy,20180607T141500Z,http://media.worldbulletin.net/news/2017/04/17/lira2.png,worldbulletin.net,English,Turkey,Turkey
http://www.worldbulletin.net/news/202883/turkish-economy-set-global-example-in-past-16-years,,  Turkish economy set global example in past 16 year | Economy,20180607T141500Z,http://media.worldbulletin.net/news/2017/04/17/lira2.png,worldbulletin.net,English,Turkey,Turkey
https://www.journalducameroun.com/en/turkeys-economy-delivers-pre-poll-growth-boost-for-erdogan/,,Turkey economy delivers pre - poll growth boost for Erdogan,20180612T093000Z,https://www.journalducameroun.com/en/wp-content/uploads/2018/06/15287324707853-600x399.jpg,journalducameroun.com,English,Cameroon,Turkey
https://www.reuters.com/article/us-turkey-currency/turkish-lira-still-volatile-as-central-bank-moves-on-corporate-forex-idUSKCN1IQ29H,https://mobile.reuters.com/article/amp/idUSKCN1IQ29H,Turkish lira still volatile as central bank moves on corporate forex,20180525T161500Z,https://s4.reutersmedia.net/resources_v2/images/rcom-default.png,reuters.com,English,United States,Turkey
https://in.reuters.com/article/us-turkey-currency/turkish-lira-still-volatile-as-central-bank-moves-on-corporate-forex-idINKCN1IQ29H,https://in.mobile.reuters.com/article/amp/idINKCN1IQ29H,Turkish lira still volatile as central bank moves on corporate forex,20180525T161500Z,https://s4.reutersmedia.net/resources_v2/images/rcom-default.png,in.reuters.com,English,United States,Turkey
https://www.bloombergquint.com/politics/2018/05/25/lira-heads-for-biggest-weekly-decline-since-financial-crisis,/politics/2018/05/25/lira-heads-for-biggest-weekly-decline-since-financial-crisis.amp,Lira Stays Volatile as Turkey Unveils More Measures to Stem Rot,20180525T174500Z,https://fea.assettype.com/bloombergquint/assets/static/bq_1200x630_black-6867abadeb970f9954da9a6c3895c21ee8cbe46751cd04a78ed2e8f761da4905.png,bloombergquint.com,English,India,Turkey
https://www.businesslive.co.za/bd/markets/2018-05-21-turkeys-lira-plumbs-new-lows-as-rising-us-bond-yields-pile-on-pressure/,https://www.businesslive.co.za/amp/bd/markets/2018-05-21-turkeys-lira-plumbs-new-lows-as-rising-us-bond-yields-pile-on-pressure/,Turkey lira plumbs new lows as rising US bond yields pile on pressure,20180521T134500Z,https://lh3.googleusercontent.com/-Xit9sKUQ4aoHtifp22NATqI0kM2C49Uvn1MRu0IfYEjJ7rzS1sKvvCqQCl1-8PURRv23g7eKRbo2TquI2sTOOOSs4OtJ8a-ag=s1000,businesslive.co.za,English,South Africa,Turkey
http://www.hurriyetdailynews.com/opinion/guven-sak/whats-the-matter-with-the-turkish-lira-133025,http://www.hurriyetdailynews.com/amp/opinion/guven-sak/whats-the-matter-with-the-turkish-lira-133025,What the matter with the Turkish Lira ? ,20180608T223000Z,,hurriyetdailynews.com,English,Turkey,Turkey
http://www.hurriyetdailynews.com/erdogan-calls-on-citizens-to-convert-their-dollars-euros-into-turkish-lira-132409,http://www.hurriyetdailynews.com/amp/erdogan-calls-on-citizens-to-convert-their-dollars-euros-into-turkish-lira-132409,"Erdoğan calls on citizens to convert their dollars , euros into Turkish Lira",20180526T161500Z,,hurriyetdailynews.com,English,Turkey,Turkey
https://www.al-monitor.com/pulse/originals/2018/06/turkey-foreign-monies-force-ankara-to-toe-the-line.html,https://www.al-monitor.com/pulse/en/originals/2018/06/turkey-foreign-monies-force-ankara-to-toe-the-line.amp.html,How foreign investors force Ankara to toe the line,20180611T213000Z,https://9c998969b63acdb676d1-37595348221e1b716e1a6cfee3ed7891.ssl.cf1.rackcdn.com/almpics/2018/06/RTX2AZJI.jpg/RTX2AZJI-870.jpg,al-monitor.com,English,Israel,Turkey
https://www.reuters.com/article/emerging-markets/emerging-markets-trade-woes-send-jitters-through-emerging-markets-turkey-suffers-idUSL5N1T31FW,https://mobile.reuters.com/article/amp/idUSL5N1T31FW,"EMERGING MARKETS - Trade woes send jitters through emerging markets , Turkey suffers",20180601T101500Z,https://s4.reutersmedia.net/resources_v2/images/rcom-default.png,reuters.com,English,United States,Turkey
https://af.reuters.com/article/commoditiesNews/idAFL5N1T31FW,,"EMERGING MARKETS - Trade woes send jitters through emerging markets , Turkey suffers | Agricultural Commodities",20180601T131500Z,https://s4.reutersmedia.net/resources_v2/images/rcom-default.png,af.reuters.com,English,United States,Turkey
https://af.reuters.com/article/southAfricaNews/idAFL5N1T31FW,,"EMERGING MARKETS - Trade woes send jitters through emerging markets , Turkey suffers | News by Country",20180601T193000Z,https://s4.reutersmedia.net/resources_v2/images/rcom-default.png,af.reuters.com,English,United States,Turkey
https://www.reuters.com/article/emerging-markets/emerging-markets-trade-woes-send-jitters-through-emerging-markets-turkey-suffers-idUKL5N1T31FW,https://mobile.reuters.com/article/amp/idUKL5N1T31FW,"EMERGING MARKETS - Trade woes send jitters through emerging markets , Turkey suffers",20180601T230000Z,https://s4.reutersmedia.net/resources_v2/images/rcom-default.png,reuters.com,English,United States,Turkey
http://en.rfi.fr/wire/20180516-turkey-lira-hits-new-historic-lows-after-erdogan-comments,,Turkey lira hits new historic lows after Erdogan comments - France,20180516T100000Z,http://scd.en.rfi.fr/sites/english.filesrfi/imagecache/aef_ct_wire_image_620/images/afp/0f1e17d9141eb7fd8f4d385471e8e1058c5310a4_0.jpg,en.rfi.fr,English,,Turkey
http://www.dw.com/en/will-turks-heed-erdogans-calls-to-sell-dollars-and-buy-liras/a-43963889,http://amp.dw.com/en/will-turks-heed-erdogans-calls-to-sell-dollars-and-buy-liras/a-43963889,Will Turks heed Erdogan ′ s calls to sell dollars and buy liras ? | Business| Economy and finance news from a German perspective | DW,20180528T164500Z,http://www.dw.com/image/41542532_304.jpg,dw.com,English,Germany,Turkey
https://ahvalnews.com/turkish-lira/doomsday-mongers-will-regret-turkey-stance-simsek,,Doomsday - mongers will regret Turkey stance - Şimşek,20180612T124500Z,https://ahvalnews.com/sites/default/files/styles/social_image/public/2018-02/simsek.jpg?&itok=jO_uOppC,ahvalnews.com,English,Turkey,Turkey
https://uk.reuters.com/article/turkey-currency/update-1-turkish-lira-eases-after-rate-hike-driven-gains-bank-stocks-drop-idUKL5N1TA12D,https://uk.mobile.reuters.com/article/amp/idUKL5N1TA12D,UPDATE 3 - Turkish lira weakens after rate hike - driven gains ; bank stocks drop,20180608T171500Z,https://s4.reutersmedia.net/resources_v2/images/rcom-default.png,uk.reuters.com,English,United States,Turkey
https://uk.reuters.com/article/turkey-currency/update-3-turkish-lira-weakens-after-rate-hike-driven-gains-bank-stocks-drop-idUKL5N1TA12D,https://uk.mobile.reuters.com/article/amp/idUKL5N1TA12D,UPDATE 3 - Turkish lira weakens after rate hike - driven gains ; bank stocks drop,20180608T203000Z,https://s4.reutersmedia.net/resources_v2/images/rcom-default.png,uk.reuters.com,English,United States,Turkey
https://www.zerohedge.com/news/2018-06-01/turkish-stocks-lira-tumble-after-erdogan-comments-prompt-capital-control-concerns,,"Turkish Stocks , Lira Tumble After Erdogan Comments Prompt Capital Control Concerns",20180601T120000Z,https://www.zerohedge.com/sites/default/files/2018-06/2018-06-01_4-11-02.jpg,zerohedge.com,English,United States,Turkey
http://www.cpifinancial.net/news/post/45053/turkish-lira-reaches-new-lows,,Turkish lira reaches new lows | CPI Financial | CPI Financial News,20180520T114500Z,,cpifinancial.net,English,United Arab Emirates,Turkey
http://www.cpifinancial.net/news/category/economics/post/45053/turkish-lira-reaches-new-lows,,Turkish lira reaches new lows | CPI Financial | CPI Financial News,20180520T114500Z,,cpifinancial.net,English,United Arab Emirates,Turkey
https://www.bloomberg.com/news/articles/2018-05-24/emerging-markets-shrug-off-contagion-concern-from-turkish-lira,https://www.bloomberg.com/amp/news/articles/2018-05-24/emerging-markets-shrug-off-contagion-concern-from-turkish-lira,Emerging Markets Shrug Off Contagion Concern From Turkish Lira,20180524T170000Z,https://assets.bwbx.io/images/users/iqjWHBFdfxIU/iTD.BGZK7MD8/v1/1200x900.jpg,bloomberg.com,English,United States,Turkey
https://www.reuters.com/article/us-turkey-economy-erdogan/turkeys-lira-hammered-after-erdogan-says-wants-greater-economic-control-idUSKCN1IG0F0,https://mobile.reuters.com/article/amp/idUSKCN1IG0F0,Turkey lira hammered after Erdogan says wants greater economic control,20180515T144500Z,https://s1.reutersmedia.net/resources/r/?m=02&d=20180515&t=2&i=1262148384&r=LYNXNPEE4E071,reuters.com,English,United States,Turkey
https://uk.reuters.com/article/us-turkey-economy-erdogan/turkeys-lira-hammered-after-erdogan-says-wants-greater-economic-control-idUKKCN1IG0F0,https://uk.mobile.reuters.com/article/amp/idUKKCN1IG0F0,Turkey lira hammered after Erdogan says wants greater economic control,20180515T144500Z,https://s1.reutersmedia.net/resources/r/?m=02&d=20180515&t=2&i=1262148384&r=LYNXNPEE4E071,uk.reuters.com,English,United States,Turkey
http://www.4-traders.com/TURKIYE-HALK-BANKASI-A-S-6499676/news/Turkiye-Halk-Bankasi-Turkey-s-lira-hammered-after-Erdogan-says-wants-greater-economic-control-26585052/,http://www.4-traders.com/amp/TURKIYE-HALK-BANKASI-A-S-6499676/news/Turkiye-Halk-Bankasi-Turkey-s-lira-hammered-after-Erdogan-says-wants-greater-economic-control-26585052/,Turkiye Halk Bankasi : Turkey lira hammered after Erdogan says wants greater economic control,20180515T144500Z,https://img.zonebourse.com/reuters/2018-05-15T044551Z_1_LYNXNPEE4E071_RTROPTP_3_BRITAIN-TURKEY-ERDOGAN.JPG,4-traders.com,English,United States,Turkey
http://www.sharenet.co.za/news/Markets_see_more_Turkish_lira_losses_and_more_cenbank_moves_to_support_it/190c3f1daff58df68fba5589e9fa2a07,,Markets see more Turkish lira losses and more cenbank moves to support it,20180525T153000Z,,sharenet.co.za,English,South Africa,Turkey
https://www.independentrecorder.com/turkeys-forex-plunges-probably-threatening-erdogans-re-election-bid-105207.html,https://www.independentrecorder.com/turkeys-forex-plunges-probably-threatening-erdogans-re-election-bid-105207.html/amp,"▷ @ [ Turkey Forex Plunges , Probably Threatening Erdogan Re - Election Bid ] ~ Independent Recorder",20180524T070000Z,https://static01.nyt.com/images/2018/05/24/world/24turkey1/24turkey1-facebookJumbo.jpg,independentrecorder.com,English,United States,Turkey
https://www.nst.com.my/opinion/columnists/2018/05/373442/erdogans-re-election-bid-threatened,//www.nst.com.my/node/373442/amp,Erdogan re - election bid threatened | New Straits Times,20180526T031500Z,https://assets.nst.com.my/images/articles/26ElectionST_field_image_socialmedia.var_1527298718.jpg,nst.com.my,English,Malaysia,Turkey
http://www.naharnet.com/stories/en/246653-despite-efforts-to-stop-lira-fall-turks-still-worried,,"Despite Efforts to Stop Lira Fall , Turks Still Worried Naharnet",20180526T111500Z,http://images3.naharnet.com/images/211929/w140.jpg,naharnet.com,English,Syria,Turkey
http://www.france24.com/en/20180526-despite-efforts-stop-lira-fall-turks-still-worried,http://m.france24.com/en/20180526-despite-efforts-stop-lira-fall-turks-still-worried,"Flash - Despite efforts to stop lira fall , Turks still worried - France 24",20180526T111500Z,http://scd.france24.com/en/files/imagecache/home_1024/images/afp/f210d279d79167f39d9d6ee28f31ea03e35dd00c.jpg,france24.com,English,France,Turkey
https://www.middle-east-online.com/en/turks-worried-lira-weakens-despite-government-promises,,Turks worried as lira weakens despite government promises,20180526T134500Z,https://s3.eu-west-2.amazonaws.com/meo.prod/styles/social_image/s3/2018-05/trkmon.jpg?DfwM6tysB0gGmsrZJUPxRxsKASiogXke&itok=bmJEOZsY,middle-east-online.com,English,Iraq,Turkey
https://in.reuters.com/article/turkey-economy-primeminister/as-lira-tumbled-turkeys-prime-minister-won-erdogan-over-for-rate-hike-idINKCN1IP3MX,https://in.mobile.reuters.com/article/amp/idINKCN1IP3MX,"As lira tumbled , Turkey prime minister won Erdogan over for rate hike",20180524T223000Z,https://s3.reutersmedia.net/resources/r/?m=02&d=20180524&t=2&i=1265652436&r=LYNXNPEE4N277,in.reuters.com,English,United States,Turkey
https://www.reuters.com/article/uk-turkey-economy-primeminister/as-lira-tumbled-turkeys-prime-minister-won-erdogan-over-for-rate-hike-idUSKCN1IP3M4,https://mobile.reuters.com/article/amp/idUSKCN1IP3M4,"As lira tumbled , Turkey prime minister won Erdogan over for rate hike",20180524T213000Z,https://s4.reutersmedia.net/resources/r/?m=02&d=20180524&t=2&i=1265651926&r=LYNXNPEE4N26X,reuters.com,English,United States,Turkey
http://www.4-traders.com/news/As-lira-tumbled-Turkey-s-prime-minister-won-Erdogan-over-for-rate-hike--26652189/,http://www.4-traders.com/amp/news/As-lira-tumbled-Turkey-s-prime-minister-won-Erdogan-over-for-rate-hike--26652189/,"As lira tumbled , Turkey prime minister won Erdogan over for rate hike",20180524T213000Z,https://img.zonebourse.com/reuters/2018-05-24T210907Z_1_LYNXNPEE4N26V_RTROPTP_3_ISRAEL-PALESTINIANS-TURKEY.JPG,4-traders.com,English,United States,Turkey
https://uk.finance.yahoo.com/news/lira-tumbled-turkeys-prime-minister-won-erdogan-over-210907999--business.html,https://uk.finance.yahoo.com/amphtml/news/lira-tumbled-turkeys-prime-minister-won-erdogan-over-210907999--business.html,"As lira tumbled , Turkey prime minister won Erdogan over for rate hike",20180524T234500Z,,uk.finance.yahoo.com,English,United States,Turkey
https://www.alaraby.co.uk/english/news/2018/5/24/erdogan-promises-to-make-turkey-a-high-income-country,https://www.alaraby.co.uk/english/amp/news/2018/5/24/erdogan-promises-to-make-turkey-a-high-income-country,Erdogan promises to make Turkey a  high - income  country,20180524T174500Z,https://www.alaraby.co.uk/english/file/getimagecustom/550b7655-0990-449d-91fe-3db76dc950b1/600/338,alaraby.co.uk,English,United Kingdom,Turkey
http://www.4-traders.com/TURKIYE-HALK-BANKASI-A-S-6499676/news/Turkiye-Halk-Bankasi-Turkey-s-lira-slides-after-Erdogan-says-wants-greater-economic-control-26584251/,http://www.4-traders.com/amp/TURKIYE-HALK-BANKASI-A-S-6499676/news/Turkiye-Halk-Bankasi-Turkey-s-lira-slides-after-Erdogan-says-wants-greater-economic-control-26584251/,Turkiye Halk Bankasi : Turkey lira slides after Erdogan says wants greater economic control,20180515T120000Z,https://img.zonebourse.com/reuters/2018-05-15T052316Z_1_LYNXNPEE4E08M_RTROPTP_3_BRITAIN-TURKEY-ERDOGAN.JPG,4-traders.com,English,United States,Turkey
https://uk.reuters.com/article/uk-turkey-economy-erdogan/turkeys-lira-slides-after-erdogan-says-wants-greater-economic-control-idUKKCN1IG0IC,https://uk.mobile.reuters.com/article/amp/idUKKCN1IG0IC,Turkey Erdogan plans to take greater control of economy - Bloomberg,20180515T120000Z,https://s3.reutersmedia.net/resources/r/?m=02&d=20180515&t=2&i=1262156750&r=LYNXNPEE4E08M,uk.reuters.com,English,United States,Turkey
http://www.worldbulletin.net/haberler/202103/turkeys-borsa-istanbul-flat-at-open,,Turkey Borsa Istanbul flat at open | Economy,20180516T101500Z,http://media.worldbulletin.net/news/2017/10/05/borsa.jpg,worldbulletin.net,English,Turkey,Turkey
https://www.aa.com.tr/en/economy/turkeys-borsa-istanbul-flat-at-open/1149689,,Turkey Borsa Istanbul flat at open,20180518T084500Z,https://cdnuploads.aa.com.tr/uploads/Contents/2018/05/18/thumbs_b_c_347e4a975b9abeb61307ee296648cf60.jpg?v=102650,aa.com.tr,English,Turkey,Turkey
http://www.atimes.com/article/turkey-death-watch/,http://www.atimes.com/article/turkey-death-watch/amp/,Turkey death watch,20180605T201500Z,http://static.atimes.com/uploads/2016/07/erdogan55-1600x960.jpg,atimes.com,English,China,Turkey
https://www.bnnbloomberg.ca/turkey-heads-toward-a-currency-crisis-as-lira-goes-into-freefall-1.1081412,,Turkey heads toward a currency crisis as lira goes into freefall - Article,20180523T113000Z,https://www.bnnbloomberg.ca/polopoly_fs/1.1076916!/fileimage/httpImage/image.jpg_gen/derivatives/landscape_620/turkish-lira-banknotes-sit-in-this-arranged-photograph-at-a-currency-exchange-in-istanbul-turkey-on-friday-march-16-2018-as-turkish-markets-tumble-investor-attention-is-turning-once-more-to-the-central-bank-for-signs-it-s-willing-to-backstop-the-nation-s-assets.jpg,bnnbloomberg.ca,English,Canada,Turkey
https://gulfnews.com/business/economy/turkey-heads-toward-a-currency-crisis-as-lira-goes-into-free-fall-1.2225778,http://m.gulfnews.com/amp/business/economy/turkey-heads-toward-a-currency-crisis-as-lira-goes-into-free-fall-1.2225778,Turkey heads toward a currency crisis as lira goes into free fall,20180523T140000Z,,gulfnews.com,English,United Arab Emirates,Turkey
https://www.middle-east-online.com/en/turkish-lira-hits-historic-low,,Turkish lira hits historic low |,20180523T133000Z,https://s3.eu-west-2.amazonaws.com/meo.prod/styles/social_image/s3/2018-05/lira.jpg?UclFx4gXRQGXduSGMBgtF7gMM.XV8uXX&itok=nUcHg1WQ,middle-east-online.com,English,Iraq,Turkey
https://www.bloomberg.com/news/articles/2018-06-05/enthusiastic-lira-bulls-may-preclude-a-central-bank-rate-hike,https://www.bloomberg.com/amp/news/articles/2018-06-05/enthusiastic-lira-bulls-may-preclude-a-central-bank-rate-hike,The Problem With Speculative Lira Bulls,20180605T083000Z,https://assets.bwbx.io/images/users/iqjWHBFdfxIU/imGuyv.TM2zM/v2/1200x800.jpg,bloomberg.com,English,United States,Turkey
https://www.bloomberg.com/news/articles/2018-05-23/turkey-s-central-bank-steps-aside-in-erdogan-inflicted-crisis,https://www.bloomberg.com/amp/news/articles/2018-05-23/turkey-s-central-bank-steps-aside-in-erdogan-inflicted-crisis,Turkey Central Bank Steps Aside in Erdogan - Inflicted Crisis,20180523T113000Z,https://assets.bwbx.io/images/users/iqjWHBFdfxIU/iRGOR43WYd1U/v0/1200x900.jpg,bloomberg.com,English,United States,Turkey
https://www.marketwatch.com/story/turkey-central-bank-1-week-repo-to-be-policy-rate-2018-05-29,https://www.marketwatch.com/amp/story/guid/C6911682-098E-461E-A962-2EC2625C2803,Turkey central bank : 1 - week repo to be policy rate,20180529T064500Z,,marketwatch.com,English,United States,Turkey
https://www.msn.com/en-us/finance/markets/erdogan-needs-to-charm-lira-higher-before-turkeys-vote-chart/ar-AAxeFYa,,Erdogan Needs to Charm Lira Higher Before Turkey Vote : Chart,20180514T080000Z,,msn.com,English,United States,Turkey
http://www.oann.com/erdogan-adviser-says-nobody-should-worry-about-turkey-central-bank-steps/,,Erdogan adviser says nobody should worry about Turkey central bank steps,20180513T134500Z,,oann.com,English,,Turkey
http://www.arabtimesonline.com/news/kuwaiti-investments-in-turkey-are-stable-growth-figures-optimistic/,,  Kuwaiti investments in Turkey are stable  -  Growth figures optimistic  - ARAB TIMES,20180604T220000Z,http://www.arabtimesonline.com/news/file/2017/11/erdogan.jpg,arabtimesonline.com,English,Kuwait,Turkey
https://www.arabtimesonline.com/news/kuwaiti-investments-in-turkey-are-stable-growth-figures-optimistic/,,  Kuwaiti investments in Turkey are stable  -  Growth figures optimistic  - ARAB TIMES,20180605T023000Z,https://www.arabtimesonline.com/news/file/2018/01/Deputy-Foreign-Minister-Khaled-Al-Jarallah.jpg,arabtimesonline.com,English,Kuwait,Turkey
http://www.worldbulletin.net/haberler/203009/turkeys-borsa-istanbul-down-at-open,,Turkey Borsa Istanbul down at open | Economy,20180612T093000Z,http://media.worldbulletin.net/news/2015/02/12/borsa.jpg,worldbulletin.net,English,Turkey,Turkey
http://www.worldbulletin.net/economy/203009/turkeys-borsa-istanbul-down-at-open,,Turkey Borsa Istanbul down at open | Economy,20180612T080000Z,http://media.worldbulletin.net/news/2015/02/12/borsa.jpg,worldbulletin.net,English,Turkey,Turkey
http://www.worldbulletin.net/news/203009/turkeys-borsa-istanbul-down-at-open,,Turkey Borsa Istanbul down at open | Economy,20180612T080000Z,http://media.worldbulletin.net/news/2015/02/12/borsa.jpg,worldbulletin.net,English,Turkey,Turkey
http://www.worldbulletin.net/todays-news/203009/turkeys-borsa-istanbul-down-at-open,,Turkey Borsa Istanbul down at open | Economy,20180612T080000Z,http://media.worldbulletin.net/news/2015/02/12/borsa.jpg,worldbulletin.net,English,Turkey,Turkey
https://www.bloombergquint.com/onweb/2018/05/21/-god-help-turkey-says-brokerage-as-lira-goes-into-meltdown,/onweb/2018/05/21/-god-help-turkey-says-brokerage-as-lira-goes-into-meltdown.amp,"  God Help Turkey , Says Brokerage as Lira Goes Into Meltdown",20180521T134500Z,https://fea.assettype.com/bloombergquint/assets/static/bq_1200x630_black-6867abadeb970f9954da9a6c3895c21ee8cbe46751cd04a78ed2e8f761da4905.png,bloombergquint.com,English,India,Turkey
http://www.gulf-times.com/story/594981/Turkey-said-to-be-ready-to-hike-rates-if-May-infla,,Turkey said to be ready to hike rates if May inflation rises,20180603T193000Z,http://img.gulf-times.com/Content/Upload/Slider/6201832156194209165761.jpg,gulf-times.com,English,Qatar,Turkey
http://www.econotimes.com/FxWirePro-Call-Review-USD-TRY-nears-target-target-extended-to-463-1313334,,FxWirePro Call Review : USD / TRY nears target ; target extended to 4 . 63,20180516T071500Z,https://s1.econotimes.com/assets/uploads/20180515876535d6805b5b33a_th_1024x0.png,econotimes.com,English,United States,Turkey
http://erkansaka.net/2018/05/24/turkeyelections-turkeys-currency-plunges-potentially-threatening-erdogans-re-election-bid/,," # TurkeyElections -  Turkey  Currency Plunges , Potentially Threatening Erdogan Re - Election Bid … « Erkan Field Diary",20180524T104500Z,,erkansaka.net,English,Turkey,Turkey
https://www.bloomberg.com/news/articles/2018-06-08/lira-needs-more-than-just-the-central-bank-as-the-white-knight,https://www.bloomberg.com/amp/news/articles/2018-06-08/lira-needs-more-than-just-the-central-bank-as-the-white-knight,Lira Needs More Than Just the Central Bank as the White Knight,20180608T051500Z,https://assets.bwbx.io/images/users/iqjWHBFdfxIU/iaF1Q4PceXMA/v0/1200x800.jpg,bloomberg.com,English,United States,Turkey
https://www.middleeastmonitor.com/20180603-foreign-funds-started-flowing-after-turkey-addressed-concerns-deputy-pm-says/,https://www.middleeastmonitor.com/20180603-foreign-funds-started-flowing-after-turkey-addressed-concerns-deputy-pm-says/amp/,"Foreign funds started flowing after Turkey addressed concerns , deputy PM says – Middle East Monitor",20180603T150000Z,https://i2.wp.com/www.middleeastmonitor.com/wp-content/uploads/2017/04/20170422_2_23241962_21300595.jpg,middleeastmonitor.com,English,Israel,Turkey
https://ahvalnews.com/berat-albayrak/currency-crisis-clear-operation-against-turkey-energy-minister,,Currency crisis  clear operation  against Turkey - Energy minister,20180523T161500Z,https://ahvalnews.com/sites/default/files/styles/file_watermark_13430_0.jpeg,ahvalnews.com,English,Turkey,Turkey
https://www.bloomberg.com/news/articles/2018-05-17/erdogan-cetinkaya-said-to-huddle-in-one-on-one-as-lira-slides,https://www.bloomberg.com/amp/news/articles/2018-05-17/erdogan-cetinkaya-said-to-huddle-in-one-on-one-as-lira-slides,"Erdogan , Cetinkaya Said to Huddle in One - on - One as Lira Slides",20180517T124500Z,https://assets.bwbx.io/s3/javelin/public/javelin/images/social-markets-3d32d2f713.jpg,bloomberg.com,English,United States,Turkey
https://www.lmtonline.com/news/world/article/Turkish-currency-drops-to-record-low-against-12936483.php,https://www.lmtonline.com/news/world/amp/Turkish-currency-drops-to-record-low-against-12936483.php,Turkish currency hits record low amid Erdogan concerns,20180523T101500Z,https://www.lmtonline.com/img/pages/article/opengraph_default.jpg,lmtonline.com,English,United States,Turkey
https://www.sfgate.com/news/world/article/Turkish-currency-drops-to-record-low-against-12936483.php,https://www.sfgate.com/news/world/amp/Turkish-currency-drops-to-record-low-against-12936483.php,Turkish currency drops to record low against dollar,20180523T091500Z,https://www.sfgate.com/img/pages/article/opengraph_default.png,sfgate.com,English,United States,Turkey
https://www.mysanantonio.com/news/world/article/Turkish-currency-drops-to-record-low-against-12936483.php,https://www.mysanantonio.com/news/world/amp/Turkish-currency-drops-to-record-low-against-12936483.php,Turkish currency drops to record low against dollar,20180523T093000Z,https://www.mysanantonio.com/img/pages/article/opengraph_default.jpg,mysanantonio.com,English,United States,Turkey
http://hosted2.ap.org/CAANR/0260ea4c3e85456b80715585ba3c7b5b/Article_2018-05-23-EU-Turkey-Economy/id-b3a97f9271784e35a0c5e68c48227b51,,AP News : The Orange County Register,20180523T093000Z,,hosted2.ap.org,English,United States,Turkey
http://www.stltoday.com/news/world/turkish-currency-drops-to-record-low-against-dollar/article_3732e0ad-9fda-57c2-93da-6ee160dda9d9.html,http://www.stltoday.com/news/world/turkish-currency-drops-to-record-low-against-dollar/article_3732e0ad-9fda-57c2-93da-6ee160dda9d9.amp.html,Turkish currency drops to record low against dollar | World,20180523T100000Z,https://bloximages.newyork1.vip.townnews.com/stltoday.com/content/tncms/assets/v3/editorial/f/1d/f1d91a56-9110-5936-af11-f15ed3b35cbc/5b0534d301ffb.image.jpg?crop=1763%2C992%2C0%2C91,stltoday.com,English,United States,Turkey
https://www.chieftain.com/business/turkish-currency-drops-to-record-low-against-dollar/article_fdf86f60-183a-5ea0-b354-4a54280a05f1.html,http://www.chieftain.com/business/turkish-currency-drops-to-record-low-against-dollar/article_fdf86f60-183a-5ea0-b354-4a54280a05f1.amp.html,Turkish currency drops to record low against dollar,20180523T100000Z,https://bloximages.chicago2.vip.townnews.com/chieftain.com/content/tncms/assets/v3/editorial/d/db/ddb47706-7003-5a08-b65f-a30750100532/5b05322dcce08.image.jpg,chieftain.com,English,United States,Turkey
https://www.seattletimes.com/business/turkish-currency-drops-to-record-low-against-dollar/,,Turkish currency drops to record low against dollar,20180523T093000Z,https://www.seattletimes.com/wp-content/themes/st_refresh/img/st-meta-facebook.png,seattletimes.com,English,United States,Turkey
https://www.msn.com/en-us/finance/markets/turkey-heads-toward-a-currency-crisis-as-lira-goes-into-freefall/ar-AAxGb13,,Turkey Heads Toward a Currency Crisis as Lira Goes Into Freefall,20180523T103000Z,,msn.com,English,United States,Turkey
https://www.platts.com/latest-news/petrochemicals/london/turkey-launches-anti-dumping-investigation-into-10440945,,Turkey launches anti - dumping investigation into Iranian polystyrene - Petrochemicals,20180522T173000Z,,platts.com,English,China,Turkey
http://www.presstv.com/Detail/2018/05/23/562655/Iran-petrochemical-Turkey-dumping-polystyrene,,PressTV - Turkey probes Iran polystyrene dumping claims,20180523T103000Z,http://1452858779.rsc.cdn77.org/photo/20180523/be550844-8ace-46f0-a280-2717ab27059a.jpg,presstv.com,English,Iran,Turkey
http://www.naharnet.com/stories/en/247174-turkish-economic-growth-beats-expectations-as-vote-looms,,Turkish Economic Growth Beats Expectations as Vote Looms Naharnet,20180611T114500Z,http://images0.naharnet.com/images/212363/w140.jpeg,naharnet.com,English,Syria,Turkey
http://www.france24.com/en/20180611-turkish-economic-growth-beats-expectations-vote-looms,http://m.france24.com/en/20180611-turkish-economic-growth-beats-expectations-vote-looms,Flash - Turkish economic growth beats expectations as vote looms - France 24,20180611T101500Z,http://scd.france24.com/en/files/imagecache/home_1024/images/afp/cd7d57bc6f7193df0770b6168e8cf5fccbb26db5_2.jpg,france24.com,English,France,Turkey
http://www.hurriyetdailynews.com/turkey-central-bank-makes-decisive-hike-to-main-interest-rate-lira-firms-132940,http://www.hurriyetdailynews.com/amp/turkey-central-bank-makes-decisive-hike-to-main-interest-rate-lira-firms-132940,"Turkey Central Bank makes decisive hike to main interest rate , lira firms",20180607T120000Z,,hurriyetdailynews.com,English,Turkey,Turkey
https://uk.reuters.com/article/us-turkey-minister-fiscal/turkey-to-tighten-fiscal-policy-finance-minister-idUKKCN1IW0RT,https://uk.mobile.reuters.com/article/amp/idUKKCN1IW0RT,Turkey to tighten fiscal policy : finance minister,20180531T124500Z,https://s3.reutersmedia.net/resources/r/?m=02&d=20180531&t=2&i=1267736122&r=LYNXNPEE4U0EM,uk.reuters.com,English,United States,Turkey
https://www.thenews.com.pk/print/320511-turkish-lira-in-freefall,https://www.thenews.com.pk/amp/320511-turkish-lira-in-freefall,Turkish lira  in freefall  | Business | thenews . com . pk,20180524T003000Z,https://www.thenews.com.pk/assets/front/img/no-img-fb.jpg,thenews.com.pk,English,Pakistan,Turkey
https://www.nytimes.com/2018/05/23/world/asia/turkey-lira-erdogan.html,https://mobile.nytimes.com/2018/05/23/world/asia/turkey-lira-erdogan.amp.html,"Turkey Currency Plunges , Potentially Threatening Erdogan Re - Election Bid",20180523T213000Z,https://static01.nyt.com/images/2018/05/24/world/24turkey1/24turkey1-facebookJumbo.jpg,nytimes.com,English,United States,Turkey
https://uk.reuters.com/article/emerging-markets/emerging-markets-trade-woes-send-jitters-through-emerging-markets-turkey-suffers-idUKL5N1T31FW,https://uk.mobile.reuters.com/article/amp/idUKL5N1T31FW,"EMERGING MARKETS - Trade woes send jitters through emerging markets , Turkey suffers",20180601T131500Z,https://s4.reutersmedia.net/resources_v2/images/rcom-default.png,uk.reuters.com,English,United States,Turkey
https://www.yahoo.com/news/turkey-lira-freefall-eyes-central-bank-101044295.html,https://www.yahoo.com/amphtml/news/turkey-lira-freefall-eyes-central-bank-101044295.html,"Turkey lira  in freefall , eyes on central bank",20180523T110000Z,,yahoo.com,English,United States,Turkey
https://gulfnews.com/business/economy/turks-worried-despite-efforts-to-stop-lira-fall-1.2227094,http://m.gulfnews.com/amp/business/economy/turks-worried-despite-efforts-to-stop-lira-fall-1.2227094,Turks worried despite efforts to stop lira fall,20180526T123000Z,,gulfnews.com,English,United Arab Emirates,Turkey
http://en.rfi.fr/wire/20180526-despite-efforts-stop-lira-fall-turks-still-worried,,"Despite efforts to stop lira fall , Turks still worried - France",20180526T130000Z,http://scd.en.rfi.fr/sites/english.filesrfi/imagecache/aef_ct_wire_image_620/images/afp/f210d279d79167f39d9d6ee28f31ea03e35dd00c.jpg,en.rfi.fr,English,,Turkey
https://www.reuters.com/article/turkey-economy-primeminister/rpt-as-lira-tumbled-turkeys-prime-minister-won-erdogan-over-for-rate-hike-idUSL5N1SW0Z4,https://mobile.reuters.com/article/amp/idUSL5N1SW0Z4,"RPT - As lira tumbled , Turkey prime minister won Erdogan over for rate hike",20180525T071500Z,https://s4.reutersmedia.net/resources_v2/images/rcom-default.png,reuters.com,English,United States,Turkey
https://www.reuters.com/article/turkey-economy-primeminister/rpt-as-lira-tumbled-turkeys-prime-minister-won-erdogan-over-for-rate-hike-idUSL5N1SW0US,https://mobile.reuters.com/article/amp/idUSL5N1SW0US,"RPT - As lira tumbled , Turkey prime minister won Erdogan over for rate hike",20180525T071500Z,https://s4.reutersmedia.net/resources_v2/images/rcom-default.png,reuters.com,English,United States,Turkey
https://uk.reuters.com/article/turkey-economy-primeminister/rpt-as-lira-tumbled-turkeys-prime-minister-won-erdogan-over-for-rate-hike-idUKL5N1SW0US,https://uk.mobile.reuters.com/article/amp/idUKL5N1SW0US,"RPT - As lira tumbled , Turkey prime minister won Erdogan over for rate hike",20180525T101500Z,https://s4.reutersmedia.net/resources_v2/images/rcom-default.png,uk.reuters.com,English,United States,Turkey
https://www.dailysabah.com/finance/2018/05/23/weve-fixed-problems-in-the-past-can-do-it-again-deputy-pm-simsek,https://www.dailysabah.com/finance/2018/05/23/weve-fixed-problems-in-the-past-can-do-it-again-deputy-pm-simsek/amp,"  Weve fixed problems in the past , can do it again : Deputy PM Şimşek",20180523T220000Z,https://idsb.tmgrup.com.tr/2018/05/23/weve-fixed-problems-in-the-past-can-do-it-again-deputy-pm-simsek-1527094942946.jpg,dailysabah.com,English,Turkey,Turkey
http://www.middleeasteye.net/news/turkey-lira-hits-historic-low-economic-crisis-fears-intensify-433674832,,Turkey lira hits historic low as economic crisis fears intensify,20180523T093000Z,http://www.middleeasteye.net/sites/default/files/main-images/000_1592L2.jpg,middleeasteye.net,English,Israel,Turkey
http://viewswire.eiu.com/index.asp?layout=VWArticleVW3&article_id=116802395&region_id=&country_id=1450000145&refm=vwCtry&page_title=Latest+analysis&fs=true,,Business Intelligence on 205 economies,20180607T121500Z,,viewswire.eiu.com,English,China,Turkey
https://www.exchangerates.org.uk/news/21759/turkish-lira-forecast-boom-and-bust-after-300bp-hike.html,https://www.exchangerates.org.uk/news/21759/turkish-lira-forecast-boom-and-bust-after-300bp-hike/amp,Turkish Lira Forecast : Boom And Bust After 300bp Hike,20180525T101500Z,https://www.exchangerates.org.uk/images-news2/forex-2-m.jpg,exchangerates.org.uk,English,United Kingdom,Turkey
https://www.bullionvault.com/gold-news/turkey-lira-070520182,https://www.bullionvault.com/gold-news/turkey-lira-070520182.amp,"Turkey : No , Dont Do That",20180705T150000Z,,bullionvault.com,English,United Kingdom,Turkey
https://www.marketwatch.com/story/as-election-looms-turkish-lira-feels-more-pain-after-fed-rate-hike-2018-06-13,https://www.marketwatch.com/amp/story/guid/BA011DD0-6F48-11E8-AD11-63601795C3DA,"As election looms , Turkish lira feels more pain after Fed rate hike",20180613T211500Z,http://s.marketwatch.com/public/resources/MWimages/MW-FX683_Turkis_MG_20171103135936.jpg,marketwatch.com,English,United States,Turkey
https://gulfnews.com/business/sectors/features/turkey-s-plunge-into-a-currency-abyss-yet-again-1.2239091,http://m.gulfnews.com/amp/business/sectors/features/turkey-s-plunge-into-a-currency-abyss-yet-again-1.2239091,Turkey plunge into a currency abyss yet again,20180621T090000Z,https://static.gulfnews.com/polopoly_fs/1.2239089!/image/1331202190.jpg_gen/derivatives/box_460346/1331202190.jpg,gulfnews.com,English,United Arab Emirates,Turkey
http://markets.businessinsider.com/news/stocks/turkish-lira-sliding-ahead-of-sundays-snap-elections-2018-6-1027311852,,The Turkish lira is climbing ahead of Sunday snap elections,20180622T191500Z,https://static2.businessinsider.com/image/5a6c9afd5124c9b90c7c6ba4-800/turkey-says-us-has-promised-to-stop-arming-ypg-warns-washington-on-manbij.jpg,markets.businessinsider.com,English,United States,Turkey
https://mrtopstep.com/the-turkish-lira-is-climbing-ahead-of-sundays-snap-elections/,https://mrtopstep.com/the-turkish-lira-is-climbing-ahead-of-sundays-snap-elections/amp/,The Turkish lira is climbing ahead of Sunday snap elections,20180622T234500Z,https://static4.businessinsider.com/image/5b0560cc1ae66257008b495d/the-turkish-lira-is-climbing-ahead-of-sundays-snap-elections.jpg,mrtopstep.com,English,United States,Turkey
https://www.businessinsider.in/the-turkish-lira-is-climbing-ahead-of-sundays-snap-elections/articleshow/64704406.cms,https://www.businessinsider.in/the-turkish-lira-is-climbing-ahead-of-sundays-snap-elections/amp_articleshow/64704406.cms,The Turkish lira is climbing ahead of Sunday snap elections,20180622T191500Z,https://www.businessinsider.in/photo/64704406/the-turkish-lira-is-climbing-ahead-of-sundays-snap-elections.jpg?50028,businessinsider.in,English,India,Turkey
https://www.marketwatch.com/story/turkish-lira-sells-off-sells-off-after-erdogan-appoints-son-in-law-as-finance-minister-2018-07-09,https://www.marketwatch.com/amp/story/guid/2FD23231-A7C8-464E-8482-EE1CA063D31C,Turkish lira sells off sells off after Erdogan appoints son - in - law as finance minister,20180709T203000Z,,marketwatch.com,English,United States,Turkey
https://www.businessinsider.com.au/turkish-lira-sliding-ahead-of-sundays-snap-elections-2018-6,https://www.businessinsider.com.au/turkish-lira-sliding-ahead-of-sundays-snap-elections-2018-6/amp,The Turkish lira is climbing ahead of Sunday snap elections,20180622T194500Z,https://static.businessinsider.com/image/5a6c9afd5124c9b90c7c6ba4-640.jpg,businessinsider.com.au,English,Australia,Turkey
https://www.exchangerates.org.uk/news/21988/lira-exchange-rates-today-another-crisis-possible-for-the-turkish-lira.html,https://www.exchangerates.org.uk/news/21988/lira-exchange-rates-today-another-crisis-possible-for-the-turkish-lira/amp,Lira Exchange Rates Today : Another Crisis Possible For The Turkish Lira ? ,20180614T220000Z,https://www.exchangerates.org.uk/images-news2/forex-1-m.jpg,exchangerates.org.uk,English,United Kingdom,Turkey
https://www.bloomberg.com/news/articles/2018-07-03/turkey-s-lira-bonds-slide-after-inflation-comes-in-above-15,https://www.bloomberg.com/amp/news/articles/2018-07-03/turkey-s-lira-bonds-slide-after-inflation-comes-in-above-15,"Turkey Lira , Bonds Slide After Inflation Comes in Above 15 % ",20180703T154500Z,https://assets.bwbx.io/s3/javelin/public/javelin/images/social-markets-3d32d2f713.jpg,bloomberg.com,English,United States,Turkey
https://www.forbes.com/sites/nathanlewis/2018/06/25/turkeys-currency-failure-is-easy-to-fix/,https://www.forbes.com/sites/nathanlewis/2018/06/25/turkeys-currency-failure-is-easy-to-fix/amp/,Turkey Currency Failure Is Easy To Fix,20180625T194500Z,https://blogs-images.forbes.com/nathanlewis/files/2018/06/Turkey-basemoney.jpg,forbes.com,English,United States,Turkey
https://www.neweurope.eu/article/turkish-lira-continues-tumble-erdogan-dictates-monetary-policy/,,Turkish Lira continues to tumble as Erdogan dictates monetary policy,20180713T040000Z,https://www.neweurope.eu/wp-content/uploads/2016/09/06_Erdoga-Lira.jpg,neweurope.eu,English,United Kingdom,Turkey
https://www.reuters.com/article/turkey-banks-borrowing-costs/turkish-bank-borrowing-costs-hit-record-high-as-lira-pressure-mounts-idUSL8N1TH4UF,https://mobile.reuters.com/article/amp/idUSL8N1TH4UF,Turkish bank borrowing costs hit record high as lira pressure mounts,20180616T003000Z,https://s4.reutersmedia.net/resources_v2/images/rcom-default.png,reuters.com,English,United States,Turkey
http://erkansaka.net/2018/07/12/1-usd-reaches-480-try-lira-slumps-to-new-record-lows-as-investor-concerns-escalate/,,"1 USD reaches 4 , 80 TRY .  Lira slumps to new record lows as investor concerns escalate … « Erkan Field Diary",20180712T130000Z,,erkansaka.net,English,Turkey,Turkey
https://www.dailyreckoning.com.au/24-june-the-day-the-new-crisis-begins/2018/06/14/,https://www.dailyreckoning.com.au/amp/24-june-the-day-the-new-crisis-begins/2018/06/14/,24 June : The Day the New Crisis Begins,20180614T063000Z,https://www.dailyreckoning.com.au/wp-content/uploads/2018/06/24-June-The-Day-the-New-Crisis-Begins.jpg,dailyreckoning.com.au,English,Australia,Turkey
https://www.wral.com/turkey-s-currency-plunges-potentially-threatening-erdogan-s-re-election-bid/17575817/,https://www.wral.com/turkey-s-currency-plunges-potentially-threatening-erdogan-s-re-election-bid/17575817/?version=amp,"Turkey Currency Plunges , Potentially Threatening Erdogan Re - Election Bid",20180614T184500Z,https://wwwcache.wral.com/presentation/v3/images/content/social/open_graph/wral_news5_1920x1080.jpg,wral.com,English,United States,Turkey
http://www.futuresmag.com/2018/06/21/turkish-election-represents-market-event-investors-unable-ignore,,Turkish election represents market event investors unable to ignore,20180621T193000Z,,futuresmag.com,English,United States,Turkey
https://www.bloomberg.com/news/articles/2018-06-19/turkey-s-capital-flight-problem-is-getting-worse-in-5-charts,https://www.bloomberg.com/amp/news/articles/2018-06-19/turkey-s-capital-flight-problem-is-getting-worse-in-5-charts,5 Charts That Show Turkey Capital Flight Problem Is Getting Worse,20180619T104500Z,https://assets.bwbx.io/images/users/iqjWHBFdfxIU/iWgNMLXOQEyk/v0/1200x690.png,bloomberg.com,English,United States,Turkey
https://www.reuters.com/article/turkey-markets-investors/rpt-graphic-turkeys-ailing-financial-markets-and-foreign-exposure-idUSL8N1TO0Y0,https://mobile.reuters.com/article/amp/idUSL8N1TO0Y0,RPT - GRAPHIC - Turkey ailing financial markets and foreign exposure,20180622T081500Z,https://s4.reutersmedia.net/resources_v2/images/rcom-default.png,reuters.com,English,United States,Turkey
https://uk.reuters.com/article/turkey-markets-investors/rpt-graphic-turkeys-ailing-financial-markets-and-foreign-exposure-idUKL8N1TO0Y0,https://uk.mobile.reuters.com/article/amp/idUKL8N1TO0Y0,RPT - GRAPHIC - Turkey ailing financial markets and foreign exposure,20180622T100000Z,https://s4.reutersmedia.net/resources_v2/images/rcom-default.png,uk.reuters.com,English,United States,Turkey
https://in.reuters.com/article/us-turkey-markets-investors/turkeys-ailing-financial-markets-and-foreign-exposure-idINKBN1JH1RU,https://in.mobile.reuters.com/article/amp/idINKBN1JH1RU,Turkey ailing financial markets and foreign exposure,20180622T030000Z,https://s3.reutersmedia.net/resources/r/?m=02&d=20180621&t=2&i=1275018861&r=LYNXMPEE5K1BN,in.reuters.com,English,United States,Turkey
https://www.marketwatch.com/story/turkey-removes-5-year-term-clause-for-central-bank-governor-reuters-2018-07-09,https://www.marketwatch.com/amp/story/guid/0AEC630B-B7D3-4983-B6E0-B7D14AC442B6,Turkey removes 5 - year term clause for central bank governor : Reuters,20180709T150000Z,,marketwatch.com,English,United States,Turkey
https://english.enabbaladi.net/archives/2018/06/has-the-turkification-of-currency-begun-in-northern-syria/,https://english.enabbaladi.net/archives/2018/06/has-the-turkification-of-currency-begun-in-northern-syria/amp/,Has the Turkification of Currency Begun in Northern Syria ? ,20180613T190000Z,https://english.enabbaladi.net/wp-content/uploads/2018/06/Turkey.jpg,english.enabbaladi.net,English,Syria,Turkey
https://www.msn.com/en-us/finance/markets/turkeys-ailing-financial-markets-and-foreign-exposure/ar-AAyXdyD,,Turkey ailing financial markets and foreign exposure,20180621T133000Z,,msn.com,English,United States,Turkey
https://www.businessinsider.in/turkish-lira-rebounds-as-erdogan-is-sworn-in-as-president/articleshow/64921478.cms,https://www.businessinsider.in/turkish-lira-rebounds-as-erdogan-is-sworn-in-as-president/amp_articleshow/64921478.cms,Turkish lira rebounds as Erdogan is sworn in as president,20180709T180000Z,https://www.businessinsider.in/photo/64921478/turkish-lira-rebounds-as-erdogan-is-sworn-in-as-president.jpg?50028,businessinsider.in,English,India,Turkey
https://www.reuters.com/article/turkey-currency/turkish-lira-weakens-market-seems-to-shrug-off-erdogans-comments-on-moodys-idUSL8N1TG2RB,https://mobile.reuters.com/article/amp/idUSL8N1TG2RB,"Turkish lira weakens , market seems to shrug off Erdogan comments on Moody ",20180614T161500Z,https://s4.reutersmedia.net/resources_v2/images/rcom-default.png,reuters.com,English,United States,Turkey
https://uk.reuters.com/article/uk-turkey-markets-investors/turkeys-ailing-financial-markets-and-foreign-exposure-idUKKBN1JH1VB,https://uk.mobile.reuters.com/article/amp/idUKKBN1JH1VB,Turkey ailing financial markets and foreign exposure,20180621T141500Z,https://s3.reutersmedia.net/resources/r/?m=02&d=20180621&t=2&i=1275034758&r=LYNXMPEE5K1G6,uk.reuters.com,English,United States,Turkey
http://www.sharenet.co.za/news/GRAPHICTurkeys_ailing_financial_markets_and_foreign_exposure/97d0c1886d2a1ef7167a090370f43819,,GRAPHIC - Turkey ailing financial markets and foreign exposure,20180622T074500Z,,sharenet.co.za,English,South Africa,Turkey
https://www.aa.com.tr/en/economy/turkeys-borsa-istanbul-starts-day-up/1195249,,Turkey Borsa Istanbul starts day up,20180705T114500Z,https://cdnuploads.aa.com.tr/uploads/Contents/2018/07/05/thumbs_b_c_837f06bdefc38b6a1c2862dd110d8703.jpg?v=105102,aa.com.tr,English,Turkey,Turkey
https://ahvalnews.com/lira/japanese-investors-shun-lira-rand,,Japanese investors shun lira for rand,20180704T123000Z,https://ahvalnews.com/sites/default/files/styles/social_image/public/2018-03/lira.jpg?f4230fa&itok=rrx4K-rw,ahvalnews.com,English,Turkey,Turkey
https://www.bloomberg.com/news/articles/2018-07-03/japan-s-retail-army-is-piling-into-the-rand-while-shunning-lira,https://www.bloomberg.com/amp/news/articles/2018-07-03/japan-s-retail-army-is-piling-into-the-rand-while-shunning-lira,Japan Retail Army Is Piling Into the Rand While Shunning Lira,20180704T043000Z,https://assets.bwbx.io/s3/javelin/public/javelin/images/social-markets-3d32d2f713.jpg,bloomberg.com,English,United States,Turkey
https://www.yahoo.com/news/turkish-lira-rebounds-erdogan-sworn-151245110.html,https://www.yahoo.com/amphtml/news/turkish-lira-rebounds-erdogan-sworn-151245110.html,Turkish lira rebounds as Erdogan is sworn in as president,20180710T034500Z,,yahoo.com,English,United States,Turkey
http://www.worldbulletin.net/news/203661/turkeys-borsa-istanbul-up-at-open,,Turkey Borsa Istanbul up at open | Economy,20180703T100000Z,http://media.worldbulletin.net/news/2017/10/05/borsa.jpg,worldbulletin.net,English,Turkey,Turkey
http://www.worldbulletin.net/todays-news/203661/turkeys-borsa-istanbul-up-at-open,,Turkey Borsa Istanbul up at open | Economy,20180703T100000Z,http://media.worldbulletin.net/news/2017/10/05/borsa.jpg,worldbulletin.net,English,Turkey,Turkey
http://www.worldbulletin.net/economy/203661/turkeys-borsa-istanbul-up-at-open,,Turkey Borsa Istanbul up at open | Economy,20180703T100000Z,http://media.worldbulletin.net/news/2017/10/05/borsa.jpg,worldbulletin.net,English,Turkey,Turkey
http://www.worldbulletin.net/haberler/203661/turkeys-borsa-istanbul-up-at-open,,Turkey Borsa Istanbul up at open | Economy,20180703T103000Z,http://media.worldbulletin.net/news/2017/10/05/borsa.jpg,worldbulletin.net,English,Turkey,Turkey
https://thedailycoin.org/2018/06/27/as-turkish-lira-collapses-foreign-banks-in-turkey-rue-the-day/,,"As Turkish Lira Collapses , Foreign Banks in Turkey Rue the Day",20180628T010000Z,https://thedailycoin.org/wp-content/uploads/2017/11/public-domain-chshire-cat-alice-in-wonderland-economy-people-preparedness.jpg,thedailycoin.org,English,United States,Turkey
https://www.wsj.com/articles/erdogans-victory-in-turkey-creates-clarity-but-not-confidence-1529928582,https://www.wsj.com/amp/articles/erdogans-victory-in-turkey-creates-clarity-but-not-confidence-1529928582,Erdogan Victory in Turkey Creates Clarity but Not Confidence,20180625T124500Z,https://images.wsj.net/im-15562/social,wsj.com,English,United States,Turkey
https://www.bloomberg.com/news/articles/2018-07-12/turkey-lira-rebounds-from-record-as-retail-traders-buy-into-dips,https://www.bloomberg.com/amp/news/articles/2018-07-12/turkey-lira-rebounds-from-record-as-retail-traders-buy-into-dips,Turkey Lira Rebounds From Record as Retail Traders Buy Into Dips,20180712T091500Z,https://assets.bwbx.io/s3/javelin/public/javelin/images/social-markets-3d32d2f713.jpg,bloomberg.com,English,United States,Turkey
http://www.hurriyetdailynews.com/lira-slumps-to-new-record-lows-as-investor-concerns-escalate-134468,http://www.hurriyetdailynews.com/amp/lira-slumps-to-new-record-lows-as-investor-concerns-escalate-134468,Lira slumps to new record lows as investor concerns escalate,20180712T094500Z,,hurriyetdailynews.com,English,Turkey,Turkey
https://www.bloomberg.com/news/articles/2018-07-10/turkey-lira-rebounds-with-retail-investors-said-to-buy-into-dips,https://www.bloomberg.com/amp/news/articles/2018-07-10/turkey-lira-rebounds-with-retail-investors-said-to-buy-into-dips,Turkey Lira Rebounds With Retail Investors Said to Buy Into Dips,20180710T104500Z,https://assets.bwbx.io/images/users/iqjWHBFdfxIU/ijCG21e9N5C8/v0/1200x800.jpg,bloomberg.com,English,United States,Turkey
https://ahvalnews.com/turkey-economy/erdogan-says-will-sanction-moodys-after-it-defamed-turkey,,Erdoğan says will sanction Moody after it defamed Turkey,20180614T161500Z,https://ahvalnews.com/sites/default/files/styles/social_image/public/2018-03/moodys_reuters_brandan_mcdermid.jpg?e71b3&itok=KYlOsuWL,ahvalnews.com,English,Turkey,Turkey
https://www.cato.org/publications/commentary/turkeys-lira-takes-dive-inflation-soars,,Turkey Lira Takes a Dive and Inflation Soars,20180624T180000Z,,cato.org,English,United States,Turkey
https://www.bloomberg.com/news/articles/2018-06-13/turkey-s-bonds-lira-slide-a-third-day-before-central-banks-meet,https://www.bloomberg.com/amp/news/articles/2018-06-13/turkey-s-bonds-lira-slide-a-third-day-before-central-banks-meet,Turkish Yields Head for Record While Lira Loses Rate - Hike Boost,20180613T151500Z,https://assets.bwbx.io/s3/javelin/public/javelin/images/social-markets-3d32d2f713.jpg,bloomberg.com,English,United States,Turkey
https://www.businesslive.co.za/bd/markets/2018-07-04-the-rand-is-big-in-japan-right-now/,https://www.businesslive.co.za/amp/bd/markets/2018-07-04-the-rand-is-big-in-japan-right-now/,The rand is big in Japan right now,20180704T114500Z,https://lh3.googleusercontent.com/vLjuk9sa1_b1HZKdp3vn1UpyvPGFY15oAfQxZzsBnQaJEM-VSaUw_nXAJp53mhnfq1fpRTntx4c2VIcqeqTpkQS0sggThOioPw=s1000,businesslive.co.za,English,South Africa,Turkey
https://www.moneyweb.co.za/news/markets/japans-retail-army-is-piling-into-rand-while-shunning-lira/,,Japan s retail army is piling into rand while shunning lira,20180704T110000Z,https://www.moneyweb.co.za/wp-content/uploads/2014/10/234931008-555x370.jpg,moneyweb.co.za,English,South Africa,Turkey
https://www.moneyweb.co.za/news-fast-news/japans-retail-army-is-piling-into-rand-while-shunning-lira/,,Japan s retail army is piling into rand while shunning lira,20180704T070000Z,https://www.moneyweb.co.za/wp-content/uploads/2014/10/shutterstock_769356880-555x370.jpg,moneyweb.co.za,English,South Africa,Turkey
http://wvtf.org/post/ahead-turkeys-election-rising-inflation-and-weakening-currency-loom,,"Ahead Of Turkey Election , Rising Inflation And Weakening Currency Loom",20180621T091500Z,,wvtf.org,English,United States,Turkey
http://www.hurriyetdailynews.com/turkeys-finance-minister-says-central-bank-is-independent-lira-firms-134481,http://www.hurriyetdailynews.com/amp/turkeys-finance-minister-says-central-bank-is-independent-lira-firms-134481,"Turkey finance minister says central bank is independent , lira firms",20180712T103000Z,,hurriyetdailynews.com,English,Turkey,Turkey
https://www.msn.com/en-us/finance/markets/turkish-lira-rebounds-as-erdogan-is-sworn-in-as-president/ar-AAzNYAg,,Turkish lira rebounds as Erdogan is sworn in as president,20180709T160000Z,,msn.com,English,United States,Turkey
https://www.siasat.com/news/turkeys-economy-delivers-pre-poll-growth-boost-erdogan-1368117/,https://www.siasat.com/news/turkeys-economy-delivers-pre-poll-growth-boost-erdogan-1368117/amp/,Turkey economy delivers pre - poll growth boost for Erdogan,20180613T010000Z,https://i2.wp.com/www.siasat.com/wp-content/uploads/2018/05/1MAY13R.jpg,siasat.com,English,India,Turkey
http://www.cpifinancial.net/news/category/results/post/45644/turkish-inflation-accelerates-to-15-year-high-on-weakening-lira,,Turkish inflation accelerates to 15 - year high on weakening lira | CPI Financial | CPI Financial News,20180704T074500Z,http://www.cpifinancial.net/files/blog/45644/large/Turkish_Inflation_Accelerates_to_15-Year_High_on_Weakening_Lira.jpg,cpifinancial.net,English,United Arab Emirates,Turkey
http://cpifinancial.net/news/post/45644/turkish-inflation-accelerates-to-15-year-high-on-weakening-lira,,Turkish inflation accelerates to 15 - year high on weakening lira | CPI Financial | CPI Financial News,20180704T051500Z,http://cpifinancial.net/files/blog/45644/large/Turkish_Inflation_Accelerates_to_15-Year_High_on_Weakening_Lira.jpg,cpifinancial.net,English,United Arab Emirates,Turkey
http://www.cpifinancial.net/news/post/45644/turkish-inflation-accelerates-to-15-year-high-on-weakening-lira,,Turkish inflation accelerates to 15 - year high on weakening lira | CPI Financial | CPI Financial News,20180704T061500Z,http://www.cpifinancial.net/files/blog/45644/large/Turkish_Inflation_Accelerates_to_15-Year_High_on_Weakening_Lira.jpg,cpifinancial.net,English,United Arab Emirates,Turkey
http://www.cpifinancial.net/news/category/economics/post/45644/turkish-inflation-accelerates-to-15-year-high-on-weakening-lira,,Turkish inflation accelerates to 15 - year high on weakening lira | CPI Financial | CPI Financial News,20180704T074500Z,http://www.cpifinancial.net/files/blog/45644/large/Turkish_Inflation_Accelerates_to_15-Year_High_on_Weakening_Lira.jpg,cpifinancial.net,English,United Arab Emirates,Turkey
http://www.cpifinancial.net/news/category/markets/post/45644/turkish-inflation-accelerates-to-15-year-high-on-weakening-lira,,Turkish inflation accelerates to 15 - year high on weakening lira | CPI Financial | CPI Financial News,20180704T074500Z,http://www.cpifinancial.net/files/blog/45644/large/Turkish_Inflation_Accelerates_to_15-Year_High_on_Weakening_Lira.jpg,cpifinancial.net,English,United Arab Emirates,Turkey
https://turkey.theglobepost.com/turkish-lira-tumbles-dollar/,https://turkey.theglobepost.com/turkish-lira-tumbles-dollar/amp/,"Turkey Currency Tumbles , With Nearing to 5 Lira Against Dollar",20180712T073000Z,https://i0.wp.com/turkey.theglobepost.com/wp-content/uploads/2018/07/economy-dolar.jpg?fit=620%2C344&#038;ssl=1,turkey.theglobepost.com,English,,Turkey
https://www.barrons.com/articles/turkish-lira-hits-record-low-against-dollar-1531432916,https://www.barrons.com/amp/articles/turkish-lira-hits-record-low-against-dollar-1531432916,Turkish Lira Hits Record Low Against Dollar,20180713T031500Z,https://asset.barrons.com/public/resources/images/ON-CP365_turkis_G_20180712173451.jpg,barrons.com,English,China,Turkey
https://www.bloombergquint.com/markets/2018/07/03/japan-s-retail-army-is-piling-into-the-rand-while-shunning-lira,/markets/2018/07/03/japan-s-retail-army-is-piling-into-the-rand-while-shunning-lira.amp,Japan Retail Army Is Piling Into Rand While Shunning Lira,20180704T123000Z,https://fea.assettype.com/bloombergquint/assets/static/bq_1200x630_black-6867abadeb970f9954da9a6c3895c21ee8cbe46751cd04a78ed2e8f761da4905.png,bloombergquint.com,English,India,Turkey
https://www.msn.com/en-us/finance/markets/japans-retail-army-is-piling-into-rand-while-shunning-lira/ar-AAzyec7,,Japan Retail Army Is Piling Into Rand While Shunning Lira,20180704T063000Z,,msn.com,English,United States,Turkey
http://www.businessinsider.com/turkish-lira-rebounds-as-erdogan-is-sworn-in-as-president-2018-7,https://amp.businessinsider.com/turkish-lira-rebounds-as-erdogan-is-sworn-in-as-president-2018-7,Turkish lira rebounds as Erdogan is sworn in as president,20180709T153000Z,https://amp.businessinsider.com/images/5b2d3d0b1ae6623d008b4723-750-375.jpg,businessinsider.com,English,United States,Turkey
https://aawsat.com/english/home/article/1299276/turkey-says-it-completed-simplification-monetary-policy,https://aawsat.com/english/home/article/1299276/turkey-says-it-completed-simplification-monetary-policy?amp,Turkey Says it Completed Simplification of Monetary Policy,20180613T144500Z,https://aawsat.com/sites/default/files/styles/large/public/2018/06/13/turkish_lira_28reuters29.jpg?itok=G9E8bq3-,aawsat.com,English,Syria,Turkey
https://www.bloomberg.com/news/articles/2018-07-12/it-s-whom-you-know-mexico-turkey-assets-diverge-after-votes,https://www.bloomberg.com/amp/news/articles/2018-07-12/it-s-whom-you-know-mexico-turkey-assets-diverge-after-votes,"Currencies in Mexico , Turkey Diverge After Votes",20180712T154500Z,https://assets.bwbx.io/s3/javelin/public/javelin/images/social-markets-3d32d2f713.jpg,bloomberg.com,English,United States,Turkey
http://www.nigeriatoday.ng/2018/06/liras-bounce-on-erdogans-victory-seen-short-lived-by-investors-bloomberg/,http://www.nigeriatoday.ng/2018/06/liras-bounce-on-erdogans-victory-seen-short-lived-by-investors-bloomberg/amp/,Lira Bounce on Erdogan Victory Seen Short - Lived by Investors,20180625T131500Z,http://t0.gstatic.com/images?q=tbn:ANd9GcQUgrnQhS431HNscEJzeHhjjf9BNU3o6DXD7IcMxT42XL_R8MuVB4D79xPTRfqFcIIkZlVTbV8z,nigeriatoday.ng,English,Nigeria,Turkey
https://uk.news.yahoo.com/turkeys-erdogan-says-aim-moodys-following-june-elections-142346097--business.html,https://uk.news.yahoo.com/amphtml/turkeys-erdogan-says-aim-moodys-following-june-elections-142346097--business.html,Turkey Erdogan says to take aim at Moody following June elections,20180614T213000Z,,uk.news.yahoo.com,English,United States,Turkey
http://www.futuresmag.com/2018/06/25/lira-jumps-higher-erdogan-victory-%E2%80%94-will-momentum-last,,Lira jumps higher on Erdogan victory but will the momentum last ? ,20180625T191500Z,,futuresmag.com,English,United States,Turkey
http://smc.sd/en/turkeys-erdogan-equates-lira-fall-to-terrorism/,,Turkey Erdogan equates lira fall to  terrorism  ,20180630T044500Z,http://smc.sd/en/wp-content/uploads/sites/2/2017/01/584919_img650x420_img650x420_crop.jpg,smc.sd,English,Sudan,Turkey
https://au.news.yahoo.com/turkey-lira-slumps-record-lows-erdogan-commments-221304603--spt.html,https://au.news.yahoo.com/amphtml/turkey-lira-slumps-record-lows-erdogan-commments-221304603--spt.html,Turkey lira slumps to new record lows after Erdogan commments,20180712T003000Z,,au.news.yahoo.com,English,United States,Turkey
http://www.digitaljournal.com/news/world/turkey-lira-slumps-to-new-record-lows-after-erdogan-commments/article/526850,,Turkey lira slumps to new record lows after Erdogan commments,20180711T234500Z,http://www.digitaljournal.com/img/1/0/4/8/0/9/3/i/3/9/0/p-large/008c0db6373e8bf7516e5d13e75ba5271df66107.jpg,digitaljournal.com,English,United States,Turkey
https://www.newstimes.com/technology/businessinsider/article/The-Turkish-lira-is-plunging-after-an-emergency-12940472.php,https://m.newstimes.com/technology/businessinsider/article/The-Turkish-lira-is-plunging-after-an-emergency-12940472.php,Turkish lira rebounds as Erdogan is sworn in as president,20180709T170000Z,https://www.newstimes.com/img/pages/article/opengraph_default.jpg,newstimes.com,English,United States,Turkey
https://www.ctpost.com/technology/businessinsider/article/The-Turkish-lira-is-plunging-after-an-emergency-12940472.php,https://m.ctpost.com/technology/businessinsider/article/The-Turkish-lira-is-plunging-after-an-emergency-12940472.php,Turkish lira rebounds as Erdogan is sworn in as president,20180709T181500Z,https://www.ctpost.com/img/pages/article/opengraph_default.jpg,ctpost.com,English,United States,Turkey
https://www.nhregister.com/technology/businessinsider/article/The-Turkish-lira-is-plunging-after-an-emergency-12940472.php,,Turkish lira rebounds as Erdogan is sworn in as president,20180709T181500Z,https://www.nhregister.com/img/pages/article/opengraph_default.jpg,nhregister.com,English,United States,Turkey
https://www.stamfordadvocate.com/technology/businessinsider/article/The-Turkish-lira-is-plunging-after-an-emergency-12940472.php,https://m.stamfordadvocate.com/technology/businessinsider/article/The-Turkish-lira-is-plunging-after-an-emergency-12940472.php,Turkish lira rebounds as Erdogan is sworn in as president,20180709T180000Z,https://www.stamfordadvocate.com/img/pages/article/opengraph_default.jpg,stamfordadvocate.com,English,United States,Turkey
https://www.greenwichtime.com/technology/businessinsider/article/The-Turkish-lira-is-plunging-after-an-emergency-12940472.php,https://m.greenwichtime.com/technology/businessinsider/article/The-Turkish-lira-is-plunging-after-an-emergency-12940472.php,Turkish lira rebounds as Erdogan is sworn in as president,20180709T171500Z,https://www.greenwichtime.com/img/pages/article/opengraph_default.jpg,greenwichtime.com,English,United States,Turkey
https://www.middletownpress.com/technology/businessinsider/article/The-Turkish-lira-is-plunging-after-an-emergency-12940472.php,,Turkish lira rebounds as Erdogan is sworn in as president,20180709T171500Z,https://www.middletownpress.com/img/pages/article/opengraph_default.jpg,middletownpress.com,English,United States,Turkey
https://www.marketwatch.com/story/what-you-need-to-know-about-turkeys-election-this-sunday-2018-06-21,https://www.marketwatch.com/amp/story/guid/61AB2478-755B-11E8-B7C0-1B0EAEF8443F,What you need to know about Turkey election this Sunday,20180621T194500Z,http://s.marketwatch.com/public/resources/MWimages/MW-GL317_Turkey_ZG_20180621105508.jpg,marketwatch.com,English,United States,Turkey
https://www.nytimes.com/2018/07/10/business/turkey-economy-erdogan.html,https://mobile.nytimes.com/2018/07/10/business/turkey-economy-erdogan.html,"In an Uncertain Global Economy , Turkey May Be the Most at Risk",20180710T093000Z,https://static01.nyt.com/images/2018/07/02/business/00turkeycrisis1/merlin_140654985_51639a45-6c6b-4934-a963-ad993a23e2d9-facebookJumbo.jpg,nytimes.com,English,United States,Turkey
https://learningenglish.voanews.com/a/erdogan-says-turkeys-growth-confirms-his-economic-policies/4437259.html,https://learningenglish.voanews.com/amp/4437259.html,Erdogan Says Turkey Growth Confirms His Economic Policies,20180613T221500Z,https://gdb.voanews.com/5E492FFC-DD6E-4BBC-8D6F-6732E949F2A1_cx0_cy10_cw0_w1200_r1_s.jpg,learningenglish.voanews.com,English,United States,Turkey
https://www.msn.com/en-us/finance/markets/turkeys-erdogan-says-to-take-aim-at-moodys-following-june-elections/ar-AAyDWoD,,Turkey Erdogan says to take aim at Moody following June elections,20180614T143000Z,,msn.com,English,United States,Turkey
https://www.bloomberg.com/news/articles/2018-07-03/turkish-inflation-accelerates-to-15-year-high-on-weakening-lira,https://www.bloomberg.com/amp/news/articles/2018-07-03/turkish-inflation-accelerates-to-15-year-high-on-weakening-lira,Turk Inflation Accelerates Beyond Forecasts to 15 - Year High,20180703T134500Z,https://assets.bwbx.io/s3/javelin/public/javelin/images/social-markets-3d32d2f713.jpg,bloomberg.com,English,United States,Turkey
https://www.zerohedge.com/news/2018-07-11/turkish-lira-crashes-record-low-after-erdogan-says-rates-go-down,,Turkish Lira Crashes To Record Low After Erdogan Says  Rates To Go Down  ,20180711T153000Z,https://www.zerohedge.com/sites/default/files/2018-07/2018-07-11%20%284%29.jpg,zerohedge.com,English,United States,Turkey
https://uk.reuters.com/article/uk-turkey-erdogan-moody-s/turkeys-erdogan-says-to-take-aim-at-moodys-following-june-elections-idUKKBN1JA236,https://uk.mobile.reuters.com/article/amp/idUKKBN1JA236,Turkey Erdogan says to take aim at Moody following June elections,20180614T151500Z,https://s3.reutersmedia.net/resources/r/?m=02&d=20180614&t=2&i=1272568168&r=LYNXMPEE5D1BP,uk.reuters.com,English,United States,Turkey
https://wolfstreet.com/2018/07/11/as-erdogan-cements-his-hold-over-turkeys-economy-global-investors-begin-to-panic/,,"As Erdogan Cements His Hold Over Turkey s Economy , Global Investors Begin to Panic",20180711T173000Z,https://wolfstreet.com/wp-content/uploads/2018/07/Turkish-Lira-2018-07-11.png,wolfstreet.com,English,Spain,Turkey
https://www.msn.com/en-za/money/news/japans-retail-army-is-piling-into-rand-while-shunning-lira/ar-AAzyqZ7,,Japan Retail Army Is Piling Into Rand While Shunning Lira,20180704T073000Z,,msn.com,English,United States,Turkey
http://www.jordantimes.com/news/business/turkey%E2%80%99s-lira-pares-dollar-gains-after-erdogan-victory,,Turkey lira pares dollar gains after Erdogan victory,20180626T020000Z,http://www.jordantimes.com/sites/default/files/3-Lira.jpg,jordantimes.com,English,Jordan,Turkey
http://jordantimes.com/news/business/turkey%E2%80%99s-lira-pares-dollar-gains-after-erdogan-victory,,Turkey lira pares dollar gains after Erdogan victory,20180626T030000Z,http://jordantimes.com/sites/default/files/3-Lira.jpg,jordantimes.com,English,Jordan,Turkey
https://finance.townhall.com/columnists/davidpgoldman/2018/06/18/turkeys-economic-crisis-has-just-begun-n2491853,https://finance.townhall.com/columnists/davidpgoldman/2018/06/18/turkeys-economic-crisis-has-just-begun-n2491853?amp=true,Turkey Economic Crisis Has Just Begun,20180618T154500Z,https://media.townhall.com/townhall/reu/s1280x720/2018/133/9b5a3c66-1cf4-4510-9304-53ff39425b17.jpg,finance.townhall.com,English,United States,Turkey
https://www.etftrends.com/turkey-etf-jumps-as-ankara-looks-to-supportive-policies/,https://www.etftrends.com/turkey-etf-jumps-as-ankara-looks-to-supportive-policies/amp/,Turkey ETF Jumps as Ankara Looks to Supportive Policies,20180705T231500Z,https://d3hd9t0fnb52go.cloudfront.net/wp-content/uploads/2018/07/Turkey-ETF-Jumps-as-Ankara-Looks-to-Supportive-Policies.jpg,etftrends.com,English,China,Turkey
https://tribune.com.pk/story/1740804/3-economic-pledges-turkeys-elections/,https://tribune.com.pk/story/1740804/3-economic-pledges-turkeys-elections/?amp=1,Economic pledges for Turkey elections,20180623T104500Z,https://c.tribune.com.pk/2018/06/download-7-1529748880.png,tribune.com.pk,English,Pakistan,Turkey
https://www.middleeastmonitor.com/20180623-economic-promises-are-vague-in-turkeys-election-campaign/,https://www.middleeastmonitor.com/20180623-economic-promises-are-vague-in-turkeys-election-campaign/amp/,Economic promises are vague in Turkey election campaign – Middle East Monitor,20180623T093000Z,https://i2.wp.com/www.middleeastmonitor.com/wp-content/uploads/2018/06/2018_6-21-AK-Partyâs-rally20180622_2_31071600_34948224.jpg,middleeastmonitor.com,English,Israel,Turkey
http://www.atimes.com/article/angered-by-plunging-lira-erdogan-vows-to-take-action-against-credit-rating-agency/,http://www.atimes.com/article/angered-by-plunging-lira-erdogan-vows-to-take-action-against-credit-rating-agency/amp/,"Angered by plunging lira , Erdogan vows to take action against credit rating agency",20180614T233000Z,http://static.atimes.com/uploads/2018/06/iStock-908401638-1600x960.jpg,atimes.com,English,China,Turkey
https://www.bloomberg.com/news/articles/2018-07-10/traders-brace-for-wild-ride-as-erdogan-tightens-grip-on-turkey,https://www.bloomberg.com/amp/news/articles/2018-07-10/traders-brace-for-wild-ride-as-erdogan-tightens-grip-on-turkey,Traders Brace for Wild Ride as Erdogan Tightens Grip on Turkey,20180710T121500Z,https://assets.bwbx.io/s3/javelin/public/javelin/images/social-markets-3d32d2f713.jpg,bloomberg.com,English,United States,Turkey
https://www.aa.com.tr/en/economy/turkeys-borsa-istanbul-starts-day-up/1201654,,Turkey Borsa Istanbul starts day up,20180712T100000Z,https://cdnuploads.aa.com.tr/uploads/Contents/2018/07/12/thumbs_b_c_22e825d208df6ea5eb9eae687b701d50.jpg?v=102033,aa.com.tr,English,Turkey,Turkey
http://www.worldbulletin.net/haberler/203039/turkeys-borsa-istanbul-down-at-open,,Turkey Borsa Istanbul down at open | Economy,20180613T083000Z,http://media.worldbulletin.net/news/2017/10/05/borsa.jpg,worldbulletin.net,English,Turkey,Turkey
http://www.worldbulletin.net/economy/203039/turkeys-borsa-istanbul-down-at-open,,Turkey Borsa Istanbul down at open | Economy,20180613T084500Z,http://media.worldbulletin.net/news/2017/10/05/borsa.jpg,worldbulletin.net,English,Turkey,Turkey
http://www.worldbulletin.net/news/203039/turkeys-borsa-istanbul-down-at-open,,Turkey Borsa Istanbul down at open | Economy,20180613T084500Z,http://media.worldbulletin.net/news/2017/10/05/borsa.jpg,worldbulletin.net,English,Turkey,Turkey
http://www.worldbulletin.net/todays-news/203039/turkeys-borsa-istanbul-down-at-open,,Turkey Borsa Istanbul down at open | Economy,20180613T084500Z,http://media.worldbulletin.net/news/2017/10/05/borsa.jpg,worldbulletin.net,English,Turkey,Turkey
https://dayan.org/content/turkey%E2%80%99s-pre-election-economic-crisis,,Turkey pre - election economic crisis,20180617T104500Z,https://dayan.org/sites/default/files/styles/panopoly_image_original/public/banknote-16832_1920.jpg?itok=znTOQ-ji,dayan.org,English,Syria,Turkey
http://www.france24.com/en/20180712-turkey-lira-slumps-new-record-lows-after-erdogan-commments,http://m.france24.com/en/20180712-turkey-lira-slumps-new-record-lows-after-erdogan-commments,Flash - Turkey lira slumps to new record lows after Erdogan commments - France 24,20180712T000000Z,http://scd.france24.com/en/files/imagecache/home_1024/images/afp/1ebacc7d09a77105f237266b7269c8e9e402e42b.jpg,france24.com,English,France,Turkey
https://www.yahoo.com/news/turkey-lira-slumps-record-lows-erdogan-commments-221304772.html,https://www.yahoo.com/amphtml/news/turkey-lira-slumps-record-lows-erdogan-commments-221304772.html,Turkey lira slumps to new record lows after Erdogan commments,20180711T230000Z,,yahoo.com,English,United States,Turkey
https://www.economist.com/europe/2018/06/16/surrender-your-dollars-urges-turkeys-president-erdogan,,"Surrender your dollars , urges Turkey President Erdogan",20180614T161500Z,https://cdn.static-economist.com/sites/default/files/images/2018/06/articles/main/20180616_eup504.jpg,economist.com,English,United States,Turkey
https://www.economist.com/europe/2018/06/14/surrender-your-dollars-urges-turkeys-president-erdogan,,"Surrender your dollars , urges Turkey President Erdogan",20180614T191500Z,https://cdn.static-economist.com/sites/default/files/images/2018/06/articles/main/20180616_eup504.jpg,economist.com,English,United States,Turkey
https://gulfnews.com/business/sectors/markets/lira-s-bounce-on-erdogan-s-victory-seen-as-short-lived-by-investors-1.2241843,http://m.gulfnews.com/amp/business/sectors/markets/lira-s-bounce-on-erdogan-s-victory-seen-as-short-lived-by-investors-1.2241843,Lira bounce on Erdogan victory seen as short - lived by investors,20180625T140000Z,,gulfnews.com,English,United Arab Emirates,Turkey
http://www.hurriyetdailynews.com/turkey-doesnt-need-state-of-emergency-anymore-deputy-pm-simsek-133590,http://www.hurriyetdailynews.com/amp/turkey-doesnt-need-state-of-emergency-anymore-deputy-pm-simsek-133590,Turkey doesnt need state of emergency anymore : Deputy PM Şimşek,20180621T123000Z,,hurriyetdailynews.com,English,Turkey,Turkey
https://ahvalnews.com/erdogan/erdogan-unchained-raises-flag-over-economy,,Erdoğan unchained raises flag over economy,20180703T091500Z,https://ahvalnews.com/sites/default/files/styles/social_image/public/2017-11/20171121130353appp-14d18bc37414462f9f1cc40064fe8019-14d18bc37414462f9f1cc40064fe8019-entry.h.jpg?fc042&itok=c8ZsRnin,ahvalnews.com,English,Turkey,Turkey
https://www.bloomberg.com/view/articles/2018-07-04/that-16-turkish-yield-looks-awfully-tempting,https://www.bloomberg.com/amp/view/articles/2018-07-04/that-16-turkish-yield-looks-awfully-tempting,That 16 % Turkish Yield Looks Awfully Tempting,20180704T064500Z,https://assets.bwbx.io/images/users/iqjWHBFdfxIU/iDZySb7Azo0I/v1/1200x826.jpg,bloomberg.com,English,United States,Turkey
http://cpifinancial.net/news/post/45503/turkey-lira-surges-against-dollar-after-erdogan-victory,,Turkey lira surges against dollar after Erdogan victory | CPI Financial | CPI Financial News,20180625T090000Z,http://cpifinancial.net/files/blog/45503/large/Turkish_Lira_and_stock_exchange_graphic_Credit_Fettullah_OZASLAN_ss_565017691.jpg,cpifinancial.net,English,United Arab Emirates,Turkey
https://www.marketwatch.com/story/turkish-lira-falls-as-erdogan-sworn-in-names-son-in-law-finance-minister-2018-07-09,,"Turkish lira falls as Erdogan sworn in , names son - in - law finance minister",20180709T221500Z,http://s.marketwatch.com/public/resources/MWimages/MW-GM188_turkey_ZG_20180709175618.jpg,marketwatch.com,English,United States,Turkey
https://wolfstreet.com/2018/06/26/as-turkish-lira-collapses-foreign-banks-in-turkey-rue-the-day/,,"As Turkish Lira Collapses , Foreign Banks in Turkey Rue the Day",20180626T164500Z,,wolfstreet.com,English,Spain,Turkey
https://iegvu.agribusinessintelligence.informa.com/CO220007/Weak-lira-favours-Turkeys-new-dried-apricot-crop-sales,,Weak lira favours Turkey new dried apricot crop sales,20180702T214500Z,https://iegvu.agribusinessintelligence.informa.com/-/media/agri-article-media/stock-images/processed-commodities/dried-fruit-nuts/mixed-product/fruit_dried_verticalrows_103651985_1200.jpg,iegvu.agribusinessintelligence.informa.com,English,United Kingdom,Turkey
https://www.voanews.com/a/turkey-s-economic-policy-stokes-currency-fears-as-lira-plummets/4479939.html,https://www.voanews.com/amp/4479939.html,Turkey Economic Policy Stokes Currency Fears as Lira Plummets,20180712T180000Z,https://gdb.voanews.com/9D3126EB-EE25-45E8-85D4-480C31D0030A_cx0_cy6_cw0_w1200_r1_s.jpg,voanews.com,English,United States,Turkey
https://steelguru.com/steel/gms-market-commentary-on-shipbreaking-in-turkey-in-week-27-firming-forward/514390,,GMS Market Commentary on Shipbreaking in Turkey in Week 27,20180711T053000Z,https://steelguru.com/uploads/news/gms-_market_commentary_on_shipbreaking_in-_turkey-_in-_week-_27_53558.jpg,steelguru.com,English,China,Turkey
https://seekingalpha.com/news/3368746-turkish-lira-falls-erdogan-names-son-law-finance-minister,https://seekingalpha.com/amp/news/3368746-turkish-lira-falls-erdogan-names-son-law-finance-minister,Turkish lira falls after Erdogan names son - in - law finance minister,20180710T043000Z,https://static3.seekingalpha.com/assets/og_image_192-59bfd51c9fe6af025b2f9f96c807e46f8e2f06c5ae787b15bf1423e6c676d4db.png,seekingalpha.com,English,United States,Turkey
https://ahvalnews.com/turkey-business/banks-take-over-turkeys-top-telecoms-firm-bad-debt,,Banks to take over Turkey top telecoms firm on bad debt,20180705T150000Z,https://ahvalnews.com/sites/default/files/styles/social_image/public/2017-11/59d33c8fae784913143a7ff3.jpeg?h=c673cd1c&itok=BUmGnj03,ahvalnews.com,English,Turkey,Turkey
http://markets.businessinsider.com/currencies/news/turkish-lira-rebounds-as-erdogan-is-sworn-in-as-president-2018-7-1027351420,,Turkish lira rebounds as Erdogan is sworn in as president,20180709T161500Z,https://static3.businessinsider.com/image/5a7980315124c9210534ff6f-800/erdogan-says-us-has-calculations-against-turkey-iran-russia-in-syria.jpg,markets.businessinsider.com,English,United States,Turkey
https://www.rte.ie/news/business/2018/0625/972992-turkey-lira-jumps/,https://www.rte.ie/amp/972992/,Turkey lira surges against euro after Erdogan victory,20180625T070000Z,https://img.rasset.ie/00086eaf-1600.jpg,rte.ie,English,Ireland,Turkey
https://aaj.tv/2018/06/turkey-lira-surges-against-dollar-after-erdogan-victory/,,Turkey lira surges against dollar after Erdogan victory,20180625T083000Z,,aaj.tv,English,Pakistan,Turkey
http://www.france24.com/en/20180625-turkey-lira-surges-against-dollar-after-erdogan-victory,http://m.france24.com/en/20180625-turkey-lira-surges-against-dollar-after-erdogan-victory,Flash - Turkey lira surges against dollar after Erdogan victory - France 24,20180625T080000Z,http://scd.france24.com/en/files/imagecache/home_1024/images/afp/25a05f2b96f4079a3c002370f0728be1b95043d6.jpg,france24.com,English,France,Turkey
http://www.naharnet.com/stories/en/247685-turkey-lira-surges-against-dollar-after-erdogan-victory,,Turkey Lira Surges against Dollar after Erdogan Victory Naharnet,20180625T100000Z,http://images2.naharnet.com/images/212761/w140.jpg,naharnet.com,English,Syria,Turkey
http://www.kitco.com/news/2018-06-21/In-Turkey-s-pious-heartland-faith-in-Erdogan-trumps-economy-worries.html,,"In Turkey pious heartland , faith in Erdogan trumps economy worries",20180621T173000Z,,kitco.com,English,China,Turkey
https://www.bloomberg.com/news/articles/2018-07-12/turk-economy-czar-sees-curbing-inflation-top-priority-aa-says,https://www.bloomberg.com/amp/news/articles/2018-07-12/turk-economy-czar-sees-curbing-inflation-top-priority-aa-says,Turk Economy Czar Sees Curbing Inflation Top Priority,20180712T120000Z,https://assets.bwbx.io/images/users/iqjWHBFdfxIU/iRfyXk7gKcrs/v1/1200x800.jpg,bloomberg.com,English,United States,Turkey
https://www.aa.com.tr/en/economy/turkeys-borsa-istanbul-up-at-open/1194287,,Turkey Borsa Istanbul up at open,20180704T153000Z,https://cdnuploads.aa.com.tr/uploads/Contents/2018/07/04/thumbs_b_c_06865dfd9caa09493231396c4a15695e.jpg?v=101544,aa.com.tr,English,Turkey,Turkey
http://morungexpress.com/in-turkeys-pious-heartland-faith-in-erdogan-trumps-economy-worries/,,"In Turkey pious heartland , faith in Erdogan trumps economy worries",20180621T173000Z,http://morungexpress.com/wp-content/uploads/2018/06/2018-06-21T152444Z_1_LYNXMPEE5K1T6_RTROPTP_3_TURKEY-ELECTION-ECONOMY.jpg,morungexpress.com,English,India,Turkey
https://www.aa.com.tr/en/economy/turkeys-borsa-istanbul-goes-up-at-close/1191069,,Turkey Borsa Istanbul goes up at close,20180629T160000Z,https://cdnuploads.aa.com.tr/uploads/Contents/2018/06/29/thumbs_b_c_a0689c9feab6ddb8a2b3c38815778e20.jpg?v=183935,aa.com.tr,English,Turkey,Turkey
https://ahvalnews.com/turkish-lira/turkey-needs-imf-loans-after-investor-confidence-undercut,,Turkey needs IMF loans after investor confidence undercut,20180616T101500Z,https://ahvalnews.com/sites/default/files/styles/social_image/public/2017-11/20171014210936reup-2017-10-14t210811z_1251611454_rc1e5a4fe0c0_rtrmadp_3_imf-g20.h.jpg?a539485&itok=jCZSK0S1,ahvalnews.com,English,Turkey,Turkey
http://www.france24.com/en/20180709-turkey-lira-slides-after-erdogan-son-law-named-finance-chief,http://m.france24.com/en/20180709-turkey-lira-slides-after-erdogan-son-law-named-finance-chief,Flash - Turkey lira slides after Erdogan son - in - law named finance chief - France 24,20180709T221500Z,http://scd.france24.com/en/files/imagecache/home_1024/images/afp/21b153c39c4a714155b915285d1107e3d55c6756_0.jpg,france24.com,English,France,Turkey
http://slinkingtowardretirement.com/?p=290299,,Quote of the Day : Turkey Economy Is So Hot That It May Face a Meltdown – The New York Times – Slinking Toward Retirement,20180712T123000Z,http://slinkingtowardretirement.com/wp-content/uploads/2018/07/merlin_140661768_ebaeef2d-ca25-4f3d-9b87-d1a7dcc4b64f-superJumbo.jpg,slinkingtowardretirement.com,English,United States,Turkey
http://www.news24xx.com/read/news/8556/Erdogan-appoints-his-son-in-law-as-the-Turkey-minister-of-finance-,,Erdogan appoints his son in law as the Turkey minister of finance,20180710T104500Z,,news24xx.com,English,Indonesia,Turkey
https://in.reuters.com/article/turkey-election-economy/in-turkeys-pious-heartland-faith-in-erdogan-trumps-economy-worries-idINKBN1JH2BI,https://in.mobile.reuters.com/article/amp/idINKBN1JH2BI,"In Turkey pious heartland , faith in Erdogan trumps economy worries",20180621T161500Z,https://s3.reutersmedia.net/resources/r/?m=02&d=20180621&t=2&i=1275068295&r=LYNXMPEE5K1T6,in.reuters.com,English,United States,Turkey
https://www.reuters.com/article/us-turkey-election-economy/in-turkeys-pious-heartland-faith-in-erdogan-trumps-economy-worries-idUSKBN1JH29F,https://mobile.reuters.com/article/amp/idUSKBN1JH29F,"In Turkey pious heartland , faith in Erdogan trumps economy worries",20180621T154500Z,https://s3.reutersmedia.net/resources/r/?m=02&d=20180621&t=2&i=1275067094&r=LYNXMPEE5K1SL,reuters.com,English,United States,Turkey
https://uk.reuters.com/article/uk-turkey-election-economy/in-turkeys-pious-heartland-faith-in-erdogan-trumps-economy-worries-idUKKBN1JH2O7,https://uk.mobile.reuters.com/article/amp/idUKKBN1JH2O7,"In Turkey pious heartland , faith in Erdogan trumps economy worries",20180621T174500Z,https://s2.reutersmedia.net/resources/r/?m=02&d=20180621&t=2&i=1275099624&r=LYNXMPEE5K24E,uk.reuters.com,English,United States,Turkey
https://www.thestar.com.my/news/world/2018/06/22/in-turkeys-pious-heartland-faith-in-erdogan-trumps-economy-worries/,,"In Turkey pious heartland , faith in Erdogan trumps economy worries - World",20180621T173000Z,http://www.thestar.com.my/~/media/online/2018/06/21/17/13/20180621t170811z_1_lynxmpee5k24e_rtroptp_3_turkeyelectioneconomy.ashx/?&crop=1&hash=0A93CA78DAD6026CE243544EAFA8E7F036976B3D,thestar.com.my,English,Malaysia,Turkey
https://www.reuters.com/article/turkey-election-economy/rpt-in-turkeys-pious-heartland-faith-in-erdogan-trumps-economy-worries-idUSL8N1TO2F3,https://mobile.reuters.com/article/amp/idUSL8N1TO2F3,"RPT - In Turkey pious heartland , faith in Erdogan trumps economy worries",20180622T134500Z,https://s4.reutersmedia.net/resources_v2/images/rcom-default.png,reuters.com,English,United States,Turkey
https://uk.reuters.com/article/turkey-election-economy-idUKL8N1TO2F3,https://uk.mobile.reuters.com/article/amp/idUKL8N1TO2F3,"RPT - In Turkey pious heartland , faith in Erdogan trumps economy worries",20180622T124500Z,https://s4.reutersmedia.net/resources_v2/images/rcom-default.png,uk.reuters.com,English,United States,Turkey
https://gulfnews.com/business/sectors/banking/turkey-banks-face-pile-of-debt-restructuring-demands-1.2244829,http://m.gulfnews.com/amp/business/sectors/banking/turkey-banks-face-pile-of-debt-restructuring-demands-1.2244829,Turkey banks face pile of debt - restructuring demands,20180701T123000Z,,gulfnews.com,English,United Arab Emirates,Turkey
https://www.etftrends.com/turkey-etf-plunges-in-response-to-erdogans-iron-grip-on-economy/,https://www.etftrends.com/turkey-etf-plunges-in-response-to-erdogans-iron-grip-on-economy/amp/,Turkey ETF Plunges in Response to Erdogan Iron Grip on Economy,20180710T221500Z,https://d3hd9t0fnb52go.cloudfront.net/wp-content/uploads/2018/07/Turkey-ETF-Plunges-in-Response-to-Erdogans-Iron-Grip-on-Economy.jpg,etftrends.com,English,China,Turkey
https://www.reuters.com/article/us-turkey-markets-graphic/turkeys-turmoil-and-how-it-measures-up-against-other-emerging-markets-idUSKBN1K22LO,https://mobile.reuters.com/article/amp/idUSKBN1K22LO,Turkey turmoil and how it measures up against other emerging markets,20180712T173000Z,https://s2.reutersmedia.net/resources/r/?m=02&d=20180712&t=2&i=1282399519&r=LYNXMPEE6B1NE,reuters.com,English,United States,Turkey
https://www.geo.tv/latest/200146-in-turkeys-pious-heartland-faith-in-erdogan-trumps-economy-worries,https://www.geo.tv/amp/200146,"In Turkey pious heartland , faith in Erdogan trumps economy worries",20180621T174500Z,https://www.geo.tv/assets/uploads/updates/2018-06-21/200146_102702_updates.jpg,geo.tv,English,Pakistan,Turkey
https://www.msn.com/en-gb/news/world/in-turkeys-pious-heartland-faith-in-erdogan-trumps-economy-worries/ar-AAyYv3I,,"In Turkey pious heartland , faith in Erdogan trumps economy worries",20180622T144500Z,,msn.com,English,United States,Turkey
https://www.businesstimes.com.sg/government-economy/turkey-lira-slides-after-erdogan-son-in-law-named-finance-chief,https://www.businesstimes.com.sg/government-economy/turkey-lira-slides-after-erdogan-son-in-law-named-finance-chief?amp,"Turkey lira slides after Erdogan son - in - law named finance chief , Government & Economy",20180710T010000Z,https://www.businesstimes.com.sg/sites/default/files/styles/article_img_retina/public/image/2018/07/10/BP_lira_100718_11_0.jpg?itok=oULDO5ex,businesstimes.com.sg,English,Singapore,Turkey
https://finanza.repubblica.it/Bloomberg/2018/07/10/traders_brace_for_wild_ride_as_erdogan_binds_grip_on_turkey-PBN5OA6KLVR801_BLE/,,Traders Brace for Wild Ride as Erdogan Binds Grip on Turkey - Economia e Finanza,20180710T140000Z,https://assets.bwbx.io/images/users/iqjWHBFdfxIU/iZuUuw9VpWis/v0/pi0TFsqn_N8siPbzgcJYQlLw/-1x-1.jpg,finanza.repubblica.it,English,Kosovo,Turkey
https://ahvalnews.com/turkey-economy/turkish-central-bank-says-cost-factors-main-inflation-driver,,Turkish central bank says cost factors main inflation driver,20180614T203000Z,https://ahvalnews.com/sites/default/files/styles/social_image/public/2017-11/tcmb_rtrs.jpg?h=d0e481a0&itok=52SphMMG,ahvalnews.com,English,Turkey,Turkey
http://www.france24.com/en/20180712-turkeys-new-finance-supremo-seeks-win-over-sceptical-markets,http://m.france24.com/en/20180712-turkeys-new-finance-supremo-seeks-win-over-sceptical-markets,Flash - Turkey new finance supremo seeks to win over sceptical markets - France 24,20180712T160000Z,http://scd.france24.com/en/files/imagecache/home_1024/images/afp/759be4070c705527210943326aff1d3b114cf8a0_2.jpg,france24.com,English,France,Turkey
http://www.futuresmag.com/2018/06/13/dollar-waits-fed-rate-decision-lira-crumbles,,"Dollar waits for Fed rate decision , Lira crumbles",20180613T160000Z,,futuresmag.com,English,United States,Turkey
http://fairydetox.org/2018/07/10/turkeys-erdogan-appoints-son-in-law-as-finance-minister.html,,Turkey Erdogan appoints son - in - law as finance minister,20180710T003000Z,,fairydetox.org,English,United States,Turkey
http://www.worldbulletin.net/news/203721/turkeys-borsa-istanbul-starts-day-up,,Turkey Borsa Istanbul starts day up | Economy,20180705T080000Z,http://media.worldbulletin.net/news/2017/10/05/borsa.jpg,worldbulletin.net,English,Turkey,Turkey
http://www.worldbulletin.net/economy/203721/turkeys-borsa-istanbul-starts-day-up,,Turkey Borsa Istanbul starts day up | Economy,20180705T080000Z,http://media.worldbulletin.net/news/2017/10/05/borsa.jpg,worldbulletin.net,English,Turkey,Turkey
http://www.worldbulletin.net/todays-news/203721/turkeys-borsa-istanbul-starts-day-up,,Turkey Borsa Istanbul starts day up | Economy,20180705T080000Z,http://media.worldbulletin.net/news/2017/10/05/borsa.jpg,worldbulletin.net,English,Turkey,Turkey
http://www.worldbulletin.net/economy/203721/jaguar-warns-bad-brexit-could-kill-new-investment,,Turkey Borsa Istanbul starts day up | Economy,20180705T113000Z,http://media.worldbulletin.net/news/2017/10/05/borsa.jpg,worldbulletin.net,English,Turkey,Turkey
http://www.worldbulletin.net/haberler/203721/turkeys-borsa-istanbul-starts-day-up,,Turkey Borsa Istanbul starts day up | Economy,20180705T093000Z,http://media.worldbulletin.net/news/2017/10/05/borsa.jpg,worldbulletin.net,English,Turkey,Turkey
http://www.worldbulletin.net/economy/203750/turkeys-borsa-istanbul-up-at-open,,Turkey Borsa Istanbul up at open | Economy,20180706T104500Z,http://media.worldbulletin.net/news/2017/10/05/borsa.jpg,worldbulletin.net,English,Turkey,Turkey
http://www.worldbulletin.net/news/203750/turkeys-borsa-istanbul-up-at-open,,Turkey Borsa Istanbul up at open | Economy,20180706T104500Z,http://media.worldbulletin.net/news/2017/10/05/borsa.jpg,worldbulletin.net,English,Turkey,Turkey
http://www.worldbulletin.net/todays-news/203750/turkeys-borsa-istanbul-up-at-open,,Turkey Borsa Istanbul up at open | Economy,20180706T104500Z,http://media.worldbulletin.net/news/2017/10/05/borsa.jpg,worldbulletin.net,English,Turkey,Turkey
http://www.worldbulletin.net/haberler/203750/turkeys-borsa-istanbul-up-at-open,,Turkey Borsa Istanbul up at open | Economy,20180706T084500Z,http://media.worldbulletin.net/news/2017/10/05/borsa.jpg,worldbulletin.net,English,Turkey,Turkey
http://www.worldbulletin.net/news/203774/turkeys-borsa-istanbul-down-at-close,,Turkey Borsa Istanbul down at close | Economy,20180706T160000Z,http://media.worldbulletin.net/news/2015/12/12/borsaistanbul.jpg,worldbulletin.net,English,Turkey,Turkey
http://www.worldbulletin.net/economy/203750/turkeys-total-fertility-rate-stands-at-207-in-2017,,Turkey Borsa Istanbul up at open | Economy,20180706T140000Z,http://media.worldbulletin.net/news/2017/10/05/borsa.jpg,worldbulletin.net,English,Turkey,Turkey
http://www.tert.am/en/news/2018/06/15/turkey-economy/2714802,,Erdogan blamed for collapse of Turkish Lira  - Armenian News,20180615T131500Z,http://www.tert.am/news_images/905/2714802_3/f5b238c0d8da14_5b238c0d8da58.jpg,tert.am,English,Armenia,Turkey
https://www.nytimes.com/2018/07/10/todayspaper/quotation-of-the-day-turkeys-economy-is-so-hot-that-it-may-face-a-meltdown.html,https://mobile.nytimes.com/2018/07/10/todayspaper/quotation-of-the-day-turkeys-economy-is-so-hot-that-it-may-face-a-meltdown.html,Quotation of the Day : Turkey Economy Is So Hot That It May Face a Meltdown,20180711T013000Z,,nytimes.com,English,United States,Turkey
https://www.neweurope.eu/article/markets-sceptical-erdogan-claims-victory/,,Markets sceptical after Erdogan claims victory,20180626T123000Z,https://www.neweurope.eu/wp-content/uploads/2018/06/Turkish-economy.jpg,neweurope.eu,English,United Kingdom,Turkey
http://www.sharenet.co.za/news/In_Turkeys_pious_heartland_faith_in_Erdogan_trumps_economy_worries/dfcf5d4ee167b99d1b4f6135dc0f65a2,,"In Turkey pious heartland , faith in Erdogan trumps economy worries",20180621T154500Z,,sharenet.co.za,English,South Africa,Turkey
https://www.aa.com.tr/en/economy/turkeys-borsa-istanbul-down-at-close/1196823,,Turkey Borsa Istanbul down at close,20180706T183000Z,https://cdnuploads.aa.com.tr/uploads/Contents/2018/07/06/thumbs_b_c_1aaa522bcef6e308d3591cf11ff52707.jpg?v=182635,aa.com.tr,English,Turkey,Turkey
https://www.aa.com.tr/en/economy/turkeys-borsa-istanbul-up-at-open/1190504,,Turkey Borsa Istanbul up at open,20180629T104500Z,https://cdnuploads.aa.com.tr/uploads/Contents/2018/06/29/thumbs_b_c_84d0498fdcad31aa534222d477cc1e22.jpg?v=103656,aa.com.tr,English,Turkey,Turkey
https://www.futurecurrencyforecast.com/news/gbp/gbp-try,,GBP to TRY Exchange Rate Forecasts » Future Currency Forecast,20180625T201500Z,,futurecurrencyforecast.com,English,United Kingdom,Turkey
https://www.dailysabah.com/economy/2018/07/02/turkish-lira-decouples-from-peers-appreciates-as-elections-remove-uncertainty,https://www.dailysabah.com/economy/2018/07/02/turkish-lira-decouples-from-peers-appreciates-as-elections-remove-uncertainty/amp,"Turkish lira decouples from peers , appreciates as elections remove uncertainty",20180701T213000Z,https://idsb.tmgrup.com.tr/2018/07/01/lira-decouples-from-peers-appreciates-as-elections-remove-uncertainty-1530467958748.jpg,dailysabah.com,English,Turkey,Turkey
https://www.al-monitor.com/pulse/originals/2018/07/turkish-lira-sinks-farther.html,https://www.al-monitor.com/pulse/en/originals/2018/07/turkish-lira-sinks-farther.amp.html,Turkey battered lira takes another hit,20180712T170000Z,https://9c998969b63acdb676d1-37595348221e1b716e1a6cfee3ed7891.ssl.cf1.rackcdn.com/almpics/2018/07/RTS1SW1V.jpg/RTS1SW1V-870.jpg,al-monitor.com,English,Israel,Turkey
http://www.gulf-times.com/story/599448/Turkey-to-prioritise-fight-against-inflation-rebal,,"  Turkey to prioritise fight against inflation , rebalancing economy  ",20180713T214500Z,http://img.gulf-times.com/Content/Upload/Slider/7201813234947221421030.jpg,gulf-times.com,English,Qatar,Turkey
https://www.bloomberg.com/news/articles/2018-06-13/european-stocks-next-headwind-emerging-market-currency-exposure,https://www.bloomberg.com/amp/news/articles/2018-06-13/european-stocks-next-headwind-emerging-market-currency-exposure,These European Stocks Could Face Another Headache,20180613T044500Z,https://assets.bwbx.io/images/users/iqjWHBFdfxIU/iMMkwavpT83A/v1/1200x800.jpg,bloomberg.com,English,United States,Turkey
https://ahvalnews.com/2018-elections/will-turkey-become-venezuela-without-oil-bloomberg,,Will Turkey become  Venezuela without oil ? - Bloomberg,20180622T214500Z,https://ahvalnews.com/sites/default/files/styles/social_image/public/2018-01/1508137643-f7a491.jpg?h=f6170682&itok=aucGtMkF,ahvalnews.com,English,Turkey,Turkey
http://www.tornosnews.gr/en/tourism-businesses/hotels/31950-media-report-greek-hotels-slash-rates-as-turkey-booms.html,,Tornos News,20180713T133000Z,http://www.tornosnews.gr/en/files/ISS_40_Greece_and_Turkey_Bookings_for_Greece_by_the_largest_German_tour_operators_for_this_month_and_next_may_have_recorded_an_a_271042206.jpg,tornosnews.gr,English,Greece,Turkey
https://www.europesun.com/news/257659052/turkeys-economic-policy-stokes-currency-fears-as-lira-plummets,,Europe Sun,20180712T201500Z,http://cdn.bignewsnetwork.com/voa1531422321.jpg,europesun.com,English,Russia,Turkey
https://www.wral.com/turkey-s-economy-at-risk-as-currency-hits-record-low/17577817/,https://www.wral.com/turkey-s-economy-at-risk-as-currency-hits-record-low/17577817/?version=amp,Turkey economy at risk as currency hits record low,20180614T190000Z,https://wwwcache.wral.com/asset/business/2018/05/24/17577817/media-S094245901-300-DMID1-5evrnupdb-640x360.jpg,wral.com,English,United States,Turkey
https://www.zawya.com/mena/en/story/Lira_jumps_higher_on_Erdogan_victory__but_will_the_momentum_last-ZAWYA20180625112128/,,Lira jumps higher on Erdogan victory - but will the momentum last ? ,20180625T144500Z,,zawya.com,English,United Arab Emirates,Turkey
https://www.dailysabah.com/economy/2018/06/26/stocks-surge-after-erdogans-election-victory,https://www.dailysabah.com/economy/2018/06/26/stocks-surge-after-erdogans-election-victory/amp,Stocks surge after Erdoğan election victory,20180626T103000Z,,dailysabah.com,English,Turkey,Turkey
https://www.bloomberg.com/news/articles/2018-06-20/turkey-bonds-slide-as-erdogan-pledges-to-cut-rates-if-wins-vote,https://www.bloomberg.com/amp/news/articles/2018-06-20/turkey-bonds-slide-as-erdogan-pledges-to-cut-rates-if-wins-vote,Turkey Bonds Slide as Erdogan Pledges to Cut Rates If Wins Vote,20180620T153000Z,https://assets.bwbx.io/s3/javelin/public/javelin/images/social-markets-3d32d2f713.jpg,bloomberg.com,English,United States,Turkey
https://www.bloomberg.com/news/articles/2018-07-09/turkish-lira-slumps-after-names-son-in-law-as-economy-dzar,https://www.bloomberg.com/amp/news/articles/2018-07-09/turkish-lira-slumps-after-names-son-in-law-as-economy-dzar,Turkish Lira Slumps as Erdogan Names Son - in - Law as Economy Chief,20180709T210000Z,https://assets.bwbx.io/images/users/iqjWHBFdfxIU/iZFsIeiR2Mfk/v0/1200x900.jpg,bloomberg.com,English,United States,Turkey
https://www.aa.com.tr/en/economy/turkeys-borsa-istanbul-opens-day-down/1174632,,Turkey Borsa Istanbul opens day down,20180614T101500Z,https://cdnuploads.aa.com.tr/uploads/Contents/2018/06/14/thumbs_b_c_96830acdcf4303017c7766ccd459fede.jpg?v=103036,aa.com.tr,English,Turkey,Turkey
http://www.middleeasteye.net/news/turkish-currency-hits-record-low-11672873,,"Turkish lira hits record low , days after Erdogan new government appointed",20180712T134500Z,http://www.middleeasteye.net/sites/default/files/images/Turkish%20Lira%20reuters.JPG,middleeasteye.net,English,Israel,Turkey
http://guardian.ng/news/world/erdogan-names-son-in-law-as-finance-minister-in-new-turkey-cabinet/,http://guardian.ng/news/world/erdogan-names-son-in-law-as-finance-minister-in-new-turkey-cabinet/amp,Erdogan names son - in - law as finance minister in new Turkey cabinet World The Guardian Nigeria Newspaper – Nigeria and World News,20180709T210000Z,https://guardian.ng/wp-content/uploads/2018/05/Recep-Tayyip-Erdogan-640x360.jpg,guardian.ng,English,Nigeria,Turkey
https://www.bloomberg.com/news/articles/2018-07-13/turkey-cut-deeper-into-junk-by-fitch-as-erdogan-tightens-grip,https://www.bloomberg.com/amp/news/articles/2018-07-13/turkey-cut-deeper-into-junk-by-fitch-as-erdogan-tightens-grip,Turkey Cut Deeper Into Junk by Fitch as Erdogan Tightens Grip,20180713T221500Z,https://assets.bwbx.io/images/users/iqjWHBFdfxIU/i6Ns9gWPyne4/v0/1200x800.jpg,bloomberg.com,English,United States,Turkey
https://nz.finance.yahoo.com/news/erdogan-biggest-war-inflation-turkish-113520061.html,https://nz.finance.yahoo.com/amphtml/news/erdogan-biggest-war-inflation-turkish-113520061.html,Erdogan Biggest War is Inflation : The Turkish Lira in a Free Fall,20180712T111500Z,,nz.finance.yahoo.com,English,United States,Turkey
https://www.msn.com/en-us/finance/markets/investors-fear-turkish-currency-crisis-as-erdogan-tightens-grip/ar-AAzPIny,,Investors Dump Turkish Lira as They Turn Cold on Emerging Markets,20180710T231500Z,,msn.com,English,United States,Turkey
https://finanza.repubblica.it/Bloomberg/2018/07/12/turk_economy_czar_sees_curbing_inflation_top_priority-PBQWBL6KLVR601_BLF/,,Turk Economy Czar Sees Curbing Inflation Top Priority - Economia e Finanza,20180712T133000Z,https://assets.bwbx.io/images/users/iqjWHBFdfxIU/iADgPrqC7yoI/v0/pi0TFsqn_N8siPbzgcJYQlLw/-1x-1.jpg,finanza.repubblica.it,English,Kosovo,Turkey
https://finanza.repubblica.it/Bloomberg/2018/07/12/turk_economy_czar_sees_curbing_inflation_top_priority-PBQWBL6KLVR601_BLE/,,Turk Economy Czar Sees Curbing Inflation Top Priority - Economia e Finanza,20180712T133000Z,https://assets.bwbx.io/images/users/iqjWHBFdfxIU/iADgPrqC7yoI/v0/pi0TFsqn_N8siPbzgcJYQlLw/-1x-1.jpg,finanza.repubblica.it,English,Kosovo,Turkey
https://in.reuters.com/article/turkey-ratings-fitch/fitch-downgrades-turkeys-already-junk-rating-outlook-negative-idINFWN1U90KH,https://in.mobile.reuters.com/article/amp/idINFWN1U90KH,"Fitch downgrades Turkey already junk rating , outlook negative",20180713T231500Z,https://s4.reutersmedia.net/resources_v2/images/rcom-default.png,in.reuters.com,English,United States,Turkey
https://themarketmogul.com/world-fear-erdoganomics/,,Why the World Should Fear Erdoganomics,20180620T094500Z,https://themarketmogul.com/wp-content/uploads/2018/06/turkey_flag_1529420449-e1529485302348-1000x600.jpg,themarketmogul.com,English,United Kingdom,Turkey
https://aawsat.com/english/home/article/1330116/marcus-ashworth/turkey-becoming-uninvestable,https://aawsat.com/english/home/article/1330116/marcus-ashworth/turkey-becoming-uninvestable?amp,Is Turkey Becoming Uninvestable ? ,20180713T061500Z,https://aawsat.com/sites/default/files/styles/large/public/2018/07/13/marcus.jpg?itok=2ROA88Yg,aawsat.com,English,Syria,Turkey
https://www.greekherald.com/news/257659052/turkeys-economic-policy-stokes-currency-fears-as-lira-plummets,,Greek Herald,20180712T194500Z,http://cdn.bignewsnetwork.com/voa1531422321.jpg,greekherald.com,English,Greece,Turkey
https://www.investing.com/analysis/time-to-buy-turkey-on-us-sanctions-threat-200327948,https://m.investing.com/analysis/time-to-buy-turkey-on-us-sanctions-threat-200327948?ampMode=1,Time To Buy Turkey On U . S . Sanctions Threat ? ,20180630T114500Z,,investing.com,English,United States,Turkey
http://www.customstoday.com.pk/turkish-economy-just-as-volatile-after-elections/,,Turkish economy just as volatile after elections,20180706T101500Z,,customstoday.com.pk,English,Pakistan,Turkey
https://www.business-standard.com/article/pti-stories/erdogan-names-son-in-law-as-finance-minister-in-new-turkey-cabinet-118071000062_1.html,https://wap.business-standard.com/article-amp/pti-stories/erdogan-names-son-in-law-as-finance-minister-in-new-turkey-cabinet-118071000062_1.html,Erdogan names son - in - law as finance minister in new Turkey cabinet,20180709T220000Z,https://bsmedia.business-standard.com/include/_mod/site/html5/images/no-meta-preview.jpg,business-standard.com,English,India,Turkey
https://www.actionforex.com/contributors/fundamental-analysis/103847-dollar-waits-for-fed-rate-decision-lira-crumbles/,https://www.actionforex.com/contributors/fundamental-analysis/103847-dollar-waits-for-fed-rate-decision-lira-crumbles/amp/,"Dollar Waits for Fed Rate Decision , Lira Crumbles",20180613T134500Z,https://www.actionforex.com/wp-content/uploads/tag-images/fed7.jpg,actionforex.com,English,United Kingdom,Turkey
http://news.trust.org/item/20180709214444-s6m9b,https://mercury.postlight.com/amp?url=http://news.trust.org/item/20180709214444-s6m9b,"Turkey Erdogan sworn in with new powers , names son - in - law ... ",20180709T221500Z,,news.trust.org,English,United States,Turkey
http://news.trust.org/item/20180709214444-s6m9b/,https://mercury.postlight.com/amp?url=http://news.trust.org/item/20180709214444-s6m9b,"Turkey Erdogan sworn in with new powers , names son - in - law ... ",20180710T010000Z,,news.trust.org,English,United States,Turkey
https://www.msn.com/en-us/finance/markets/turkeys-erdogan-tightens-grip-on-economy-after-lira-tumbles/ar-AAzPIny,,Turkey Erdogan Tightens Grip on Economy After Lira Tumbles,20180710T100000Z,,msn.com,English,United States,Turkey
https://www.fin24.com/Economy/Fat-fine-for-cafe-after-Erdogan-scolds-smoker-20141104,https://m.fin24.com/economy/fat-fine-for-cafe-after-erdogan-scolds-smoker-20141104,Fat fine for cafe after Erdogan scolds smoker,20180709T214500Z,http://cdn.24.co.za/files/Cms/General/d/188/22b907d92abf4c67806b07622b5e31e9.jpg,fin24.com,English,South Africa,Turkey
https://www.bloomberg.com/news/articles/2018-07-13/lira-heads-for-steepest-drop-in-almost-10-years-in-week-of-drama,https://www.bloomberg.com/amp/news/articles/2018-07-13/lira-heads-for-steepest-drop-in-almost-10-years-in-week-of-drama,Lira Heads for Steepest Drop in Almost 10 Years in Week of Drama,20180713T110000Z,https://assets.bwbx.io/images/users/iqjWHBFdfxIU/iT2Zw239C1d8/v0/1200x800.jpg,bloomberg.com,English,United States,Turkey
http://news.trust.org/item/20180709203239-ivy1b,https://mercury.postlight.com/amp?url=http://news.trust.org/item/20180709203239-ivy1b,"Erdogan sworn in with new powers , names son - in - law as ... ",20180709T210000Z,,news.trust.org,English,United States,Turkey
http://news.trust.org/item/20180709203239-ivy1b/,https://mercury.postlight.com/amp?url=http://news.trust.org/item/20180709203239-ivy1b,"Erdogan sworn in with new powers , names son - in - law as ... ",20180710T021500Z,,news.trust.org,English,United States,Turkey
https://www.themaven.net/mishtalk/economics/spotlight-turkey-hyperinflation-and-mass-migration-crisis-inevitable--sf6N9SGI0aaVv7J3RVeiQ/,https://www.themaven.net/mishtalk/api/amp/mishtalk/economics/spotlight-turkey-hyperinflation-and-mass-migration-crisis-inevitable--sf6N9SGI0aaVv7J3RVeiQ/,Spotlight Turkey : Hyperinflation and Mass - Migration Crisis Inevitable,20180710T203000Z,https://s3-us-west-2.amazonaws.com/maven-user-photos/mishtalk/economics/zmfATcSa4EegwR7v_znq6Q/IhmlTwh8EEmPtt-IPiv7Tw,themaven.net,English,United States,Turkey
http://vothemes.com/2018/07/tayyip-erdogan-sworn-in-as-turkeys-first-executive-president/,,Tayyip Erdogan sworn in as Turkey first executive president,20180711T084500Z,,vothemes.com,English,United States,Turkey
https://www.bloomberg.com/news/articles/2018-06-21/in-erdogan-s-turkey-markets-have-never-been-so-down-before-vote,https://www.bloomberg.com/amp/news/articles/2018-06-21/in-erdogan-s-turkey-markets-have-never-been-so-down-before-vote,"In Erdogan Turkey , Markets Have Never Been So Down Before Vote",20180621T101500Z,https://assets.bwbx.io/images/users/iqjWHBFdfxIU/iH6qb5BDETVM/v0/1200x900.jpg,bloomberg.com,English,United States,Turkey
https://dailytimes.com.pk/256243/in-turkeys-pious-heartland-faith-in-erdogan-trumps-economy-worries/,https://dailytimes.com.pk/256243/in-turkeys-pious-heartland-faith-in-erdogan-trumps-economy-worries/amp/,"In Turkey pious heartland , faith in Erdogan trumps economy worries",20180621T230000Z,https://1434697713.rsc.cdn77.org/assets/uploads/2018/06/21/In-Turkeys-pious-heartland-faith-in-Erdogan-trumps-economy-worries.jpg,dailytimes.com.pk,English,Pakistan,Turkey
http://newsinfo.inquirer.net/1005778/faces-of-the-news-recep-tayyip-erdogan,http://newsinfo.inquirer.net/1005778/faces-of-the-news-recep-tayyip-erdogan/amp,Faces of the News : Recep Tayyip Erdogan,20180701T010000Z,http://newsinfo.inquirer.net/wp-content/blogs.dir/10/files/2017/04/57066672_M-620x440.jpg,newsinfo.inquirer.net,English,Philippines,Turkey
http://www.worldbulletin.net/economy/203838/turkeys-borsa-istanbul-up-at-open,,Turkey Borsa Istanbul up at open | Economy,20180709T091500Z,http://media.worldbulletin.net/news/2017/10/05/borsa.jpg,worldbulletin.net,English,Turkey,Turkey
http://www.worldbulletin.net/news/203838/turkeys-borsa-istanbul-up-at-open,,Turkey Borsa Istanbul up at open | Economy,20180709T091500Z,http://media.worldbulletin.net/news/2017/10/05/borsa.jpg,worldbulletin.net,English,Turkey,Turkey
http://www.worldbulletin.net/todays-news/203838/turkeys-borsa-istanbul-up-at-open,,Turkey Borsa Istanbul up at open | Economy,20180709T091500Z,http://media.worldbulletin.net/news/2017/10/05/borsa.jpg,worldbulletin.net,English,Turkey,Turkey
http://www.worldbulletin.net/haberler/203838/turkeys-borsa-istanbul-up-at-open,,Turkey Borsa Istanbul up at open | Economy,20180709T080000Z,http://media.worldbulletin.net/news/2017/10/05/borsa.jpg,worldbulletin.net,English,Turkey,Turkey
https://www.reuters.com/article/turkey-cenbank-creditcard/turkish-central-bank-raises-maximum-monthly-credit-card-rates-idUSL8N1TW043,https://mobile.reuters.com/article/amp/idUSL8N1TW043,Turkish central bank raises maximum monthly credit card rates,20180630T143000Z,https://s4.reutersmedia.net/resources_v2/images/rcom-default.png,reuters.com,English,United States,Turkey
https://seekingalpha.com/news/3365733-elections-turkey-weekend,https://seekingalpha.com/amp/news/3365733-elections-turkey-weekend,Elections in Turkey this weekend - Turkish Investment Fund ( NYSE : TKF ) ,20180622T094500Z,https://static3.seekingalpha.com/assets/og_image_192-59bfd51c9fe6af025b2f9f96c807e46f8e2f06c5ae787b15bf1423e6c676d4db.png,seekingalpha.com,English,United States,Turkey
https://www.bloombergquint.com/markets/2018/06/18/in-erdogan-heartland-lira-crisis-is-taking-toll-on-businesses,/markets/2018/06/18/in-erdogan-heartland-lira-crisis-is-taking-toll-on-businesses.amp,"In Erdogan Heartland , Lira Crisis Is Taking Toll On Businesses",20180618T121500Z,https://images.assettype.com/bloombergquint/2018-06/6f986779-c8a7-42f3-82e0-5a18656e911b/325337399_1_3.jpg,bloombergquint.com,English,India,Turkey
https://www.bloomberg.com/news/articles/2018-07-11/turkish-assets-extend-slump-as-policy-uncertainty-spooks-markets,https://www.bloomberg.com/amp/news/articles/2018-07-11/turkish-assets-extend-slump-as-policy-uncertainty-spooks-markets,Turkish Assets Extend Slump as Policy Uncertainty Spooks Markets,20180711T091500Z,https://assets.bwbx.io/images/users/iqjWHBFdfxIU/iwaVqB0KOGo8/v0/1200x800.jpg,bloomberg.com,English,United States,Turkey
https://www.dailysabah.com/elections/2018/06/21/chp-candidate-ince-in-major-izmir-rally-ahead-of-vote,https://www.dailysabah.com/elections/2018/06/21/chp-candidate-ince-in-major-izmir-rally-ahead-of-vote/amp,CHP candidate Ince in major Izmir rally ahead of vote,20180621T210000Z,https://idsb.tmgrup.com.tr/2018/06/21/chp-candidate-ince-in-major-izmir-rally-ahead-of-vote-1529612505582.jpg,dailysabah.com,English,Turkey,Turkey
https://www.sott.net/article/390854-Turkeys-markets-react-as-Erdogan-appoints-son-in-law-as-finance-minister,,Turkey markets react as Erdogan appoints son - in - law as finance minister -- Puppet Masters,20180712T221500Z,https://www.sott.net/image/s23/477694/full/5Istanbul_Turkey_Murad_Sezer_R.jpg,sott.net,English,United States,Turkey
https://www.devdiscourse.com/Article/56298-graphic-turkeys-turmoil-and-how-it-measures-up-against-other-emerging-markets,https://www.devdiscourse.com/Article/56298-graphic-turkeys-turmoil-and-how-it-measures-up-against-other-emerging-markets?amp,GRAPHIC - Turkey turmoil and how it measures up against other emerging markets | Global Edition,20180712T173000Z,https://www.devdiscourse.com/images/defaultImage.jpg,devdiscourse.com,English,China,Turkey
https://www.pv-magazine.com/2018/07/09/turkey-authorizes-foreign-currency-loans-for-already-approved-unlicensed-pv-projects/,,Turkey authorizes foreign - currency loans for already approved unlicensed PV projects – pv magazine International,20180709T113000Z,https://www.pv-magazine.com/wp-content/uploads/2018/04/Tiryaki_11MW_Mersin_turkey_sm.jpg,pv-magazine.com,English,United States,Turkey
http://www.worldbulletin.net/news/203187/turkeys-borsa-istanbul-down-at-open,,Turkey Borsa Istanbul down at open | Economy,20180618T091500Z,http://media.worldbulletin.net/news/2017/10/05/borsa.jpg,worldbulletin.net,English,Turkey,Turkey
http://www.worldbulletin.net/economy/203187/turkeys-borsa-istanbul-down-at-open,,Turkey Borsa Istanbul down at open | Economy,20180618T091500Z,http://media.worldbulletin.net/news/2017/10/05/borsa.jpg,worldbulletin.net,English,Turkey,Turkey
http://www.worldbulletin.net/todays-news/203187/turkeys-borsa-istanbul-down-at-open,,Turkey Borsa Istanbul down at open | Economy,20180618T091500Z,http://media.worldbulletin.net/news/2017/10/05/borsa.jpg,worldbulletin.net,English,Turkey,Turkey
http://www.worldbulletin.net/haberler/203187/turkeys-borsa-istanbul-down-at-open,,Turkey Borsa Istanbul down at open | Economy,20180618T081500Z,http://media.worldbulletin.net/news/2017/10/05/borsa.jpg,worldbulletin.net,English,Turkey,Turkey
https://www.bnnbloomberg.ca/erdogan-names-son-in-law-as-turkey-s-treasury-and-finance-minister-1.1105053,,Erdogan names son - in - law as Turkey treasury and finance minister - Article,20180709T231500Z,https://www.bnnbloomberg.ca/polopoly_fs/1.1105060!/fileimage/httpImage/image.jpg_gen/derivatives/landscape_620/berat-albayrak.jpg,bnnbloomberg.ca,English,Canada,Turkey
https://ahvalnews.com/ratings-agencies/turkeys-national-and-native-credit-rating-agency-be-established,,Turkey  national and native  credit rating agency to be established,20180706T194500Z,https://ahvalnews.com/sites/default/files/styles/social_image/public/2017-11/moodys.jpg?fa3e1d8&itok=fBR3ALpO,ahvalnews.com,English,Turkey,Turkey
http://www.gulf-times.com/story/599317/Turkish-lira-hits-record-low-after-Erdogan-comment,,Turkish lira hits record low after Erdogan comments,20180712T193000Z,http://img.gulf-times.com/Content/Upload/Slider/7201812222392909884470.jpg,gulf-times.com,English,Qatar,Turkey
http://www.portfolio.hu/en/fx/hungary-forint-starts-friday-session-close-to-325-vs-euro.36748.html,,PORTFOLIO . HU,20180713T073000Z,http://www.portfolio.hu/img/upload/2018/07/eurhuf180713-20180713_1.png,portfolio.hu,English,Hungary,Turkey
https://www.hltv.org/forums/threads/1816575/turksturkey,,Forum thread : Turks ,20180703T083000Z,,hltv.org,English,United States,Turkey
https://uk.reuters.com/article/turkey-currency/refile-update-4-turkish-markets-surrender-gains-made-after-erdogan-poll-win-idUKL8N1TR1RR,https://uk.mobile.reuters.com/article/amp/idUKL8N1TR1RR,UPDATE 5 - Turkish markets surrender gains made after Erdogan poll win,20180625T184500Z,https://s4.reutersmedia.net/resources_v2/images/rcom-default.png,uk.reuters.com,English,United States,Turkey
http://www.kitco.com/news/2018-06-25/UPDATE-5-Turkish-markets-surrender-gains-made-after-Erdogan-poll-win.html,,UPDATE 5 - Turkish markets surrender gains made after Erdogan poll win,20180625T130000Z,,kitco.com,English,China,Turkey
https://www.reuters.com/article/turkey-currency/update-4-turkish-lira-shares-boosted-by-erdogan-election-win-idUSL8N1TR1RR,https://mobile.reuters.com/article/amp/idUSL8N1TR1RR,REFILE - UPDATE 4 - Turkish markets surrender gains made after Erdogan poll win,20180625T124500Z,https://s4.reutersmedia.net/resources_v2/images/rcom-default.png,reuters.com,English,United States,Turkey
https://seekingalpha.com/article/4184125-time-buy-turkey-u-s-sanctions-threat,https://seekingalpha.com/amp/article/4184125-time-buy-turkey-u-s-sanctions-threat,Time To Buy Turkey On U . S . Sanctions Threat ? - iShares MSCI Turkey ETF ( NYSEARCA : TUR ) ,20180627T043000Z,https://static2.seekingalpha.com/images/marketing_images/global_currencies_flags/turkey_turkish.jpeg,seekingalpha.com,English,United States,Turkey
http://www.worldbulletin.net/haberler/203509/turkeys-borsa-istanbul-down-at-open,,Turkey Borsa Istanbul down at open | Economy,20180628T083000Z,http://media.worldbulletin.net/news/2017/10/05/borsa.jpg,worldbulletin.net,English,Turkey,Turkey
http://www.worldbulletin.net/economy/203509/trade-woes-drag-asian-markets,,Turkey Borsa Istanbul down at open | Economy,20180628T131500Z,http://media.worldbulletin.net/news/2017/10/05/borsa.jpg,worldbulletin.net,English,Turkey,Turkey
http://www.worldbulletin.net/news/203509/turkeys-borsa-istanbul-down-at-open,,Turkey Borsa Istanbul down at open | Economy,20180628T094500Z,http://media.worldbulletin.net/news/2017/10/05/borsa.jpg,worldbulletin.net,English,Turkey,Turkey
http://www.worldbulletin.net/economy/203509/turkeys-borsa-istanbul-down-at-open,,Turkey Borsa Istanbul down at open | Economy,20180628T094500Z,http://media.worldbulletin.net/news/2017/10/05/borsa.jpg,worldbulletin.net,English,Turkey,Turkey
http://www.worldbulletin.net/todays-news/203509/turkeys-borsa-istanbul-down-at-open,,Turkey Borsa Istanbul down at open | Economy,20180628T094500Z,http://media.worldbulletin.net/news/2017/10/05/borsa.jpg,worldbulletin.net,English,Turkey,Turkey
https://www.afr.com/markets/equity-markets/turkish-bank-stocks-hammered-as-lira-slides-on-worries-of-recep-erdogan-policies-20180711-h12kkr,https://amp.afr.com/markets/equity-markets/turkish-bank-stocks-hammered-as-lira-slides-on-worries-of-recep-erdogan-policies-20180711-h12kkr,Turkish bank stocks hammered as lira slides on worries of Recep Erdogan policies,20180711T230000Z,https://www.afr.com/content/dam/images/g/v/n/g/9/r/image.related.afrArticleLead.620x365.h12kkr.png/1531347470363.jpg,afr.com,English,Australia,Turkey
http://news.trust.org/item/20180712075527-0chhe,https://mercury.postlight.com/amp?url=http://news.trust.org/item/20180712075527-0chhe,Turkish lira hits record low after Erdogan interest rate ... ,20180712T090000Z,,news.trust.org,English,United States,Turkey
https://www.msn.com/en-us/finance/markets/turkish-lira-hits-record-low-after-erdogan-interest-rate-comments/ar-AAzXCBd,,Turkish lira hits record low after Erdogan interest rate comments,20180712T090000Z,,msn.com,English,United States,Turkey
http://www.worldbulletin.net/turkeys-borsa-istanbul-starts-day-up/203935/turkeys-borsa-istanbul-starts-day-up,,Turkey Borsa Istanbul starts day up | Turkey,20180712T091500Z,http://media.worldbulletin.net/news/2017/10/05/borsa.jpg,worldbulletin.net,English,Turkey,Turkey
http://www.worldbulletin.net/news/203935/turkeys-borsa-istanbul-starts-day-up,,Turkey Borsa Istanbul starts day up | Turkey,20180712T091500Z,http://media.worldbulletin.net/news/2017/10/05/borsa.jpg,worldbulletin.net,English,Turkey,Turkey
http://www.worldbulletin.net/todays-news/203935/turkeys-borsa-istanbul-starts-day-up,,Turkey Borsa Istanbul starts day up | Turkey,20180712T091500Z,http://media.worldbulletin.net/news/2017/10/05/borsa.jpg,worldbulletin.net,English,Turkey,Turkey
http://www.worldbulletin.net/economy/203774/turkey-takes-step-to-form-local-credit-rating-agency,,Turkey Borsa Istanbul down at close | Economy,20180708T151500Z,http://media.worldbulletin.net/news/2015/12/12/borsaistanbul.jpg,worldbulletin.net,English,Turkey,Turkey
http://www.wabcradio.com/news/turkeys-currency-crash-puts-economy-at-heart-of-election/,,Turkey s currency crash puts economy at heart of election | WABC - AM,20180621T150000Z,,wabcradio.com,English,United States,Turkey
http://www.kmjnow.com/news/turkeys-currency-crash-puts-economy-at-heart-of-election/,,Turkey s currency crash puts economy at heart of election,20180621T141500Z,,kmjnow.com,English,United States,Turkey
http://www.wfnc640am.com/news/turkeys-currency-crash-puts-economy-at-heart-of-election/,,Turkey s currency crash puts economy at heart of election,20180621T144500Z,,wfnc640am.com,English,United States,Turkey
http://www.kitv.com/story/38475966/turkeys-currency-crash-puts-economy-at-heart-of-election,,"Turkey currency crash puts economy at heart of election - Honolulu , Hawaii news , sports & weather",20180621T203000Z,http://CNNWIRE.images.worldnow.com/images/17029692_G.jpg?lastEditedDate=20180621101649,kitv.com,English,United States,Turkey
https://www.wral.com/turkey-s-currency-crash-puts-economy-at-heart-of-election/17643787/,https://www.wral.com/turkey-s-currency-crash-puts-economy-at-heart-of-election/17643787/?version=amp,Turkey currency crash puts economy at heart of election,20180622T111500Z,https://wwwcache.wral.com/asset/business/2018/06/21/17643787/media-S095361722-300-DMID1-5f6ub20qp-640x480.jpg,wral.com,English,United States,Turkey
http://www.france24.com/en/20180625-turkey-lira-pares-dollar-gains-after-erdogan-victory,http://m.france24.com/en/20180625-turkey-lira-pares-dollar-gains-after-erdogan-victory,Flash - Turkey lira pares dollar gains after Erdogan victory - France 24,20180625T134500Z,http://scd.france24.com/en/files/imagecache/home_1024/images/afp/57a2b22c2c36b3eb9dac823c238a639ef330d776.jpg,france24.com,English,France,Turkey
https://ahvalnews.com/turkish-economy/think-tank-warned-against-further-downgrade-turkeys-credit-ratings,,Think tank warned against further downgrade of Turkey credit ratings,20180618T020000Z,https://ahvalnews.com/sites/default/files/styles/social_image/public/2018-01/yilbasi-kredileri.jpg?h=c537a585&itok=sFDyt4fk,ahvalnews.com,English,Turkey,Turkey
http://zennie62blog.com/2018/06/25/the-latest-monitors-criticize-uneven-field-in-turkey-vote-washington-post/,,The Latest : Monitors criticize  uneven field  in Turkey vote – Washington Post,20180625T144500Z,http://zennie62blog.com/wp-content/uploads/2018/06/2012762-thumb.jpg,zennie62blog.com,English,United States,Turkey
https://think.ing.com/articles/turkey-room-for-optimism/,,Turkey - Room for optimism | Article,20180702T151500Z,https://think.ing.com/uploads/hero/_w800h450/shutterstock_1093895879.jpg,think.ing.com,English,Belgium,Turkey
https://www.dailysabah.com/economy/2018/07/13/turkey-brazil-and-india-will-benefit-from-trumps-trade-war-with-china-mobius,https://www.dailysabah.com/economy/2018/07/13/turkey-brazil-and-india-will-benefit-from-trumps-trade-war-with-china-mobius/amp,"Turkey , Brazil and India will benefit from Trump trade war with China : Mobius",20180713T124500Z,https://idsb.tmgrup.com.tr/2018/07/13/turkey-brazil-and-india-will-benefit-from-trumps-trade-war-with-china-1531479381869.jpg,dailysabah.com,English,Turkey,Turkey
https://www.ctpost.com/technology/businessinsider/article/Turkish-lira-tumbles-after-central-bank-13100001.php,https://m.ctpost.com/technology/businessinsider/article/Turkish-lira-tumbles-after-central-bank-13100001.php,Turkish lira tumbles after central bank unexpectedly holds rates,20180724T141500Z,https://www.ctpost.com/img/pages/article/opengraph_default.jpg,ctpost.com,English,United States,Turkey
https://www.greenwichtime.com/technology/businessinsider/article/Turkish-lira-tumbles-after-central-bank-13100001.php,https://m.greenwichtime.com/technology/businessinsider/article/Turkish-lira-tumbles-after-central-bank-13100001.php,Turkish lira tumbles after central bank unexpectedly holds rates,20180724T141500Z,https://www.greenwichtime.com/img/pages/article/opengraph_default.jpg,greenwichtime.com,English,United States,Turkey
https://www.newstimes.com/technology/businessinsider/article/Turkish-lira-tumbles-after-central-bank-13100001.php,https://m.newstimes.com/technology/businessinsider/article/Turkish-lira-tumbles-after-central-bank-13100001.php,Turkish lira tumbles after central bank unexpectedly holds rates,20180724T141500Z,https://www.newstimes.com/img/pages/article/opengraph_default.jpg,newstimes.com,English,United States,Turkey
https://www.stamfordadvocate.com/technology/businessinsider/article/Turkish-lira-tumbles-after-central-bank-13100001.php,https://m.stamfordadvocate.com/technology/businessinsider/article/Turkish-lira-tumbles-after-central-bank-13100001.php,Turkish lira tumbles after central bank unexpectedly holds rates,20180724T141500Z,https://www.stamfordadvocate.com/img/pages/article/opengraph_default.jpg,stamfordadvocate.com,English,United States,Turkey
https://forimmediaterelease.net/turkish-lira-continues-to-tumble-as-erdogan-dictates-monetary-policy-306964/,,Turkish Lira continues to tumble as Erdogan dictates monetary policy | World News,20180716T024500Z,,forimmediaterelease.net,English,United States,Turkey
https://www.azernews.az/business/135228.html,,Thousands of Azerbaijani entrepreneurs in Turkey reached global level,20180723T124500Z,https://www.azernews.az/media/2018/07/23/economy.jpg,azernews.az,English,Azerbaijan,Turkey
https://thefrontierpost.com/ebrd-backs-turkish-retailers-lira-denominated-bond/,,EBRD backs Turkish retailer lira - denominated bond,20180719T214500Z,https://i2.wp.com/thefrontierpost.com/wp-content/uploads/2018/07/EBRD-backs-Turkish-retailer%E2%80%99s-lira-denominated-bond.jpg?fit=327%2C154&ssl=1,thefrontierpost.com,English,Pakistan,Turkey
https://markets.businessinsider.com/news/stocks/turkey-lira-tumbles-central-bank-unexpectedly-holds-rates-2018-7-1027393500,,Turkish lira tumbles after central bank unexpectedly holds rates,20180724T121500Z,https://static3.businessinsider.com/image/5a7980315124c9210534ff6f-800/erdogan-says-us-has-calculations-against-turkey-iran-russia-in-syria.jpg,markets.businessinsider.com,English,United States,Turkey
https://www.msn.com/en-us/finance/markets/turkish-lira-tumbles-after-central-bank-unexpectedly-holds-rates/ar-AAAl3oX,,Turkish lira tumbles after central bank unexpectedly holds rates,20180724T120000Z,,msn.com,English,United States,Turkey
https://www.neweurope.eu/article/turkish-lira-continues-tumble-erdogan-dictates-monetary-policy/,,Turkish Lira continues to tumble as Erdogan dictates monetary policy,20180713T040000Z,https://www.neweurope.eu/wp-content/uploads/2016/09/06_Erdoga-Lira.jpg,neweurope.eu,English,United Kingdom,Turkey
http://focus-fen.net/./news/2018/08/01/432975/afp-turkey-lira-falls-to-50-against-dollar-after-us-sanctions.html,,AFP : Turkey lira falls to 5 . 0 against dollar after US sanctions,20180801T210000Z,http://images.focus-news.net/1/3e0269a151a302335a34cce4c29c74e0.jpg,focus-fen.net,English,Bulgaria,Turkey
https://www.nhregister.com/technology/businessinsider/article/Turkish-lira-tumbles-after-central-bank-13100001.php,,Turkish lira tumbles after central bank unexpectedly holds rates,20180724T133000Z,https://www.nhregister.com/img/pages/article/opengraph_default.jpg,nhregister.com,English,United States,Turkey
https://www.middletownpress.com/technology/businessinsider/article/Turkish-lira-tumbles-after-central-bank-13100001.php,,Turkish lira tumbles after central bank unexpectedly holds rates,20180724T131500Z,https://www.middletownpress.com/img/pages/article/opengraph_default.jpg,middletownpress.com,English,United States,Turkey
https://www.thehour.com/technology/businessinsider/article/Turkish-lira-tumbles-after-central-bank-13100001.php,,Turkish lira tumbles after central bank unexpectedly holds rates,20180724T141500Z,https://www.thehour.com/img/pages/article/opengraph_default.jpg,thehour.com,English,United States,Turkey
https://www.registercitizen.com/technology/businessinsider/article/Turkish-lira-tumbles-after-central-bank-13100001.php,,Turkish lira tumbles after central bank unexpectedly holds rates,20180724T141500Z,https://www.registercitizen.com/img/pages/article/opengraph_default.jpg,registercitizen.com,English,United States,Turkey
https://www.businessinsider.com.au/turkey-lira-tumbles-central-bank-unexpectedly-holds-rates-2018-7,https://www.businessinsider.com.au/turkey-lira-tumbles-central-bank-unexpectedly-holds-rates-2018-7/amp,Turkish lira tumbles after central bank unexpectedly holds rates,20180724T120000Z,https://static.businessinsider.com/image/5a7980315124c9210534ff6f-640.jpg,businessinsider.com.au,English,Australia,Turkey
https://www.etftrends.com/turkey-etf-plunges-after-central-bank-stands-pat-on-rates/,https://www.etftrends.com/turkey-etf-plunges-after-central-bank-stands-pat-on-rates/amp/,Turkey ETF Plunges After Central Bank Stands Pat on Rates,20180724T221500Z,https://d3hd9t0fnb52go.cloudfront.net/wp-content/uploads/2018/07/Turkey-ETF-Plunges-After-Central-Bank-Stands-Pat-on-Rates.jpg,etftrends.com,English,China,Turkey
https://seekingalpha.com/article/4187931-turkey-fears-overhyped,https://seekingalpha.com/amp/article/4187931-turkey-fears-overhyped,Turkey : Fears Overhyped,20180718T094500Z,https://static3.seekingalpha.com/assets/og_image_192-59bfd51c9fe6af025b2f9f96c807e46f8e2f06c5ae787b15bf1423e6c676d4db.png,seekingalpha.com,English,United States,Turkey
http://www.rttnews.com/2917096/turkish-lira-falls-to-near-2-week-low-vs-u-s-dollar-after-turkey-decision.aspx,,Turkish Lira Falls To Near 2 - week Low Vs U . S . Dollar After Turkey Decision,20180724T131500Z,,rttnews.com,English,United States,Turkey
http://www.4-traders.com/THOMAS-COOK-GROUP-4007030/news/Thomas-Cook-There-rsquo-s-never-been-a-better-time-to-travel-to-Turkey-27010622/,http://www.4-traders.com/amp/THOMAS-COOK-GROUP-4007030/news/Thomas-Cook-There-rsquo-s-never-been-a-better-time-to-travel-to-Turkey-27010622/,Thomas Cook : There never been a better time to travel to Turkey,20180727T163000Z,,4-traders.com,English,United States,Turkey
https://www.marketwatch.com/story/turkeys-rate-decision-will-be-a-litmus-test-for-central-bank-independence-from-erdogan-2018-07-23,https://www.marketwatch.com/amp/story/guid/2A48697A-8E86-11E8-AF9D-5705E39CFFD1,Turkey rate decision will be a litmus test for central bank independence from Erdogan,20180723T171500Z,http://s.marketwatch.com/public/resources/MWimages/MW-GM965_USDTRY_ZG_20180723114103.jpg,marketwatch.com,English,United States,Turkey
http://www.4-traders.com/news/EBRD-European-Bank-for-Reconstruction-and-Develo-backs-lira-denominated-debut-bond-issued-by-Turki--26949208/,http://www.4-traders.com/amp/news/EBRD-European-Bank-for-Reconstruction-and-Develo-backs-lira-denominated-debut-bond-issued-by-Turki--26949208/,EBRD European Bank for Reconstruction and Develo : backs lira - denominated debut bond issued by Turkish retailer Migros,20180718T121500Z,,4-traders.com,English,United States,Turkey
https://www.bloomberg.com/news/articles/2018-07-26/turkish-lira-slumps-as-u-s-threatens-significant-sanctions,https://www.bloomberg.com/amp/news/articles/2018-07-26/turkish-lira-slumps-as-u-s-threatens-significant-sanctions,Turkish Lira Slumps as U . S . Threatens  Significant  Sanctions,20180726T160000Z,https://assets.bwbx.io/images/users/iqjWHBFdfxIU/idteCToD3mFA/v0/1200x800.jpg,bloomberg.com,English,United States,Turkey
https://www.dailysabah.com/economy/2018/07/19/ebrd-backs-turkish-retailers-lira-denominated-bond,https://www.dailysabah.com/economy/2018/07/19/ebrd-backs-turkish-retailers-lira-denominated-bond/amp,EBRD backs Turkish retailer lira - denominated bond,20180718T213000Z,,dailysabah.com,English,Turkey,Turkey
http://www.worldbulletin.net/haberler/204118/turkeys-borsa-istanbul-flat-at-open,,Turkey Borsa Istanbul flat at open | Economy | Worldbulletin News,20180717T090000Z,http://media.worldbulletin.net/news/2015/02/12/borsa.jpg,worldbulletin.net,English,Turkey,Turkey
https://www.libyanexpress.com/turkeys-lira-hits-a-record-low-against-us-dollar-amid-possible-american-sanctions/,,"Turkey lira hits a record low against US dollar amid possible American sanctions - Libyan Express - Libya News , Opinion , Analysis and Latest Updates from Libya",20180801T193000Z,https://www.libyanexpress.com/wp-content/uploads/2018/04/nakit.jpg,libyanexpress.com,English,Libya,Turkey
https://www.howestreet.com/2018/07/16/turkey-the-poster-child-of-emerging-market-crisis/,,Turkey the Poster Child of Emerging Market Crisis,20180717T031500Z,,howestreet.com,English,United States,Turkey
http://cyberwardesk.com/2018/07/26/turkey-s-lira-plummets-after-central-bank-fails-to-lift/,,Turkey lira plummets after central bank fails to lift interest rate,20180726T204500Z,,cyberwardesk.com,English,,Turkey
https://www.fastmarkets.com/article/3821966/pricing-notice-proposal-to-change-turkey-domestic-rebar-wire-rod-price-assessment-currencies-to-tur,,"PRICING NOTICE : Proposal to change Turkey domestic rebar , wire rod price assessment currencies to Turkish lira",20180723T094500Z,,fastmarkets.com,English,China,Turkey
http://www.investmentwatchblog.com/turkey-the-poster-child-of-emerging-market-crisis/,,Turkey the Poster Child of Emerging Market Crisis – Investment Watch Blog,20180716T183000Z,,investmentwatchblog.com,English,United States,Turkey
https://www.armstrongeconomics.com/international-news/turkey/turkey-the-poster-child-of-emerging-market-crisis/,,Turkey the Poster Child of Emerging Market Crisis,20180716T044500Z,,armstrongeconomics.com,English,United States,Turkey
https://geopoliticalfutures.com/turkey-test-limits-presidential-power/,,"In Turkey , a Test to the Limits of Presidential Power - Geopolitical Futures",20180724T213000Z,https://geopoliticalfutures.com/wp-content/uploads/2018/07/turkish_lira_to_usd.png,geopoliticalfutures.com,English,Russia,Turkey
https://www.azernews.az/region/135428.html,,Number of companies with Kazakh capital in Turkey up,20180727T081500Z,https://www.azernews.az/media/2018/07/27/turkey_kazakhstan_flags_131012.jpg,azernews.az,English,Azerbaijan,Turkey
http://today.az/news/regions/172323.html,,Today . Az - Number of companies with Kazakh capital in Turkey up,20180727T130000Z,http://www.today.az/pictures/pic172323.jpg,today.az,English,Azerbaijan,Turkey
https://www.marketpulse.com/20180724/turkeys-central-bank-leaves-policy-rate-unchanged-defying-expectations/,,"Turkey central bank leaves policy rate unchanged , defying expectations - MarketPulse",20180724T131500Z,https://www.marketpulse.com/wp-content/uploads/2015/11/turkey_flag.jpg,marketpulse.com,English,United States,Turkey
https://www.marketwatch.com/story/turkish-lira-drops-to-all-time-low-after-us-imposes-sanctions-2018-08-01,,Turkish lira drops to all - time low after U . S . imposes sanctions,20180801T230000Z,http://s.marketwatch.com/public/resources/MWimages/MW-FX683_Turkis_MG_20171103135936.jpg,marketwatch.com,English,United States,Turkey
https://www.businessinsider.com/turkey-lira-tumbles-central-bank-unexpectedly-holds-rates-2018-7,https://amp.businessinsider.com/turkey-lira-tumbles-central-bank-unexpectedly-holds-rates-2018-7,Turkey : Lira tumbles after central bank unexpectedly holds rates,20180724T114500Z,https://amp.businessinsider.com/images/5b570c2357a20733008b45cf-750-375.jpg,businessinsider.com,English,United States,Turkey
https://en.trend.az/business/economy/2934057.html,,Number of companies with Kazakh capital in Turkey up,20180727T063000Z,https://cdn2.trend.az/media/pictures/2012/10/12/Turkey_Kazakhstan_flags_131012.jpg,en.trend.az,English,United States,Turkey
http://www.cpifinancial.net/news/category/markets/post/45932/turkey-unexpectedly-refrains-from-rate-increase-markets-tumble,,"Turkey unexpectedly refrains from rate increase ; markets tumble | CPI Financial | CPI Financial News | Banking and Financial News , Islamic Business and Finance , Commercial Banking",20180725T053000Z,http://www.cpifinancial.net/files/blog/45932/large/Turkey_Unexpectedly_Refrains_From_Rate_Increase_Markets_Tumble.jpg,cpifinancial.net,English,United Arab Emirates,Turkey
http://www.cpifinancial.net/news/category/results/post/45932/turkey-unexpectedly-refrains-from-rate-increase-markets-tumble,,"Turkey unexpectedly refrains from rate increase ; markets tumble | CPI Financial | CPI Financial News | Banking and Financial News , Islamic Business and Finance , Commercial Banking",20180725T053000Z,http://www.cpifinancial.net/files/blog/45932/large/Turkey_Unexpectedly_Refrains_From_Rate_Increase_Markets_Tumble.jpg,cpifinancial.net,English,United Arab Emirates,Turkey
http://www.cpifinancial.net/news/post/45932/turkey-unexpectedly-refrains-from-rate-increase-markets-tumble,,"Turkey unexpectedly refrains from rate increase ; markets tumble | CPI Financial | CPI Financial News | Banking and Financial News , Islamic Business and Finance , Commercial Banking",20180725T034500Z,http://www.cpifinancial.net/files/blog/45932/large/Turkey_Unexpectedly_Refrains_From_Rate_Increase_Markets_Tumble.jpg,cpifinancial.net,English,United Arab Emirates,Turkey
http://bianet.org/english/world/199658-exchange-rate-of-us-dollar-reaches-5-turkish-lira,,Exchange Rate of US Dollar Reaches 5 Turkish Lira,20180802T104500Z,http://www.bianet.org/system/uploads/1/articles/main_image/000/199/658/medium/dol1-132.jpg,bianet.org,English,Turkey,Turkey
http://www.worldbulletin.net/news/204153/turkeys-borsa-istanbul-up-at-open,,Turkey Borsa Istanbul up at open | Economy | Worldbulletin News,20180718T110000Z,http://media.worldbulletin.net/news/2017/10/05/borsa.jpg,worldbulletin.net,English,Turkey,Turkey
http://www.worldbulletin.net/haberler/204153/turkeys-borsa-istanbul-up-at-open,,Turkey Borsa Istanbul up at open | Economy | Worldbulletin News,20180718T110000Z,http://media.worldbulletin.net/news/2017/10/05/borsa.jpg,worldbulletin.net,English,Turkey,Turkey
http://www.worldbulletin.net/economy/204153/turkeys-borsa-istanbul-up-at-open,,Turkey Borsa Istanbul up at open | Economy | Worldbulletin News,20180718T110000Z,http://media.worldbulletin.net/news/2017/10/05/borsa.jpg,worldbulletin.net,English,Turkey,Turkey
http://www.worldbulletin.net/todays-news/204153/turkeys-borsa-istanbul-up-at-open,,Turkey Borsa Istanbul up at open | Economy | Worldbulletin News,20180718T110000Z,http://media.worldbulletin.net/news/2017/10/05/borsa.jpg,worldbulletin.net,English,Turkey,Turkey
https://www.msn.com/en-us/finance/markets/turkey-unexpectedly-refrains-from-rate-increase-markets-tumble/ar-AAAkZcz,,Turkey Unexpectedly Refrains From Rate Increase ; Markets Tumble,20180724T164500Z,,msn.com,English,United States,Turkey
https://ahvalnews.com/turkish-economy/investors-eyes-turkish-central-bank-meeting,,Investor eyes on Turkish central bank meeting,20180723T223000Z,https://ahvalnews.com/sites/default/files/styles/social_image/public/2017-11/ekonomi-1_1_0.jpg?b3e&itok=_DPGImwO,ahvalnews.com,English,Turkey,Turkey
https://www.barrons.com/articles/turkish-lira-hits-record-low-against-dollar-1531432916,https://www.barrons.com/amp/articles/turkish-lira-hits-record-low-against-dollar-1531432916,Turkish Lira Hits Record Low Against Dollar,20180713T031500Z,https://asset.barrons.com/public/resources/images/ON-CP365_turkis_G_20180712173451.jpg,barrons.com,English,China,Turkey
https://www.yenisafak.com/en/economy/ebrd-backs-turkish-retailers-lira-denominated-bond-3436722,https://www.yenisafak.com/en/amphtml/economy/ebrd-backs-turkish-retailers-lira-denominated-bond-3436722,EBRD backs Turkish retailer lira - denominated bond,20180718T123000Z,https://yenisafak.feo.doracdn.com/resize/47uQufiZbmsgHk3H/600/0/resim/imagecrop/2018/07/18/02/39/resized_a36e9-337a3d93thumbs_b_c_4031a8dd0f3b64e415696332359737f5.jpg,yenisafak.com,English,Turkey,Turkey
https://in.reuters.com/article/us-turkey-cenbank-rates/turkeys-central-bank-leaves-policy-rate-unchanged-defying-expectations-idINKBN1KE1CS,https://in.mobile.reuters.com/article/amp/idINKBN1KE1CS,"Turkey central bank leaves policy rate unchanged , defying expectations",20180724T123000Z,https://s4.reutersmedia.net/resources_v2/images/rcom-default.png,in.reuters.com,English,United States,Turkey
https://www.reuters.com/article/us-turkey-cenbank-rates/turkeys-central-bank-leaves-policy-rate-unchanged-defying-expectations-idUSKBN1KE1CS,https://mobile.reuters.com/article/amp/idUSKBN1KE1CS,"Turkey central bank leaves policy rate unchanged , defying expectations",20180724T124500Z,https://s4.reutersmedia.net/resources_v2/images/rcom-default.png,reuters.com,English,United States,Turkey
http://www.kitco.com/news/2018-07-24/Turkey-s-central-bank-leaves-policy-rate-unchanged-defying-expectations.html,,"Turkey central bank leaves policy rate unchanged , defying expectations",20180724T124500Z,,kitco.com,English,China,Turkey
https://theiranproject.com/blog/2018/07/15/erdogan-turkey-set-to-do-trade-with-iran-using-national-currencies/,,Erdogan : Turkey set to do trade with Iran using national currencies,20180715T044500Z,https://theiranproject.com/wp-content/uploads/2014/07/Erdogan1.jpg,theiranproject.com,English,Iran,Turkey
https://www.msn.com/en-us/news/world/turkey-lira-slumps-to-record-lows-over-us-sanctions/ar-BBLngvF,,Turkey lira slumps to record lows over US sanctions,20180801T210000Z,,msn.com,English,United States,Turkey
https://www.bloomberg.com/news/articles/2018-07-18/turkey-keeps-u-s-pastor-jailed-straining-ties-with-washington,https://www.bloomberg.com/amp/news/articles/2018-07-18/turkey-keeps-u-s-pastor-jailed-straining-ties-with-washington,"Turkey Keeps U . S . Pastor Jailed , Straining Ties With Washington",20180718T153000Z,https://assets.bwbx.io/images/users/iqjWHBFdfxIU/ijNzm46jYblA/v0/1200x915.jpg,bloomberg.com,English,United States,Turkey
https://defence.pk/pdf/threads/turkish-lira-skids-past-5-to-dollar-on-u-s-sanctions-move.570888/,,Turkish lira skids past 5 to dollar on U . S . sanctions move,20180803T134500Z,,defence.pk,English,Pakistan,Turkey
https://www.express.co.uk/news/world/1001993/turkey-lira-crisis-live-erdogan-donald-trump-steel-pictures,https://www.express.co.uk/news/world/1001993/turkey-lira-crisis-live-erdogan-donald-trump-steel-pictures/amp,Turkey Lira crisis in pictures : Locals sell wealth to save currency,20180810T224500Z,https://cdn.images.express.co.uk/img/dynamic/78/750x445/1001993.jpg,express.co.uk,English,United Kingdom,Turkey
https://www.bloomberg.com/news/articles/2018-07-24/the-only-way-out-of-turkey-s-loop-may-be-another-emergency-hike,https://www.bloomberg.com/amp/news/articles/2018-07-24/the-only-way-out-of-turkey-s-loop-may-be-another-emergency-hike,The Only Way Out of Turkey Loop May Be Another Emergency Hike,20180724T220000Z,https://assets.bwbx.io/images/users/iqjWHBFdfxIU/iIQxjxFw2oSs/v1/1200x800.jpg,bloomberg.com,English,United States,Turkey
https://www.bloomberg.com/news/articles/2018-07-27/turkey-doing-everything-wrong-has-zero-appeal-at-goldman-sachs,,Turkey  Doing Everything Wrong  Has Zero Appeal at Goldman Sachs,20180727T193000Z,https://assets.bwbx.io/s3/javelin/public/javelin/images/social-markets-3d32d2f713.jpg,bloomberg.com,English,United States,Turkey
https://www.reuters.com/article/uk-turkey-currency/turkish-lira-skids-past-5-to-dollar-on-u-s-sanctions-move-idUSKBN1KN28A,https://mobile.reuters.com/article/amp/idUSKBN1KN28A,Turkish lira skids past 5 to dollar on U . S . sanctions move,20180802T164500Z,https://s2.reutersmedia.net/resources/r/?m=02&d=20180802&t=2&i=1289505925&r=LYNXMPEE711BG,reuters.com,English,United States,Turkey
https://www.reuters.com/article/uk-turkey-currency/turkish-lira-skids-past-5-to-dollar-on-us-sanctions-move-idUSKBN1KN28A,https://mobile.reuters.com/article/amp/idUSKBN1KN28A,Turkish lira skids past 5 to dollar on U . S . sanctions move,20180802T203000Z,https://s2.reutersmedia.net/resources/r/?m=02&d=20180802&t=2&i=1289505925&r=LYNXMPEE711BG,reuters.com,English,United States,Turkey
https://www.theonlinecitizen.com/2018/07/25/barely-4-months-after-temasek-invested-millions-in-turkish-restaurant-chain-its-parent-conglomerate-is-facing-severe-debt-restructuring-woes/,https://www.theonlinecitizen.com/2018/07/25/barely-4-months-after-temasek-invested-millions-in-turkish-restaurant-chain-its-parent-conglomerate-is-facing-severe-debt-restructuring-woes/amp/,"Barely 4 months after Temasek invested millions in Turkish restaurant chain , its parent conglomerate is facing severe debt restructuring woes",20180724T224500Z,https://www.theonlinecitizen.com/wp-content/uploads/2018/07/salt-bae.jpg,theonlinecitizen.com,English,Singapore,Turkey
https://af.reuters.com/article/energyOilNews/idAFL5N1UR69E,,UPDATE 1 - Turkey Botas hikes natural gas price for power generation by 50 pct - sources | Energy & Oil,20180731T153000Z,https://s4.reutersmedia.net/resources_v2/images/rcom-default.png,af.reuters.com,English,United States,Turkey
https://af.reuters.com/article/commoditiesNews/idAFL5N1UR69E,,UPDATE 1 - Turkey Botas hikes natural gas price for power generation by 50 pct - sources | Agricultural Commodities,20180731T170000Z,https://s4.reutersmedia.net/resources_v2/images/rcom-default.png,af.reuters.com,English,United States,Turkey
https://www.onenewspage.com/n/Front+Page/1zj9d25j4j/Turkey-President-Erdogan-claims-currency-crisis-is.htm,https://m.onenewspage.co.uk/n/Front+Page/1zj9d25j4j/Turkey-President-Erdogan-claims-currency-crisis-is.htm,Turkey President Erdogan claims currency crisis is a  national battle  against  economic enemies  ,20180810T164500Z,https://cdn.newsserve.net/700/i/20180810/144-Turkey-President-Erdogan-claims-currency-crisis-is.jpg,onenewspage.com,English,United States,Turkey
https://www.sott.net/article/392419-Turkey-moving-away-from-US-and-towards-BRICS,,Turkey moving away from US and towards BRICS -- Society Child -- Sott . net,20180731T214500Z,https://www.sott.net/image/s23/467012/full/5af4b424dda4c8ad788b4618.jpg,sott.net,English,United States,Turkey
https://www.sott.net/article/392715-Turkish-lira-plummeting-under-bite-of-US-sanctions-over-detention-of-US-pastor-accused-of-aiding-2016-coup-attempt,,Turkish lira plummeting under bite of US sanctions over detention of US pastor accused of aiding 2016 coup attempt -- Puppet Masters -- Sott . net,20180804T170000Z,https://www.sott.net/image/s24/481585/full/5b6480c8dda4c848278b45db.jpg,sott.net,English,United States,Turkey
https://ahvalnews.com/education/turkeys-brightest-youth-leaving-country-higher-education,,Turkey brightest youth leaving country for higher education,20180723T201500Z,https://ahvalnews.com/sites/default/files/styles/social_image/public/2018-07/youth.jpg?h=cfb37783&itok=VFIC3Jf0,ahvalnews.com,English,Turkey,Turkey
https://www.onenewspage.com/n/Front+Page/1zj9d25lpz/Trump-doubles-metal-tariffs-on-Turkey-as-lira.htm,https://m.onenewspage.co.uk/n/Front+Page/1zj9d25lpz/Trump-doubles-metal-tariffs-on-Turkey-as-lira.htm,Trump doubles metal tariffs on Turkey as lira falls by 20 % ,20180810T213000Z,https://cdn.newsserve.net/700/i/20180810/1877-Trump-doubles-metal-tariffs-on-Turkey-as-lira.jpg,onenewspage.com,English,United States,Turkey
https://www.marketwatch.com/story/heres-why-there-may-be-more-pain-in-store-for-turkeys-lira-on-friday-2018-08-02,https://www.marketwatch.com/amp/story/guid/58922B3C-9682-11E8-B149-6E0B9725725C,Here why there may be more pain in store for Turkey lira on Friday,20180802T193000Z,http://s.marketwatch.com/public/resources/MWimages/MW-GM965_USDTRY_ZG_20180723114103.jpg,marketwatch.com,English,United States,Turkey
https://www.wsj.com/articles/turkish-lira-falls-to-record-low-after-u-s-sanctions-1533149874,https://www.wsj.com/amp/articles/turkish-lira-falls-to-record-low-after-u-s-sanctions-1533149874,Turkish Lira Falls to Record Low After U . S . Sanctions,20180801T194500Z,https://images.wsj.net/im-20439/social,wsj.com,English,United States,Turkey
https://www.msn.com/en-us/finance/markets/turkey-traders-flinch-as-us-sanctions-threat-becomes-reality/ar-BBLoRCC,,Turkey Traders Flinch as U . S . Sanctions Threat Becomes Reality,20180802T134500Z,,msn.com,English,United States,Turkey
https://www.msn.com/en-us/finance/markets/turkey-traders-balk-at-us-sanctions-as-threats-become-reality/ar-BBLoRCC,,Turkey Traders Flinch as U . S . Sanctions Threat Becomes Reality,20180802T133000Z,,msn.com,English,United States,Turkey
https://uk.reuters.com/article/uk-turkey-currency/turkish-lira-skids-past-5-to-dollar-on-u-s-sanctions-move-idUKKBN1KN28A,https://uk.mobile.reuters.com/article/amp/idUKKBN1KN28A,Turkish lira skids past 5 to dollar on U . S . sanctions move,20180804T151500Z,https://s2.reutersmedia.net/resources/r/?m=02&d=20180802&t=2&i=1289505925&r=LYNXMPEE711BG,uk.reuters.com,English,United States,Turkey
http://www.emergingtextiles.com/?q=art&s=170207-turkey-country-report&r=free&i=samplearticle,,Turkey Clothing Exports in 2016 : Destinations ( Country Report ) - Emerging Textiles,20180727T191500Z,,emergingtextiles.com,English,China,Turkey
https://www.msn.com/en-us/news/world/us-slaps-sanctions-on-turkey-over-detained-evangelical-pastor/ar-BBLox1F,,U . S . slaps sanctions on Turkey over detained evangelical pastor,20180802T104500Z,,msn.com,English,United States,Turkey
https://www.dw.com/en/turkeys-central-bank-paralyzed-as-inflation-soars/av-44721243,https://amp.dw.com/en/turkeys-central-bank-paralyzed-as-inflation-soars/av-44721243,Turkey ′ s central bank paralyzed as inflation soars | All media content | DW,20180718T103000Z,https://tvdownloaddw-a.akamaihd.net/stills/images/vdt/2018/beng180718_004_qwiturkeyweb_01g.jpg,dw.com,English,Germany,Turkey
http://www.worldbulletin.net/haberler/204403/turkeys-borsa-istanbul-up-at-open,,Turkey Borsa Istanbul up at open | Economy | Worldbulletin News,20180726T113000Z,http://media.worldbulletin.net/news/2017/10/05/borsa.jpg,worldbulletin.net,English,Turkey,Turkey
http://www.worldbulletin.net/economy/204403/turkeys-borsa-istanbul-up-at-open,,Turkey Borsa Istanbul up at open | Economy | Worldbulletin News,20180726T083000Z,http://media.worldbulletin.net/news/2017/10/05/borsa.jpg,worldbulletin.net,English,Turkey,Turkey
http://www.worldbulletin.net/todays-news/204403/turkeys-borsa-istanbul-up-at-open,,Turkey Borsa Istanbul up at open | Economy | Worldbulletin News,20180726T083000Z,http://media.worldbulletin.net/news/2017/10/05/borsa.jpg,worldbulletin.net,English,Turkey,Turkey
http://www.worldbulletin.net/news/204403/turkeys-borsa-istanbul-up-at-open,,Turkey Borsa Istanbul up at open | Economy | Worldbulletin News,20180726T083000Z,http://media.worldbulletin.net/news/2017/10/05/borsa.jpg,worldbulletin.net,English,Turkey,Turkey
https://gulfnews.com/news/mena/turkey/turkish-lira-slides-to-record-low-on-us-sanctions-news-1.2260596,http://m.gulfnews.com/amp/news/mena/turkey/turkish-lira-slides-to-record-low-on-us-sanctions-news-1.2260596,Turkish lira slides to record low on US sanctions news,20180802T083000Z,,gulfnews.com,English,United Arab Emirates,Turkey
https://business.financialpost.com/pmn/business-pmn/turkish-central-bank-move-raises-questions-over-independence,https://business.financialpost.com/pmn/business-pmn/turkish-central-bank-move-raises-questions-over-independence/amp,Turkish central bank move raises questions over independence,20180724T133000Z,,business.financialpost.com,English,Canada,Turkey
https://www.islandpacket.com/news/business/article215412960.html,http://amp.islandpacket.com/news/business/article215412960.html,Turkish central bank move raises questions over independence,20180724T143000Z,https://www.mcclatchy-wires.com/incoming/p2la4s/picture215414220/alternates/LANDSCAPE_1140/Turkey_Erdogan_85704.jpg,islandpacket.com,English,United States,Turkey
http://www.hurriyetdailynews.com/turkish-lira-skids-past-5-to-the-dollar-on-us-sanctions-news-135319,http://www.hurriyetdailynews.com/amp/turkish-lira-skids-past-5-to-the-dollar-on-us-sanctions-news-135319,Turkish Lira skids past 5 to the dollar on US sanctions news,20180802T093000Z,,hurriyetdailynews.com,English,Turkey,Turkey
https://defence.pk/pdf/threads/turkey-lira-slumps-to-record-lows-over-us-sanctions-in-pastor-case-ankara-vows-to-respond.570718/,,"Turkey lira slumps to record lows over US sanctions in pastor case , Ankara vows to respond",20180802T060000Z,,defence.pk,English,Pakistan,Turkey
https://www.presstv.com/Detail/2018/08/04/570143/Turkeylira-fallUS-sancitons,,"PressTV - Turkey to freeze assets of  US justice , interior ministers  ",20180804T160000Z,https://1452858779.rsc.cdn77.org/photo/20180804/3fe63d9f-2fbe-4262-a94b-ba91bbfe1015.jpg,presstv.com,English,Iran,Turkey
https://theiranproject.com/blog/2018/08/04/in-tit-for-tat-response-erdogan-says-turkey-to-freeze-assets-of-us-justice-interior-ministers/,,"In tit - for - tat response , Erdogan says Turkey to freeze assets of  US justice , interior ministers  ",20180804T134500Z,https://theiranproject.com/wp-content/uploads/2014/07/Erdogan1.jpg,theiranproject.com,English,Iran,Turkey
http://www.economicsherald.com/fitch-lowered-turkey-sovereign-debt-rating/,,Fitch lowered Turkey sovereign debt rating,20180717T000000Z,,economicsherald.com,English,,Turkey
https://www.onenewspage.com/topic/Turkish_Lira.htm,https://m.onenewspage.com/topic/Turkish_Lira.htm,LIVE Turkish Lira News | One News Page,20180810T190000Z,,onenewspage.com,English,United States,Turkey
https://ahvalnews.com/turkey-economy/lira-continue-sliding-barclays-bank,,Lira to continue sliding - Barclays Bank,20180714T224500Z,https://ahvalnews.com/sites/default/files/styles/social_image/public/2018-03/lira.jpg?f4230fa&itok=rrx4K-rw,ahvalnews.com,English,Turkey,Turkey
http://www.4-traders.com/news/As-Turkey-s-Lira-Falls-Sanctioned-Ministers-Remain-Defiant--27044442/,http://www.4-traders.com/amp/news/As-Turkey-s-Lira-Falls-Sanctioned-Ministers-Remain-Defiant--27044442/,"As Turkey Lira Falls , Sanctioned Ministers Remain Defiant",20180802T123000Z,,4-traders.com,English,United States,Turkey
https://www.msn.com/en-us/finance/markets/as-turkeys-lira-falls-sanctioned-ministers-remain-defiant/ar-BBLoOHW,,"As Turkey Lira Falls , Sanctioned Ministers Remain Defiant",20180802T123000Z,,msn.com,English,United States,Turkey
https://www.lmtonline.com/news/world/article/Turkish-central-bank-move-raises-questions-over-13099856.php,https://www.lmtonline.com/news/world/amp/Turkish-central-bank-move-raises-questions-over-13099856.php,Turkish central bank move raises questions over independence,20180724T133000Z,https://s.hdnux.com/photos/74/54/32/15910579/5/rawImage.jpg,lmtonline.com,English,United States,Turkey
https://www.nhregister.com/news/world/article/Turkish-central-bank-move-raises-questions-over-13099856.php,https://www.nhregister.com/news/world/amp/Turkish-central-bank-move-raises-questions-over-13099856.php,Turkish central bank move raises questions over independence,20180724T133000Z,https://s.hdnux.com/photos/74/54/32/15910579/5/rawImage.jpg,nhregister.com,English,United States,Turkey
https://www.seattlepi.com/news/world/article/Turkish-central-bank-move-raises-questions-over-13099856.php,https://www.seattlepi.com/news/world/amp/Turkish-central-bank-move-raises-questions-over-13099856.php,Turkish central bank move raises questions over independence,20180724T140000Z,https://s.hdnux.com/photos/74/54/32/15910579/5/rawImage.jpg,seattlepi.com,English,United States,Turkey
https://www.hidayat.tv/news/middle-east/2427-in-tit-for-tat-response-erdogan-says-turkey-to-freeze-assets-of-us-justice-interior-ministers,,"In tit - for - tat response , Erdogan says Turkey to freeze assets of  US justice , interior ministers  ",20180804T170000Z,https://www.hidayat.tv/media/k2/items/cache/dee142320ef3bd972685f97312e47fa8_XL.jpg,hidayat.tv,English,,Turkey
https://www.onenewspage.com/n/Front+Page/1zj9d25pzb/Turkish-lira-crashes-as-Trump-doubles-metal-tariffs.htm,https://m.onenewspage.com.au/n/Front+Page/1zj9d25pzb/Turkish-lira-crashes-as-Trump-doubles-metal-tariffs.htm,Turkish lira crashes as Trump doubles metal tariffs,20180811T001500Z,https://cdn.newsserve.net/700/t/20180810/2481a4e333a63025af1f8a2e4cd3e4c6.jpg,onenewspage.com,English,United States,Turkey
https://www.express.co.uk/news/world/1000055/Turkey-lira-dollar-exchange-rate-Turkey-news-Donald-Trump-Ankara,https://www.express.co.uk/news/world/1000055/Turkey-lira-dollar-exchange-rate-Turkey-news-Donald-Trump-Ankara/amp,Turkey in financial MELTDOWN as lira plunges to RECORD LOW against dollar after Trump row,20180807T114500Z,https://cdn.images.express.co.uk/img/dynamic/78/750x445/1000055.jpg,express.co.uk,English,United Kingdom,Turkey
https://www.businessinsider.com.au/turkish-lira-plunges-to-record-low-after-us-announces-sanctions-2018-8,https://www.businessinsider.com.au/turkish-lira-plunges-to-record-low-after-us-announces-sanctions-2018-8/amp,The Turkish lira plunges to a record low after the US announces sanctions,20180801T184500Z,https://static.businessinsider.com/image/59556c3aa3630f2c008b6983-640.jpg,businessinsider.com.au,English,Australia,Turkey
https://www.onenewspage.com/n/Front+Page/1zj9d25oh6/Erdogan-remains-defiant-despite-Turkish-Lira-spiral.htm,https://m.onenewspage.com/n/Front+Page/1zj9d25oh6/Erdogan-remains-defiant-despite-Turkish-Lira-spiral.htm,Erdogan remains defiant despite Turkish Lira spiral,20180810T213000Z,https://cdn.newsserve.net/700/t/20180810/f9d6f9c0dcc927062bb8431ab74fbf40.jpg,onenewspage.com,English,United States,Turkey
https://www.dailysabah.com/economy/2018/07/24/turkish-markets-lira-soar-ahead-of-central-bank-meeting,https://www.dailysabah.com/economy/2018/07/24/turkish-markets-lira-soar-ahead-of-central-bank-meeting/amp,"Turkish markets , lira soar ahead of central bank meeting",20180723T214500Z,,dailysabah.com,English,Turkey,Turkey
http://www.4-traders.com/DOLLAR-INDEX-5343531/news/CURRENCIES-Dollar-Retreats-As-Commodity-Currencies-Bounce-Turkish-Lira-Plummets-26985644/,http://www.4-traders.com/amp/DOLLAR-INDEX-5343531/news/CURRENCIES-Dollar-Retreats-As-Commodity-Currencies-Bounce-Turkish-Lira-Plummets-26985644/,CURRENCIES : Dollar Retreats As Commodity Currencies Bounce ; Turkish Lira Plummets,20180724T203000Z,https://img.zonebourse.com/reuters/2016-03-13T235923Z_1_LYNXNPEC2C0K0_RTROPTP_2_CBUSINESS-US-GLOBAL-FOREX.JPG,4-traders.com,English,United States,Turkey
http://www.hurriyetdailynews.com/turkeys-botas-hikes-natural-gas-price-for-power-generation-by-50-pct-135260,http://www.hurriyetdailynews.com/amp/turkeys-botas-hikes-natural-gas-price-for-power-generation-by-50-pct-135260,Turkey Botaş hikes natural gas price for power generation by 50 pct,20180801T073000Z,,hurriyetdailynews.com,English,Turkey,Turkey
https://www.washingtonpost.com/business/turkish-central-bank-move-raises-questions-over-independence/2018/07/24/0a54f904-8f43-11e8-ae59-01880eac5f1d_story.html,https://www.washingtonpost.com/amphtml/business/turkish-central-bank-move-raises-questions-over-independence/2018/07/24/0a54f904-8f43-11e8-ae59-01880eac5f1d_story.html,Turkish central bank move raises questions over independence,20180724T134500Z,,washingtonpost.com,English,United States,Turkey
http://www.internationalinvestment.net/comment/comment-why-we-remain-invested-in-turkish-bonds/,http://www.internationalinvestment.net/comment/comment-why-we-remain-invested-in-turkish-bonds/amp/,Comment : Why we remain invested in Turkish bonds - International Investment,20180716T184500Z,http://www.internationalinvestment.net/wp-content/uploads/2018/07/Istanbul-Turkey.jpg,internationalinvestment.net,English,United Kingdom,Turkey
https://www.msn.com/en-us/finance/markets/turkey-markets-plunge-as-traders-brace-for-us-sanction-fallout/ar-BBLom6i,,Turkey Markets Plunge as Traders Brace for U . S . Sanction Fallout,20180802T081500Z,,msn.com,English,United States,Turkey
https://www.onenewspage.com/n/Front+Page/1zj9d25je1/Trump-Increases-Pressure-On-Turkey-Amid-Currency-Crisis.htm,https://m.onenewspage.com/n/Front+Page/1zj9d25je1/Trump-Increases-Pressure-On-Turkey-Amid-Currency-Crisis.htm,"Trump Increases Pressure On Turkey Amid Currency Crisis , OKs Doubling Of Metals Tariffs",20180810T164500Z,https://cdn.newsserve.net/700/i/20180810/3565-Trump-Increases-Pressure-On-Turkey-Amid-Currency-Crisis.jpg,onenewspage.com,English,United States,Turkey
https://www.express.co.uk/news/world/1002187/turkey-lira-erdogan-trump-twitter-currency-us,https://www.express.co.uk/news/world/1002187/turkey-lira-erdogan-trump-twitter-currency-us/amp,Erdogan says lira crisis is a  currency PLOT  after Trump gloats on Twitte | World | News,20180811T163000Z,https://cdn.images.express.co.uk/img/dynamic/78/750x445/1002187.jpg,express.co.uk,English,United Kingdom,Turkey
https://www.msn.com/en-us/finance/markets/as-turkeys-lira-plunges-sanctioned-ministers-remain-defiant/ar-BBLoOHW,,"As Turkey Lira Plunges , Sanctioned Ministers Remain Defiant",20180802T133000Z,,msn.com,English,United States,Turkey
https://www.zerohedge.com/news/2018-07-30/bricts-turkey-getting-us-reservation,,BRICTS : Turkey Is Getting Off The US Reservation,20180731T061500Z,https://www.zerohedge.com/sites/default/files/2018-07/putin-and-erdogan-957x598-e1532954559614.jpg,zerohedge.com,English,United States,Turkey
https://in.reuters.com/article/turkey-energy/update-2-turkeys-botas-hikes-natural-gas-price-for-power-generation-by-50-pct-sources-idINL5N1UR69E,https://in.mobile.reuters.com/article/amp/idINL5N1UR69E,UPDATE 2 - Turkey Botas hikes natural gas price for power generation by 50 pct - sources,20180731T210000Z,https://s4.reutersmedia.net/resources_v2/images/rcom-default.png,in.reuters.com,English,United States,Turkey
https://uk.reuters.com/article/turkey-energy/update-2-turkeys-botas-hikes-natural-gas-price-for-power-generation-by-50-pct-sources-idUKL5N1UR69E,https://uk.mobile.reuters.com/article/amp/idUKL5N1UR69E,UPDATE 2 - Turkey Botas hikes natural gas price for power generation by 50 pct - sources,20180731T210000Z,https://s4.reutersmedia.net/resources_v2/images/rcom-default.png,uk.reuters.com,English,United States,Turkey
https://www.reuters.com/article/turkey-energy/update-2-turkeys-botas-hikes-natural-gas-price-for-power-generation-by-50-pct-sources-idUSL5N1UR69E,https://mobile.reuters.com/article/amp/idUSL5N1UR69E,UPDATE 2 - Turkey Botas hikes natural gas price for power generation by 50 pct - sources,20180731T210000Z,https://s4.reutersmedia.net/resources_v2/images/rcom-default.png,reuters.com,English,United States,Turkey
http://www.hurriyetdailynews.com/turk-telekom-announces-loss-due-to-slump-in-lira-rise-in-financing-costs-134987,http://www.hurriyetdailynews.com/amp/turk-telekom-announces-loss-due-to-slump-in-lira-rise-in-financing-costs-134987,"Trk Telekom announces loss due to slump in lira , rise in financing costs",20180725T131500Z,,hurriyetdailynews.com,English,Turkey,Turkey
http://newsviewsnreviews.com/2018/08/turkey-lira-slumps-to-record-lows-over-us-sanctions/,,News Views and Reviews | Turkey lira slumps to record lows over US sanctions,20180801T233000Z,,newsviewsnreviews.com,English,United States,Turkey
http://www.gdnonline.com/Details/385093,,International Business : Turkish lira near five to dollar on news of U . S . sanctions,20180802T094500Z,http://www.gdnonline.com/gdnimages/20180802%5C2018080211185636a695a0c133c1578091e620aadea473e8557ada.jpg,gdnonline.com,English,United States,Turkey
http://www.gdnonline.com/Details/385093/Turkish-lira-near-five-to-dollar-on-news-of-US-sanctions,,International Business : Turkish lira near five to dollar on news of U . S . sanctions,20180802T094500Z,http://www.gdnonline.com/gdnimages/20180802%5C2018080211185636a695a0c133c1578091e620aadea473e8557ada.jpg,gdnonline.com,English,United States,Turkey
https://www.zerohedge.com/news/2018-07-15/hyperinflation-avoidance-advice-turkish-citizens-fitch-cuts-ratings,,Hyperinflation Avoidance Advice For Turkish Citizens As Fitch Cuts Ratings,20180716T081500Z,https://www.zerohedge.com/sites/default/files/2018-07/erdogan.jpg,zerohedge.com,English,United States,Turkey
http://www.oann.com/turkish-central-bank-governor-says-economy-decelerating-rebalancing/,,"Turkey central bank hikes inflation view , defends independence",20180731T101500Z,,oann.com,English,United States,Turkey
https://www.marketwatch.com/story/turkish-lira-drops-versus-dollar-as-central-bank-holds-rates-unchanged-2018-07-24,https://www.marketwatch.com/amp/story/guid/7653DF15-9B3A-44E3-A5D9-2240B2A3579F,Turkish lira drops versus dollar as central bank holds rates unchanged,20180724T114500Z,,marketwatch.com,English,United States,Turkey
https://www.aa.com.tr/en/economy/turkeys-borsa-istanbul-flat-at-open/1206270,,Turkey Borsa Istanbul flat at open,20180717T111500Z,https://cdnuploads.aa.com.tr/uploads/Contents/2018/07/17/thumbs_b_c_e21678c4bbe876a4f74152ace0ce43d1.jpg?v=102220,aa.com.tr,English,Turkey,Turkey
http://news.trust.org/item/20180802052204-htxgm/,http://mercury.postlight.com/amp?url=http://news.trust.org/item/20180802052204-htxgm/,Turkey - Factors to Watch on August 2,20180802T063000Z,"https://d2sh4fq2xsdeg9.cloudfront.net/contentAsset/image/97d085a3-3a17-40e2-bca6-092b8f3cee1b/image/byInode/1/filter/Resize,Jpeg/jpeg_q/70/resize_w/1400",news.trust.org,English,United States,Turkey
http://news.trust.org/item/20180802052204-htxgm,http://mercury.postlight.com/amp?url=http://news.trust.org/item/20180802052204-htxgm/,Turkey - Factors to Watch on August 2,20180802T063000Z,"https://d2sh4fq2xsdeg9.cloudfront.net/contentAsset/image/97d085a3-3a17-40e2-bca6-092b8f3cee1b/image/byInode/1/filter/Resize,Jpeg/jpeg_q/70/resize_w/1400",news.trust.org,English,United States,Turkey
http://www.dailymail.co.uk/wires/reuters/article-6018081/Turkey--Factors-Watch-August-2.html,http://www.dailymail.co.uk/wires/reuters/article-6018081/amp/Turkey--Factors-Watch-August-2.html,Turkey - Factors to Watch on August 2,20180802T183000Z,,dailymail.co.uk,English,United Kingdom,Turkey
http://www.cpifinancial.net/news/post/45779/fitch-affirms-its-bb-ratings-on-turkey-with-a-negative-outlook,,Fitch affirms its BB ratings on Turkey with a negative outlook | CPI Financial | CPI Financial News,20180715T123000Z,"http://www.cpifinancial.net/files/blog/45779/large/Ankara_Castle_in_Ankara,_capital_city_of_Turkey_Credit_Luciano_Mortula_-_LGM_ss_511212397.jpg",cpifinancial.net,English,United Arab Emirates,Turkey
http://www.cpifinancial.net/news/category/economics/post/45779/fitch-affirms-its-bb-ratings-on-turkey-with-a-negative-outlook,,Fitch affirms its BB ratings on Turkey with a negative outlook | CPI Financial | CPI Financial News,20180715T123000Z,"http://www.cpifinancial.net/files/blog/45779/large/Ankara_Castle_in_Ankara,_capital_city_of_Turkey_Credit_Luciano_Mortula_-_LGM_ss_511212397.jpg",cpifinancial.net,English,United Arab Emirates,Turkey
https://www.msn.com/en-us/finance/markets/the-turkish-lira-plunges-to-a-record-low-after-the-us-announces-sanctions/ar-BBLn8cM,,The Turkish lira plunges to a record low after the US announces sanctions,20180801T193000Z,,msn.com,English,United States,Turkey
https://markets.businessinsider.com/currencies/news/turkish-lira-plunges-to-record-low-after-us-announces-sanctions-2018-8-1027423086,,The Turkish lira plunges to a record low after the US announces sanctions,20180801T184500Z,https://static4.businessinsider.com/image/59556c3aa3630f2c008b6983-2400/ap17136630160946.jpg,markets.businessinsider.com,English,United States,Turkey
https://www.businessinsider.com/turkish-lira-plunges-to-record-low-after-us-announces-sanctions-2018-8,https://amp.businessinsider.com/turkish-lira-plunges-to-record-low-after-us-announces-sanctions-2018-8,Turkish lira plunges to record low after US announces sanctions,20180801T184500Z,https://amp.businessinsider.com/images/5b61f83ab354cdbe318b47a8-2732-1366.jpg,businessinsider.com,English,United States,Turkey
https://www.globalbankingandfinance.com/turkey-needs-to-reinstate-credible-economic-management-framework-to-ensure-credit-rating-says-scope/,,"Turkey needs to reinstate credible economic management framework to ensure credit rating , says Scope",20180717T054500Z,https://mk0globalbankin3xg02.kinstacdn.com/wp-content/uploads/2018/07/gb170718-18.jpg,globalbankingandfinance.com,English,United Kingdom,Turkey
https://www.onenewspage.com/n/Business/1zj9d24whc/Is-Turkey-heading-for-an-economic-crisis.htm,https://m.onenewspage.co.uk/n/Business/1zj9d24whc/Is-Turkey-heading-for-an-economic-crisis.htm,Is Turkey heading for an economic crisis ? ,20180810T140000Z,https://cdn.newsserve.net/700/i/20180809/1-Is-Turkey-heading-for-an-economic-crisis.jpg,onenewspage.com,English,United States,Turkey
https://www.investopedia.com/trading/why-collapse-turkish-lira-matters/,,Why the Collapse of the Turkish Lira Matters,20180810T231500Z,https://i.investopedia.com/inv/genericcontentimages/subchannel/trading/forex-currencies/shutterstock_67023106.jpg,investopedia.com,English,United States,Turkey
https://www.etftrends.com/turkey-etf-plummets-on-mounting-lira-concerns/,https://www.etftrends.com/turkey-etf-plummets-on-mounting-lira-concerns/amp/,Turkey ETF Plummets on Mounting Lira Concerns,20180806T213000Z,https://d3hd9t0fnb52go.cloudfront.net/wp-content/uploads/2018/08/Turkey-ETF-Plummets-on-Mounting-Lira-Concerns.jpg,etftrends.com,English,China,Turkey
http://www.xinhuanet.com/english/2018-08/03/c_137364670.htm,,Feature : Turkish small business owners alarmed by currency rapid decline - Xinhua,20180802T201500Z,,xinhuanet.com,English,China,Turkey
https://www.gurufocus.com/news/711040/turkcell-is-a-foreign-telecom-worth-owning,,"Jul 23 , 2018 - Turkcell Is a Foreign Telecom Worth Owning",20180723T160000Z,,gurufocus.com,English,United States,Turkey
https://www.express.co.uk/news/world/1001880/turkey-lira-crisis-erdogan-donald-trump-tariffs-steel-dollar-value,https://www.express.co.uk/news/world/1001880/turkey-lira-crisis-erdogan-donald-trump-tariffs-steel-dollar-value/amp,"Turkey lira crisis : Erdogan MOCKS Trump -  US has dollars , we have GOD  | World | News",20180810T173000Z,https://cdn.images.express.co.uk/img/dynamic/78/750x445/1001880.jpg,express.co.uk,English,United Kingdom,Turkey
https://www.thenational.ae/business/economy/turkey-shock-interest-hold-sees-lira-plummet-as-banks-suffer-1.753548,https://amp.thenational.ae/business/economy/turkey-shock-interest-hold-sees-lira-plummet-as-banks-suffer-1.753548,Turkey shock interest hold sees lira plummet as banks suffer,20180724T150000Z,https://www.thenational.ae/image/policy:1.753547:1532434750/image.jpg?a=191%3A100&q=0.6&$p$a$q$w=e3c1d56,thenational.ae,English,United Arab Emirates,Turkey
https://www.onenewspage.com/n/Front+Page/1zj9d25ifa/Trump-says-he-is-doubling-steel-and-aluminum.htm,https://m.onenewspage.com/n/Front+Page/1zj9d25ifa/Trump-says-he-is-doubling-steel-and-aluminum.htm,"Trump says he is doubling steel and aluminum tariffs  with respect to Turkey , causing Turkish currency to fall further",20180810T164500Z,https://cdn.newsserve.net/700/t/20180810/e6b55bfda74fa211e62f1026f5a8b6ea.jpg,onenewspage.com,English,United States,Turkey
https://www.theblaze.com/news/2018/08/10/trump-hits-turkey-with-even-more-tariffs-as-turkish-currency-continues-to-drop,/news/2018/08/10/trump-hits-turkey-with-even-more-tariffs-as-turkish-currency-continues-to-drop/amp,Trump hits Turkey with even more tariffs as Turkish currency continues to drop,20180811T011500Z,https://www.theblaze.com/wp-content/uploads/2018/08/gettyimages-1012898804-1280x720.jpg,theblaze.com,English,United States,Turkey
https://www.thenational.ae/world/europe/donald-trump-doubles-metal-tariffs-on-turkey-as-lira-tumbles-to-record-low-1.758695,https://amp.thenational.ae/world/europe/donald-trump-doubles-metal-tariffs-on-turkey-as-lira-tumbles-to-record-low-1.758695,Donald Trump doubles metal tariffs on Turkey as lira tumbles to record low,20180810T141500Z,https://www.thenational.ae/image/policy:1.758692:1533907984/image.jpg?a=191%3A100&q=0.6&$p$a$q$w=e3c1d56,thenational.ae,English,United Arab Emirates,Turkey
https://www.express.co.uk/news/world/1001640/turkey-lira-euro-dollar-russia-rouble-Erdogan-donald-trump-EU,https://www.express.co.uk/news/world/1001640/turkey-lira-euro-dollar-russia-rouble-Erdogan-donald-trump-EU/amp,"Turkey to trigger EUROPEAN financial crisis as Lira hits TERRIFYING LOW , ECB gives warning",20180810T091500Z,https://cdn.images.express.co.uk/img/dynamic/78/750x445/1001640.jpg,express.co.uk,English,United Kingdom,Turkey
https://www.telegraph.co.uk/business/2018/08/10/turkish-lira-plunges-president-erdogan-tells-citizens-sell-foreign/,https://www.telegraph.co.uk/business/2018/08/10/turkish-lira-plunges-president-erdogan-tells-citizens-sell-foreign/amp/,Turkish lira plunges as President Erdogan tells citizens to sell foreign currency amid  economic war  ,20180810T133000Z,https://www.telegraph.co.uk/content/dam/news/2018/06/25/TELEMMGLPICT000167477718-xlarge_trans_NvBQzQNjv4Bq-b8lvYeT7ebSRCv1_WuiyZxyMIXv-_LrUI31icGh_SI.jpeg,telegraph.co.uk,English,United Kingdom,Turkey
https://www.thehour.com/technology/businessinsider/article/The-Turkish-lira-is-plunging-after-an-emergency-12940472.php,,The Turkish lira plunges to a record low after the US announces sanctions,20180801T203000Z,https://www.thehour.com/img/pages/article/opengraph_default.jpg,thehour.com,English,United States,Turkey
https://www.zerohedge.com/news/2018-08-07/goldman-warns-turkish-banks-will-be-wiped-out-if-lira-hits-71,,Goldman Warns Turkish Banks Will Be Wiped Out If Lira Hits 7 . 1,20180807T154500Z,https://www.zerohedge.com/sites/default/files/2018-08/2018-08-07_5-55-58.jpg,zerohedge.com,English,United States,Turkey
https://www.express.co.uk/travel/articles/1001604/turkey-holidays-cheap-2018-antalya-exchange-rate-lira,https://www.express.co.uk/travel/articles/1001604/turkey-holidays-cheap-2018-antalya-exchange-rate-lira/amp,Turkey holidays : Book your cheap trip now as lira hits record low against pound | Travel News | Travel,20180810T074500Z,https://cdn.images.express.co.uk/img/dynamic/25/750x445/1001604.jpg,express.co.uk,English,United Kingdom,Turkey
http://www.digitaljournal.com/news/world/turkey-lira-slumps-to-record-lows-over-us-sanctions/article/528516,,Turkey lira slumps to record lows over US sanctions,20180801T213000Z,http://www.digitaljournal.com/img/1/0/4/8/0/9/3/i/3/9/3/p-large/9477f6fca4608b13d2b2d0ea0f80b79081df8d38_1.jpg,digitaljournal.com,English,United States,Turkey
http://www.france24.com/en/20180801-turkey-lira-slumps-record-lows-over-us-sanctions,http://m.france24.com/en/20180801-turkey-lira-slumps-record-lows-over-us-sanctions,Flash - Turkey lira slumps to record lows over US sanctions,20180801T221500Z,http://scd.france24.com/en/files/imagecache/home_1024/images/afp/31dbaf023f0fd44a273cc8d3ab54def549820192_1.jpg,france24.com,English,France,Turkey
https://en.dailypakistan.com.pk/world/turkish-lira-slumps-to-record-lows-after-us-sanctions/,,Turkish Lira slumps to record lows after US sanctions – Daily Pakistan,20180802T080000Z,,en.dailypakistan.com.pk,English,Pakistan,Turkey
https://www.siasat.com/news/turkey-lira-slumps-record-lows-over-us-sanctions-1387768/,https://www.siasat.com/news/turkey-lira-slumps-record-lows-over-us-sanctions-1387768/amp/,Turkey lira slumps to record lows over US sanctions – The Siasat Daily,20180802T234500Z,https://i0.wp.com/www.siasat.com/wp-content/uploads/2018/08/Lira-Dollar.jpg?fit=645%2C344&ssl=1,siasat.com,English,India,Turkey
https://www.express.co.uk/news/world/1002101/turkey-lira-crisis-donald-trump-steel-sanctions-twitter-erdogan,https://www.express.co.uk/news/world/1002101/turkey-lira-crisis-donald-trump-steel-sanctions-twitter-erdogan/amp,Turkey makes desperate plea to nation to fight AGAINST Trump as lira plummets,20180811T114500Z,https://cdn.images.express.co.uk/img/dynamic/78/750x445/1002101.jpg,express.co.uk,English,United Kingdom,Turkey
http://www.naharnet.com/stories/en/248832-turkey-central-bank-keeps-key-rate-unchanged-lira-slumps,,"Turkey Central Bank Keeps Key Rate Unchanged , Lira Slumps",20180724T134500Z,http://images0.naharnet.com/images/213728/w140.jpg,naharnet.com,English,Syria,Turkey
https://www.ajot.com/news/turkeys-fragile-economy-faces-new-risk-in-u.s-sanctions-threat,,Turkey fragile economy faces new risk in US sanctions threat,20180727T200000Z,https://www.ajot.com/images/uploads/article/_large/Flag-map_of_Turkey.jpg,ajot.com,English,United States,Turkey
https://www.actionforex.com/contributors/technical-analysis/118355-usdtry-outlook-break-above-psychological-5-00-barrier-could-extend-towards-5-20-zone-on-weak-turkeys-cpi-data/,https://www.actionforex.com/contributors/technical-analysis/118355-usdtry-outlook-break-above-psychological-5-00-barrier-could-extend-towards-5-20-zone-on-weak-turkeys-cpi-data/amp/,USDTRY Outlook : Break Above Psychological 5 . 00 Barrier Could Extend Towards 5 . 20 Zone On Weak Turkey CPI Data,20180802T100000Z,https://www.actionforex.com/wp-content/uploads/tag-images/usd5.jpg,actionforex.com,English,United Kingdom,Turkey
https://www.business-standard.com/article/pti-stories/turkey-lira-crashes-as-trump-piles-on-pressure-118081001457_1.html,https://wap.business-standard.com/article-amp/pti-stories/turkey-lira-crashes-as-trump-piles-on-pressure-118081001457_1.html,Turkey lira crashes as Trump piles on pressure,20180810T174500Z,https://bsmedia.business-standard.com/_media/bs/img/common/no_preview.jpg,business-standard.com,English,India,Turkey
https://www.bloomberg.com/news/articles/2018-08-02/turkey-traders-balk-at-u-s-sanctions-as-threats-become-reality,https://www.bloomberg.com/amp/news/articles/2018-08-02/turkey-traders-balk-at-u-s-sanctions-as-threats-become-reality,Turkey Traders Flinch as U . S . Sanctions Threat Becomes Reality,20180802T131500Z,https://assets.bwbx.io/images/users/iqjWHBFdfxIU/ixn8Z_YQ4Iao/v0/1200x800.jpg,bloomberg.com,English,United States,Turkey
https://www.aa.com.tr/en/economy/turkeys-borsa-istanbul-up-at-open/1212005,,Turkey Borsa Istanbul up at open,20180724T100000Z,https://cdnuploads.aa.com.tr/uploads/Contents/2018/07/24/thumbs_b_c_f3d09c7fdaf7bb063c725016cc9b163f.jpg?v=100844,aa.com.tr,English,Turkey,Turkey
http://bianet.org/english/politics/199451-central-bank-does-not-increase-interest-rate-market-reacts-negatively,,Central Bank Does Not Increase Interest Rate ; Market Reacts Negatively,20180724T151500Z,http://www.bianet.org/system/uploads/1/articles/main_image/000/199/451/medium/merkez_bankas%C4%B1-132.jpg,bianet.org,English,Turkey,Turkey
https://cyprus-mail.com/2018/08/02/turkish-lira-skids-past-5-to-the-dollar-on-u-s-sanctions-news-v/,,Turkish lira skids past 5 to the dollar on U . S . sanctions news [ V ] ,20180802T091500Z,https://cyprus-mail.com/wp-content/uploads/2018/08/SOYLU.jpg,cyprus-mail.com,English,Cyprus,Turkey
https://m.gulfnews.com/news/mena/turkish-lira-slides-to-record-low-on-us-sanctions-news-1.2260596,,Turkish lira slides to record low on US sanctions news,20180802T083000Z,,m.gulfnews.com,English,United Arab Emirates,Turkey
http://www.theedgemarkets.com/article/turkish-lira-skids-past-5-dollar-us-sanctions-news,,Turkish lira skids past 5 to the dollar on US sanctions news,20180802T083000Z,https://assets.theedgemarkets.com/turkey-lira_20180802155606_reuters.jpg?null,theedgemarkets.com,English,Malaysia,Turkey
http://english.ahram.org.eg/NewsContent/2/8/308918/World/Region/Turkish-lira-skids-past--to-the-dollar-on-US-sanct.aspx,,Turkish lira skids past 5 to the dollar on US sanctions news - Region - World,20180802T084500Z,,english.ahram.org.eg,English,Egypt,Turkey
http://therightscoop.com/breaking-trump-announced-he-just-doubled-major-tariffs-on-turkey/,,BREAKING : Trump announced he just doubled major tariffs on Turkey ! [ UPDATED ] ,20180810T134500Z,https://i0.wp.com/therightscoop.com/wp-content/uploads/2018/08/trump_erdogan_flip.jpg?fit=800%2C387,therightscoop.com,English,United States,Turkey
https://www.politico.com/story/2018/08/10/trump-turkey-tariffs-erdogan-lira-771306,,Trump slaps steeper tariffs on Turkey after currency freefall,20180810T140000Z,https://static.politico.com/bf/ed/1f079b284ecaa1f6c7a93e9c807e/180810-donald-trump.jpg,politico.com,English,United States,Turkey
https://seekingalpha.com/news/3372762-turkey-lira-plunge-central-bank-fails-hike-rates,https://seekingalpha.com/amp/news/3372762-turkey-lira-plunge-central-bank-fails-hike-rates,Turkey / lira plunge after central bank fails to hike rates,20180724T123000Z,https://static3.seekingalpha.com/assets/og_image_192-59bfd51c9fe6af025b2f9f96c807e46f8e2f06c5ae787b15bf1423e6c676d4db.png,seekingalpha.com,English,United States,Turkey
http://www.france24.com/en/20180810-turkey-curency-lira-plunge-erdogan-trump-twitter-tariffs,http://m.france24.com/en/20180810-turkey-curency-lira-plunge-erdogan-trump-twitter-tariffs,"Turkish lira plunges as Erdogan speaks , Trump tweets on tariffs",20180810T143000Z,http://scd.france24.com/en/files/imagecache/home_1024/article/image/erdogan-m_21.jpg,france24.com,English,France,Turkey
https://www.breitbart.com/national-security/2018/08/02/turkish-currency-falls-us-sanctions/,https://www.breitbart.com/national-security/2018/08/02/turkish-currency-falls-us-sanctions/amp/,Turkish Currency Falls Following U . S . Religious Freedom Sanctions,20180803T014500Z,https://media.breitbart.com/media/2018/08/turkey-lira-turkish-currency-Getty.jpg,breitbart.com,English,United States,Turkey
https://news.am/eng/news/464622.html,,US prepares list of Turkey enterprises and individuals who may be sanctioned,20180801T200000Z,https://news.am/img/news/46/46/22/default.jpg,news.am,English,Armenia,Turkey
http://www.xinhuanet.com/english/2018-08/10/c_137381467.htm,,Turkish lira hits record low against USD - Xinhua,20180811T014500Z,,xinhuanet.com,English,China,Turkey
https://uk.reuters.com/article/turkey-currency/update-4-turkish-lira-skids-past-5-to-dollar-and-stocks-drop-on-us-sanctions-move-idUKL5N1UT1G0,https://uk.mobile.reuters.com/article/amp/idUKL5N1UT1G0,UPDATE 4 - Turkish lira skids past 5 to dollar and stocks drop on U . S . sanctions move,20180802T180000Z,https://s4.reutersmedia.net/resources_v2/images/rcom-default.png,uk.reuters.com,English,United States,Turkey
https://uk.reuters.com/article/turkey-currency/update-4-turkish-lira-skids-past-5-to-dollar-and-stocks-drop-on-u-s-sanctions-move-idUKL5N1UT1G0,https://uk.mobile.reuters.com/article/amp/idUKL5N1UT1G0,UPDATE 4 - Turkish lira skids past 5 to dollar and stocks drop on U . S . sanctions move,20180802T180000Z,https://s4.reutersmedia.net/resources_v2/images/rcom-default.png,uk.reuters.com,English,United States,Turkey
http://news.trust.org/item/20180802114846-mj14g,http://mercury.postlight.com/amp?url=http://news.trust.org/item/20180802114846-mj14g/,Turkish lira skids past 5 to dollar and stocks drop on U . S . ... ,20180802T121500Z,"https://d2sh4fq2xsdeg9.cloudfront.net/contentAsset/image/9687bd96-27c3-427d-83e8-7b5b331c95a2/image/byInode/1/filter/Resize,Jpeg/jpeg_q/70/resize_w/1400",news.trust.org,English,United States,Turkey
https://www.reuters.com/article/turkey-currency/update-4-turkish-lira-skids-past-5-to-dollar-and-stocks-drop-on-us-sanctions-move-idUSL5N1UT1G0,https://mobile.reuters.com/article/amp/idUSL5N1UT1G0,UPDATE 4 - Turkish lira skids past 5 to dollar and stocks drop on U . S . sanctions move,20180802T133000Z,https://s4.reutersmedia.net/resources_v2/images/rcom-default.png,reuters.com,English,United States,Turkey
https://www.reuters.com/article/turkey-currency/update-4-turkish-lira-skids-past-5-to-dollar-and-stocks-drop-on-u-s-sanctions-move-idUSL5N1UT1G0,https://mobile.reuters.com/article/amp/idUSL5N1UT1G0,UPDATE 4 - Turkish lira skids past 5 to dollar and stocks drop on U . S . sanctions move,20180802T214500Z,https://s4.reutersmedia.net/resources_v2/images/rcom-default.png,reuters.com,English,United States,Turkey
http://www.haaretzdaily.com/bricts-turkey-is-getting-off-the-us-reservation/,,BRICTS : Turkey Is Getting Off The US Reservation,20180731T124500Z,,haaretzdaily.com,English,Israel,Turkey
http://www.gulf-times.com/story/599448/Turkey-to-prioritise-fight-against-inflation-rebal,,"  Turkey to prioritise fight against inflation , rebalancing economy  ",20180713T214500Z,http://img.gulf-times.com/Content/Upload/Slider/7201813234947221421030.jpg,gulf-times.com,English,Qatar,Turkey
https://www.bloomberg.com/view/articles/2018-08-10/erdogan-answers-lira-s-pleas-with-an-ottoman-slap,,Erdogan Answers Lira Pleas With an Ottoman Slap,20180810T144500Z,https://assets.bwbx.io/images/users/iqjWHBFdfxIU/iu5N0.TQhRsU/v2/1200x800.jpg,bloomberg.com,English,United States,Turkey
http://www.xinhuanet.com/english/2018-08/03/c_137364581.htm,,Feature : Turkish small business owners alarmed by currency rapid decline - Xinhua,20180803T020000Z,,xinhuanet.com,English,China,Turkey
https://www.express.co.uk/travel/articles/1000238/Turkey-holidays-tourism-lira-pound-currency-exchange,https://www.express.co.uk/travel/articles/1000238/Turkey-holidays-tourism-lira-pound-currency-exchange/amp,Turkey holidays : Tourism surges as lira reaches all - time low against pound,20180807T180000Z,https://cdn.images.express.co.uk/img/dynamic/25/750x445/1000238.jpg,express.co.uk,English,United Kingdom,Turkey
https://www.reuters.com/article/us-turkey-cenbank-inflation/turkeys-central-bank-hikes-inflation-view-defends-independence-idUSKBN1KL12H,https://mobile.reuters.com/article/amp/idUSKBN1KL12H,"Turkey central bank hikes inflation view , defends independence",20180731T100000Z,https://s4.reutersmedia.net/resources/r/?m=02&d=20180731&t=2&i=1288673527&r=LYNXMPEE6U0IS,reuters.com,English,United States,Turkey
https://www.reuters.com/article/us-turkey-cenbank-inflation/turkeys-cenbank-sharply-raises-2018-inflation-forecast-to-134-percent-idUSKBN1KL12H,https://mobile.reuters.com/article/amp/idUSKBN1KL12H,"Turkey central bank hikes inflation view , defends independence",20180731T104500Z,https://s4.reutersmedia.net/resources/r/?m=02&d=20180731&t=2&i=1288673527&r=LYNXMPEE6U0IS,reuters.com,English,United States,Turkey
https://in.reuters.com/article/us-turkey-cenbank-inflation/turkeys-central-bank-hikes-inflation-view-defends-independence-idINKBN1KL12H,https://in.mobile.reuters.com/article/amp/idINKBN1KL12H,"Turkey central bank hikes inflation view , defends independence",20180731T101500Z,https://s4.reutersmedia.net/resources/r/?m=02&d=20180731&t=2&i=1288673527&r=LYNXMPEE6U0IS,in.reuters.com,English,United States,Turkey
https://uk.reuters.com/article/us-turkey-cenbank-inflation/turkeys-cenbank-sharply-raises-2018-inflation-forecast-to-134-percent-idUKKBN1KL12H,https://uk.mobile.reuters.com/article/amp/idUKKBN1KL12H,"Turkey central bank hikes inflation view , defends independence",20180731T130000Z,https://s4.reutersmedia.net/resources/r/?m=02&d=20180731&t=2&i=1288673527&r=LYNXMPEE6U0IS,uk.reuters.com,English,United States,Turkey
https://www.reuters.com/article/us-turkey-cenbank-inflation/turkeys-cenbank-sharply-raises-2018-inflation-forecast-to-13-4-percent-idUSKBN1KL12H,https://mobile.reuters.com/article/amp/idUSKBN1KL12H,"Turkey central bank hikes inflation view , defends independence",20180731T104500Z,https://s4.reutersmedia.net/resources/r/?m=02&d=20180731&t=2&i=1288673527&r=LYNXMPEE6U0IS,reuters.com,English,United States,Turkey
https://in.reuters.com/article/us-turkey-cenbank-inflation/turkeys-cenbank-sharply-raises-2018-inflation-forecast-to-134-percent-idINKBN1KL12H,https://in.mobile.reuters.com/article/amp/idINKBN1KL12H,"Turkey central bank hikes inflation view , defends independence",20180731T104500Z,https://s4.reutersmedia.net/resources/r/?m=02&d=20180731&t=2&i=1288673527&r=LYNXMPEE6U0IS,in.reuters.com,English,United States,Turkey
https://www.msn.com/en-us/finance/markets/turkeys-central-bank-hikes-inflation-view-defends-independence/ar-BBLixkA,,"Turkey central bank hikes inflation view , defends independence",20180731T154500Z,,msn.com,English,United States,Turkey
https://www.nytimes.com/aponline/2018/07/24/world/europe/ap-eu-turkey-economy.html,,Turkish Central Bank Move Raises Questions Over Independence,20180724T121500Z,,nytimes.com,English,United States,Turkey
http://www.jordantimes.com/opinion/fares-hammoudeh/turkeys-economy-facing-%E2%80%98sudden-stop%E2%80%99,,Is Turkey economy facing a  sudden stop ? ,20180721T223000Z,,jordantimes.com,English,Jordan,Turkey
http://jordantimes.com/opinion/fares-hammoudeh/turkeys-economy-facing-%E2%80%98sudden-stop%E2%80%99,,Is Turkey economy facing a  sudden stop ? ,20180721T224500Z,,jordantimes.com,English,Jordan,Turkey
https://www.bloombergquint.com/global-economics/2018/08/06/turkey-crisis-deepens-as-sanctions-threat-sends-lira-to-new-low,/global-economics/2018/08/06/turkey-crisis-deepens-as-sanctions-threat-sends-lira-to-new-low.amp,Turkey Crisis Deepens as Sanctions Threat Sends Lira to Low,20180807T043000Z,https://images.assettype.com/null?&auto=format%2Ccompress,bloombergquint.com,English,India,Turkey
http://www.tornosnews.gr/en/tourism-businesses/hotels/31950-media-report-greek-hotels-slash-rates-as-turkey-booms.html,,Tornos News,20180713T133000Z,http://www.tornosnews.gr/en/files/ISS_40_Greece_and_Turkey_Bookings_for_Greece_by_the_largest_German_tour_operators_for_this_month_and_next_may_have_recorded_an_a_271042206.jpg,tornosnews.gr,English,Greece,Turkey
https://www.actionforex.com/contributors/fundamental-analysis/115555-eur-treads-water-cbt-to-liftrates/,https://www.actionforex.com/contributors/fundamental-analysis/115555-eur-treads-water-cbt-to-liftrates/amp/,"EUR Treads Water , CBT To Liftrates",20180724T104500Z,https://www.actionforex.com/wp-content/uploads/tag-images/eu.jpg,actionforex.com,English,United Kingdom,Turkey
https://www.bloomberg.com/view/articles/2018-07-24/turkey-won-t-fool-investors-twice-on-rates,https://www.bloomberg.com/amp/view/articles/2018-07-24/turkey-won-t-fool-investors-twice-on-rates,Turkey Wont Fool Investors Twice on Rates,20180724T143000Z,https://assets.bwbx.io/images/users/iqjWHBFdfxIU/iVl1Ybx.dxOA/v1/1200x767.jpg,bloomberg.com,English,United States,Turkey
https://www.siasat.com/news/if-they-have-dollar-we-have-our-allah-erdogan-1391179/,https://www.siasat.com/news/if-they-have-dollar-we-have-our-allah-erdogan-1391179/amp/,"  If they have dollar , we have our Allah : Erdogan – The Siasat Daily",20180811T130000Z,https://i0.wp.com/www.siasat.com/wp-content/uploads/2017/11/Erdogan_afp.jpg?fit=609%2C343&ssl=1,siasat.com,English,India,Turkey
https://news.az/articles/world/132893,,News . Az - US dollar rate exceeds 5 . 7 liras in Turkey,20180810T104500Z,https://news.az/uploads/W1siZiIsIjIwMTgvMDgvMTAvMTAvNDUvNTcvNjMyMDI3ZjAtNWVjYy00MDZkLWFhNzgtZDljZTRkODVhMWVhL2ltYWdlLmpwZyJdLFsicCIsInRodW1iIiwiMzYweDI3MCMiXV0?sha=f1be9d7d8a79a67e,news.az,English,Azerbaijan,Turkey
https://www.swfinstitute.org/swf-news/qatar-investment-authority-increases-stake-in-credit-suisse/,,Qatar Investment Authority Increases Stake in Credit Suisse,20180811T164500Z,https://www.swfinstitute.org/wp-content/uploads/2017/11/doha1.png,swfinstitute.org,English,United States,Turkey
https://geopoliticalfutures.com/lira-plummeted-turkeys-fault-1/,,"The Lira Has Plummeted , and It Turkey Fault - Geopolitical Futures",20180810T194500Z,https://geopoliticalfutures.com/wp-content/uploads/2018/08/decline-of-currencies.png,geopoliticalfutures.com,English,Russia,Turkey
http://authorheather.com/2018/08/11/trump-doubles-tariffs-on-turkey-sending-lira-crashing.html,,"Trump doubles tariffs on Turkey , sending lira crashing",20180811T074500Z,,authorheather.com,English,United States,Turkey
https://www.bloomberg.com/news/articles/2018-07-24/lira-plunges-as-central-bank-unexpectedly-keeps-rates-unchanged,https://www.bloomberg.com/amp/news/articles/2018-07-24/lira-plunges-as-central-bank-unexpectedly-keeps-rates-unchanged,Lira Plunges After Turkish Central Bank Unexpectedly Holds Rates,20180724T120000Z,https://assets.bwbx.io/images/users/iqjWHBFdfxIU/ipRlQBx3WDK4/v0/1200x800.jpg,bloomberg.com,English,United States,Turkey
http://technoblizt.com/2018/08/turkey-says-usa-sanctions-unacceptable-have-limited/,,"Turkey says united states sanctions unacceptable , have limited economic impact",20180803T150000Z,,technoblizt.com,English,United States,Turkey
https://www.bloomberg.com/news/articles/2018-07-31/turkey-banks-want-faster-loan-restructuring-as-lira-plunge-bites,https://www.bloomberg.com/amp/news/articles/2018-07-31/turkey-banks-want-faster-loan-restructuring-as-lira-plunge-bites,Turkey Banks Want Faster Loan Restructuring as Lira Plunge Bites,20180731T220000Z,https://assets.bwbx.io/images/users/iqjWHBFdfxIU/ioe4dJX7xL9Y/v0/1200x900.jpg,bloomberg.com,English,United States,Turkey
https://www.bloombergquint.com/business/2018/07/31/turkey-banks-want-faster-loan-restructuring-as-lira-plunge-bites,/business/2018/07/31/turkey-banks-want-faster-loan-restructuring-as-lira-plunge-bites.amp,Turkey Banks Want Faster Loan Restructuring as Lira Plunge Bites,20180801T010000Z,https://fea.assettype.com/bloombergquint/assets/static/bq_1200x630_black-6867abadeb970f9954da9a6c3895c21ee8cbe46751cd04a78ed2e8f761da4905.png,bloombergquint.com,English,India,Turkey
https://www.marketwatch.com/story/3-reasons-why-the-selloff-in-turkeys-lira-matters-to-global-markets-2018-08-10,https://www.marketwatch.com/amp/story/guid/FBAF9CBE-9CA4-11E8-A46C-BBDE1A6795F5,3 reasons why the selloff in Turkey lira matters to global markets,20180810T170000Z,http://s.marketwatch.com/public/resources/MWimages/MW-GM965_USDTRY_ZG_20180723114103.jpg,marketwatch.com,English,United States,Turkey
https://www.indiatoday.in/pti-feed/story/turkey-lira-crashes-as-trump-piles-on-pressure-1311506-2018-08-10,https://www.indiatoday.in/amp/pti-feed/story/turkey-lira-crashes-as-trump-piles-on-pressure-1311506-2018-08-10,Turkey lira crashes as Trump piles on pressure,20180810T184500Z,https://akm-img-a-in.tosshub.com/indiatoday/news-update.jpg?h5eVtUEA2JOyiP3VQ8VfVy0vnEmFvlso,indiatoday.in,English,India,Turkey
https://theiranproject.com/blog/2018/07/30/iranian-turkish-banks-to-use-national-currencies-in-bilateral-trade-official/,,"Iranian , Turkish banks to use national currencies in bilateral trade : Official",20180730T120000Z,,theiranproject.com,English,Iran,Turkey
http://vigorousnow.com/2018/08/11/as-us-and-turkey-break-up-experts-warn-of-unsafe/,,"As US and Turkey break up , experts warn of unsafe ramifications",20180811T031500Z,,vigorousnow.com,English,United States,Turkey
https://www.express.co.uk/news/world/1001873/turkey-lira-crisis-Erdogan-speech-Donald-Trump-sell-off-steel-turkey-economic-crisis,https://www.express.co.uk/news/world/1001873/turkey-lira-crisis-Erdogan-speech-Donald-Trump-sell-off-steel-turkey-economic-crisis/amp,Turkey Lira crisis EXPLAINED : Why Turkey Lira value falling - Will it lead to global crash ? | World | News,20180810T173000Z,https://cdn.images.express.co.uk/img/dynamic/78/750x445/1001873.jpg,express.co.uk,English,United Kingdom,Turkey
http://eslforkids.net/2018/08/11/erdogan-says-attempts-to-exert-economic-pressure-on-turkey/,,Erdogan says attempts to exert economic pressure on Turkey futile,20180811T073000Z,,eslforkids.net,English,United States,Turkey
http://www.4-traders.com/news/Turkey-Needs-Foreign-Funds-as-Short-Term-Debt-Looms--27046166/,http://www.4-traders.com/amp/news/Turkey-Needs-Foreign-Funds-as-Short-Term-Debt-Looms--27046166/,Turkey Needs Foreign Funds as Short - Term Debt Looms,20180802T153000Z,,4-traders.com,English,United States,Turkey
https://www.hellenicshippingnews.com/turkey-needs-foreign-funds-as-short-term-debt-looms/,,Turkey Needs Foreign Funds as Short - Term Debt Looms | Hellenic Shipping News Worldwide,20180803T140000Z,,hellenicshippingnews.com,English,China,Turkey
https://uk.reuters.com/article/turkey-currency-idUKL5N1UT1G0,https://uk.mobile.reuters.com/article/amp/idUKL5N1UT1G0,UPDATE 2 - Turkish lira skids past 5 to the dollar on U . S . sanctions news,20180802T091500Z,https://s4.reutersmedia.net/resources_v2/images/rcom-default.png,uk.reuters.com,English,United States,Turkey
https://www.reuters.com/article/turkey-currency/update-2-turkish-lira-skids-past-5-to-the-dollar-on-us-sanctions-news-idUSL5N1UT1G0,https://mobile.reuters.com/article/amp/idUSL5N1UT1G0,UPDATE 2 - Turkish lira skids past 5 to the dollar on U . S . sanctions news,20180802T090000Z,https://s4.reutersmedia.net/resources_v2/images/rcom-default.png,reuters.com,English,United States,Turkey
http://revolutionradio.org/2018/08/10/they-have-their-dollar-we-have-allah-erdogan-claims-currency-crisis-is-a-national-battle-against-turkeys-economic-enemies-as-the-lira-hits-a-record-low-against-the-dollar/,,"  They have their dollar , we have Allah : Erdogan claims currency crisis is a  national battle  against Turkey  economic enemie as the lira hits a record low against the dollar",20180810T191500Z,,revolutionradio.org,English,United States,Turkey
http://www.cityam.com/290593/trump-doubles-steel-and-aluminium-tariffs-turkey-lira,http://www.cityam.com/290593/trump-doubles-steel-and-aluminium-tariffs-turkey-lira/amp,President Donald Trump doubles tariffs on Turkish steel and aluminium as lira continues nosedive,20180810T163000Z,http://www.cityam.com/assets/uploads/main-image/full_width_article_body_image/donald-trump-holds-campaign-rally-in-dallas-488226322-5b6d918b1cc74.jpg,cityam.com,English,United Kingdom,Turkey
https://ahvalnews.com/inflation/economic-crisis-eating-away-turkeys-quintessential-snack-simit,,Economic crisis eating away at Turkey quintessential snack : simit,20180726T091500Z,https://ahvalnews.com/sites/default/files/styles/social_image/public/2018-07/simit.jpg?h=ca9be62e&itok=jXpwmRmG,ahvalnews.com,English,Turkey,Turkey
https://www.chron.com/news/world/article/Turkish-central-bank-move-raises-questions-over-13099856.php,https://www.chron.com/news/world/amp/Turkish-central-bank-move-raises-questions-over-13099856.php,Turkish central bank move raises questions over independence,20180724T120000Z,https://www.chron.com/img/pages/article/opengraph_default.jpg,chron.com,English,United States,Turkey
http://www.startribune.com/turkish-central-bank-move-raises-questions-over-independence/488977481/,http://m.startribune.com/turkish-central-bank-move-raises-questions-over-independence/488977481/,Turkish central bank move raises questions over independence,20180724T120000Z,,startribune.com,English,United States,Turkey
https://www.seattletimes.com/business/turkish-central-bank-move-raises-questions-over-independence/,,Turkish central bank move raises questions over independence,20180724T121500Z,https://www.seattletimes.com/wp-content/themes/st_refresh/img/st-meta-facebook.png,seattletimes.com,English,United States,Turkey
http://www.dailymail.co.uk/wires/ap/article-5986255/Turkish-central-bank-raises-questions-independence.html,http://www.dailymail.co.uk/wires/ap/article-5986255/amp/Turkish-central-bank-raises-questions-independence.html,Turkish central bank move raises questions over ... ,20180724T121500Z,,dailymail.co.uk,English,United Kingdom,Turkey
https://nationalpost.com/pmn/news-pmn/turkish-central-bank-move-raises-questions-over-independence,https://nationalpost.com/pmn/news-pmn/turkish-central-bank-move-raises-questions-over-independence/amp,Turkish central bank move raises questions over independence,20180724T121500Z,,nationalpost.com,English,Canada,Turkey
https://www.nzherald.co.nz/world/news/article.cfm?c_id=2&objectid=12094647,,Turkish central bank move raises questions over independence,20180724T124500Z,https://www.nzherald.co.nz/pb/resources/assets/img/fallback-promo-image.png?token=false,nzherald.co.nz,English,New Zealand,Turkey
https://www.nzherald.co.nz/business/news/article.cfm?c_id=3&objectid=12094647,,Turkish central bank move raises questions over independence,20180724T124500Z,https://www.nzherald.co.nz/pb/resources/assets/img/fallback-promo-image.png?token=false,nzherald.co.nz,English,New Zealand,Turkey
https://www.marketscreener.com/DOLLAR-INDEX-5343531/news/CURRENCIES-Dollar-Index-Jumps-To-14-month-High-As-Turkey-s-Lira-Gets-Rocked-To-Historic-Low-27095121/,https://www.marketscreener.com/amp/DOLLAR-INDEX-5343531/news/CURRENCIES-Dollar-Index-Jumps-To-14-month-High-As-Turkey-s-Lira-Gets-Rocked-To-Historic-Low-27095121/,CURRENCIES : Dollar Index Jumps To 14 - month High As Turkey Lira Gets Rocked To Historic Low,20180810T194500Z,https://img.zonebourse.com/reuters/2016-03-13T235923Z_1_LYNXNPEC2C0K0_RTROPTP_2_CBUSINESS-US-GLOBAL-FOREX.JPG,marketscreener.com,English,,Turkey
http://technoblizt.com/2018/07/erdogan-to-attend-brics-summit-in-south-africa-and-meet/,,Erdogan to attend BRICS summit in South Africa and meet with Putin,20180726T160000Z,,technoblizt.com,English,United States,Turkey
https://www.business-standard.com/article/international/us-president-donald-trump-doubles-tariffs-on-steel-aluminum-from-turkey-118081001491_1.html,https://wap.business-standard.com/article-amp/international/us-president-donald-trump-doubles-tariffs-on-steel-aluminum-from-turkey-118081001491_1.html,"US President Donald Trump doubles tariffs on steel , aluminum from Turkey",20180810T191500Z,https://bsmedia.business-standard.com/_media/bs/img/article/2018-07/27/full/1532666836-0762.jpg,business-standard.com,English,India,Turkey
https://www.bloomberg.com/news/articles/2018-07-13/turkey-cut-deeper-into-junk-by-fitch-as-erdogan-tightens-grip,https://www.bloomberg.com/amp/news/articles/2018-07-13/turkey-cut-deeper-into-junk-by-fitch-as-erdogan-tightens-grip,Turkey Cut Deeper Into Junk by Fitch as Erdogan Tightens Grip,20180713T221500Z,https://assets.bwbx.io/images/users/iqjWHBFdfxIU/i6Ns9gWPyne4/v0/1200x800.jpg,bloomberg.com,English,United States,Turkey
https://www.forexlive.com/news/!/turkish-lira-continues-to-fall-reaches-record-low-against-the-dollar-20180809,,"Turkish lira continues to fall , reaches record low against the dollar",20180809T130000Z,https://forexlive.com/Content/forexlive-50.png,forexlive.com,English,Greece,Turkey
https://www.irishexaminer.com/breakingnews/world/trump-turns-heat-up-on-turkey-as-he-authorises-doubling-of-metals-tariffs-861376.html,https://amp.irishexaminer.com/breakingnews/world/trump-turns-heat-up-on-turkey-as-he-authorises-doubling-of-metals-tariffs-861376.html,Trump turns heat up on Turkey as he authorises doubling of metals tariffs,20180810T184500Z,https://www.irishexaminer.com/remote/media.central.ie/media/images/d/donaldTrumpWrySmile_large.jpg?&s=ie-861376,irishexaminer.com,English,Ireland,Turkey
https://www.breakingnews.ie/world/trump-turns-heat-up-on-turkey-as-he-authorises-doubling-of-metals-tariffs-861376.html,https://amp.breakingnews.ie/world/trump-turns-heat-up-on-turkey-as-he-authorises-doubling-of-metals-tariffs-861376.html,Trump turns heat up on Turkey as he authorises doubling of metals tariffs,20180810T140000Z,https://www.breakingnews.ie/remote/media.central.ie/media/images/d/donaldTrumpWrySmile_large.jpg?&s=bn-861376,breakingnews.ie,English,Ireland,Turkey
http://kdow.biz/news/politics/turkeys-currency-nosedives-on-economic-concerns-us-dispute,,"Turkey shaken by financial fears , Trump rattles it further",20180810T191500Z,https://cdn.saleminteractivemedia.com/associated-press/data/photos/2018/222/3ea3dea5-f0e0-4383-9870-b4d78de72a5b.jpg,kdow.biz,English,United States,Turkey
https://www.cryptoglobe.com/latest/2018/08/turkeys-economic-woes-may-lead-to-increased-cryptocurrency-adoption/,https://www.cryptoglobe.com/latest/2018/08/turkeys-economic-woes-may-lead-to-increased-cryptocurrency-adoption/?amp=yes,Turkey Economic Woes May Lead to Increased Cryptocurrency Adoption,20180811T213000Z,https://static.cryptoglobe.com/filer_public_thumbnails/filer_public/d7/1f/d71fd9c9-b432-498e-861d-b0dc31f3edc1/turkey-197137_1280.jpg__1200x800_q85_crop_subsampling-2.jpg,cryptoglobe.com,English,,Turkey
http://nhltradereport.com/2018/08/11/trump-doubles-steel-and-aluminum-tariffs-on-turkey.html,,Trump doubles steel and aluminum tariffs on Turkey,20180811T184500Z,,nhltradereport.com,English,,Turkey
http://www.hurriyetdailynews.com/ebrd-backs-turkish-lira-denominated-debut-bond-issued-by-turkish-retailer-migros-134700,http://www.hurriyetdailynews.com/amp/ebrd-backs-turkish-lira-denominated-debut-bond-issued-by-turkish-retailer-migros-134700,EBRD backs Turkish Lira - denominated debut bond issued by Turkish retailer Migros,20180718T120000Z,,hurriyetdailynews.com,English,Turkey,Turkey
https://www.bignewsnetwork.com/news/257813845/turkish-lira-plummets-amid-deadlock-in-us-talks,,Turkish Lira Plummets Amid Deadlock in US Talks,20180809T221500Z,https://cdn.bignewsnetwork.com/voa1533845111.jpg,bignewsnetwork.com,English,United States,Turkey
http://www.reuters.tv/v/PpaW/2018/08/10/as-lira-plummets-trump-escalates-turkish-feud,,"As lira plummets , Trump escalates Turkish feud",20180811T004500Z,https://ajo.prod.reuters.tv/api/v2/img/5b6d7b15e4b05ce65e865ed1-1533901589714?location=LANDSCAPE,reuters.tv,English,United States,Turkey
http://vestnikkavkaza.net/news/Will-Turkey-and-Iran-start-using-national-currencies-in-bilateral-trade.html,http://vestnikkavkaza.net/amp/114998,Will Turkey and Iran start using national currencies in bilateral trade ? ,20180730T150000Z,http://vestnikkavkaza.net/upload2/2018-07-30/15329591115b5f198706dc18.72763274.jpg,vestnikkavkaza.net,English,Russia,Turkey
https://www.bloomberg.com/news/articles/2018-08-01/lira-falls-as-u-s-sanctions-turkish-government-officials-chart,https://www.bloomberg.com/amp/news/articles/2018-08-01/lira-falls-as-u-s-sanctions-turkish-government-officials-chart,Lira Falls as U . S . Sanctions Turkish Government Officials,20180801T183000Z,https://assets.bwbx.io/images/users/iqjWHBFdfxIU/iCAxDAbgz4zQ/v0/1200x900.jpg,bloomberg.com,English,United States,Turkey
https://www.greekherald.com/news/257819745/trump-doubles-tariffs-on-turkey-after-currency-freefall,,Trump Doubles Tariffs on Turkey after Currency Freefall,20180810T190000Z,https://cdn.bignewsnetwork.com/cli1533911787.jpg,greekherald.com,English,Greece,Turkey
https://www.europesun.com/news/257819745/trump-doubles-tariffs-on-turkey-after-currency-freefall,,Trump Doubles Tariffs on Turkey after Currency Freefall,20180810T221500Z,https://cdn.bignewsnetwork.com/cli1533911787.jpg,europesun.com,English,Russia,Turkey
https://in.reuters.com/article/turkey-ratings-fitch/fitch-downgrades-turkeys-already-junk-rating-outlook-negative-idINFWN1U90KH,https://in.mobile.reuters.com/article/amp/idINFWN1U90KH,"Fitch downgrades Turkey already junk rating , outlook negative",20180713T231500Z,https://s4.reutersmedia.net/resources_v2/images/rcom-default.png,in.reuters.com,English,United States,Turkey
https://www.reuters.com/article/turkey-ratings-fitch/fitch-downgrades-turkeys-already-junk-rating-outlook-negative-idUSFWN1U90KH,https://mobile.reuters.com/article/amp/idUSFWN1U90KH,"Fitch downgrades Turkey already junk rating , outlook negative",20180714T073000Z,https://s4.reutersmedia.net/resources_v2/images/rcom-default.png,reuters.com,English,United States,Turkey
https://toinformistoinfluence.com/2018/08/10/turkeys-meltdown/,https://toinformistoinfluence.com/2018/08/10/turkeys-meltdown/amp/,Turkey Meltdown – To Inform is to Influence,20180810T123000Z,,toinformistoinfluence.com,English,Russia,Turkey
https://aawsat.com/english/home/article/1330116/marcus-ashworth/turkey-becoming-uninvestable,https://aawsat.com/english/home/article/1330116/marcus-ashworth/turkey-becoming-uninvestable?amp,Is Turkey Becoming Uninvestable ? ,20180713T061500Z,https://aawsat.com/sites/default/files/styles/large/public/2018/07/13/marcus.jpg?itok=2ROA88Yg,aawsat.com,English,Syria,Turkey
https://article.wn.com/view/2018/08/11/Turkey_shaken_by_financial_fears_Trump_rattles_it_further_og/,,"Turkey shaken by financial fears , Trump rattles it further",20180811T050000Z,https://cdn4.wn.com/o25/ph/img/02/7a/a51fa16073467083e77db863e9db-grande.jpg,article.wn.com,English,United States,Turkey
https://www.globalsecurity.org/wmd/library/news/turkey/2018/turkey-180810-sputnik03.htm,,Erdogan Vows Turkey  Wont Lose Economic War  After Lira Crash,20180810T233000Z,,globalsecurity.org,English,Syria,Turkey
https://news.antiwar.com/2018/08/10/trump-doubles-tariffs-against-turkey-says-relations-are-not-good/,,"Trump Doubles Tariffs Against Turkey , Says Relations Are  Not Good  ",20180811T031500Z,https://news.antiwar.com/wp-content/uploads/2018/08/066.jpg,news.antiwar.com,English,United States,Turkey
https://www.bloombergquint.com/onweb/2018/08/10/turkish-lira-s-plunge-brings-cost-relief-for-zara-owner-inditex,/onweb/2018/08/10/turkish-lira-s-plunge-brings-cost-relief-for-zara-owner-inditex.amp,Turkish Lira Plunge Brings Cost Relief for Zara Owner Inditex,20180810T140000Z,https://images.assettype.com/?&auto=format%2Ccompress,bloombergquint.com,English,India,Turkey
http://vestnikkavkaza.net/analysis/Turkey-crisis-deepens-as-sanctions-threat-sends-lira-to-low.html,http://vestnikkavkaza.net/amp/115195,Turkey crisis deepens as sanctions threat sends lira to low,20180808T110000Z,http://vestnikkavkaza.net/upload2/2018-08-08/15337117325b6a9574ce6b53.50640691.jpg,vestnikkavkaza.net,English,Russia,Turkey
https://www.thetimes.co.uk/article/turkish-lira-tumbles-to-fresh-low-xpdrt3l77,,Trump tariff on Turkey rattle global markets | Business,20180810T163000Z,http://www.thetimes.co.uk/imageserver/image/methode%2Ftimes%2Fprod%2Fweb%2Fbin%2Fa75bab36-9c71-11e8-be18-9b68e74f878e.jpg?crop=4523%2C2544%2C65%2C495,thetimes.co.uk,English,United Kingdom,Turkey
https://in.reuters.com/article/turkey-currency-property/turkey-rules-property-sales-rental-agreements-must-be-in-lira-idINKCN1LT0G6,https://in.mobile.reuters.com/article/amp/idINKCN1LT0G6,"Turkey rules property sales , rental agreements must be in lira",20180913T084500Z,https://s4.reutersmedia.net/resources/r/?m=02&d=20180913&t=2&i=1303801131&r=LYNXNPEE8C0BT,in.reuters.com,English,United States,Turkey
https://www.moneycontrol.com/news/world/turkey-rules-property-sales-rental-agreements-must-be-in-lira-2948171.html,https://www.moneycontrol.com/news/world/turkey-rules-property-sales-rental-agreements-must-be-in-lira-2948171.html/amp,"Turkey rules property sales , rental agreements must be in lira",20180913T101500Z,https://static-news.moneycontrol.com/static-mcnews/2018/08/turkish-lira-770x433.jpg,moneycontrol.com,English,India,Turkey
https://dailytimes.com.pk/297538/turkey-rules-property-sales-rental-agreements-must-be-in-lira/,https://dailytimes.com.pk/297538/turkey-rules-property-sales-rental-agreements-must-be-in-lira/amp/,"Turkey rules property sales , rental agreements must be in lira",20180913T220000Z,,dailytimes.com.pk,English,Pakistan,Turkey
https://in.reuters.com/article/us-turkey-currency-property/turkey-rules-property-sales-rental-agreements-must-be-in-lira-idINKCN1LT0G2,https://in.mobile.reuters.com/article/amp/idINKCN1LT0G2,"Turkey rules property sales , rental agreements must be in lira",20180913T054500Z,https://s4.reutersmedia.net/resources/r/?m=02&d=20180913&t=2&i=1303796221&r=LYNXNPEE8C0AY,in.reuters.com,English,United States,Turkey
https://www.reuters.com/article/us-turkey-currency-property/turkey-rules-property-sales-rental-agreements-must-be-in-lira-idUSKCN1LT0G2,https://mobile.reuters.com/article/amp/idUSKCN1LT0G2,"Turkey rules property sales , rental agreements must be in lira",20180913T051500Z,https://s4.reutersmedia.net/resources/r/?m=02&d=20180913&t=2&i=1303796221&r=LYNXNPEE8C0AY,reuters.com,English,United States,Turkey
https://www.reuters.com/article/us-turkey-currency-property/turkey-rules-property-sales-rental-agreements-must-be-in-lira-official-gazette-idUSKCN1LT0G2,https://mobile.reuters.com/article/amp/idUSKCN1LT0G2,"Turkey rules property sales , rental agreements must be in lira",20180913T060000Z,https://s4.reutersmedia.net/resources/r/?m=02&d=20180913&t=2&i=1303796221&r=LYNXNPEE8C0AY,reuters.com,English,United States,Turkey
https://in.reuters.com/article/us-turkey-currency-property/turkey-rules-property-sales-rental-agreements-must-be-in-lira-official-gazette-idINKCN1LT0G2,https://in.mobile.reuters.com/article/amp/idINKCN1LT0G2,"Turkey rules property sales , rental agreements must be in lira",20180913T060000Z,https://s4.reutersmedia.net/resources/r/?m=02&d=20180913&t=2&i=1303796221&r=LYNXNPEE8C0AY,in.reuters.com,English,United States,Turkey
"http://www.gdnonline.com/Details/391096/Turkey-rules-property-sales,-rental-agreements-must-be-in-lira",,"World News : Turkey rules property sales , rental agreements must be in lira",20180913T074500Z,http://www.gdnonline.com/gdnimages/20180913%5C20180913_101936_0.jpg,gdnonline.com,English,United States,Turkey
http://www.gdnonline.com/Details/391096,,"World News : Turkey rules property sales , rental agreements must be in lira",20180913T083000Z,http://www.gdnonline.com/gdnimages/20180913%5C20180913_101936_0.jpg,gdnonline.com,English,United States,Turkey
https://www.trtworld.com/turkey/turkey-to-use-lira-in-property-purchases-sales-rents-20193,https://www.trtworld.com/turkey/turkey-to-use-lira-in-property-purchases-sales-rents-20193/amp,"Turkey to use lira in property purchases , sales , rents",20180913T084500Z,https://cdni0.trtworld.com/w480/h270/q75/40612_180900TURISTANBULSKYLINEAP_1536818526928.jpg,trtworld.com,English,Turkey,Turkey
https://www.msn.com/en-us/finance/markets/turkey-rules-property-sales-rental-agreements-must-be-in-lira/ar-BBNgbeh,,"Turkey rules property sales , rental agreements must be in lira",20180913T060000Z,,msn.com,English,United States,Turkey
http://www.talkmarkets.com/content/global-markets/turkey-lira-bulls-and-bears-duke-it-out-on-twitter?post=187377,,Mish Shedlock Blog | Turkey : Lira Bulls And Bears Duke It Out On Twitter,20180820T213000Z,https://imageproxy.themaven.net/https%3A%2F%2Fs3-us-west-2.amazonaws.com%2Fmaven-user-photos%2Fmishtalk%2Feconomics%2FzmfATcSa4EegwR7v_znq6Q%2Fb0qAtuwYWEiJ7Y6IWRELew,talkmarkets.com,English,China,Turkey
http://www.msn.com/en-us/news/msn/the-lira-is-going-wild-after-the-turkish-central-bank-defied-erdogan-and-hiked-interest-rates/ar-BBNgYaV,,The lira is going wild after the Turkish central bank defied Erdogan and hiked interest rates,20180913T120000Z,,msn.com,English,United States,Turkey
https://cyprus-mail.com/2018/09/13/turkey-rules-property-sales-rental-agreements-must-be-in-lira/,,"Turkey rules property sales , rental agreements must be in lira",20180913T064500Z,https://cyprus-mail.com/wp-content/uploads/2018/09/istanbul-houses.jpg,cyprus-mail.com,English,Cyprus,Turkey
https://www.zerohedge.com/news/2018-08-21/turkey-lira-bulls-bears-battle-it-out-twitter,,Turkey : Lira Bulls & Bears Battle It Out On Twitter,20180821T170000Z,https://www.zerohedge.com/sites/default/files/2018-08/https_%252F%252Fs3-us-west-2.amazonaws%20%281%29_0.jpg,zerohedge.com,English,United States,Turkey
http://www.euronews.com/2018/09/13/turkey-rules-property-sales-rental-agreements-must-be-in-lira,,"Turkey rules property sales , rental agreements must be in lira",20180913T121500Z,https://static.euronews.com/articles/wires/04/34/48/44/1000x563_turkey-rules-property-sales-rental-agreements-must-be-in-lira.jpg,euronews.com,English,United States,Turkey
http://www.swissinfo.ch/eng/turkey-rules-property-sales--rental-agreements-must-be-in-lira/44396202,,"Turkey rules property sales , rental agreements must be in lira",20180913T113000Z,http://www.swissinfo.ch/blob/44396204/f15e560d38388a3b0158216c93653718/image_kcn1lt1lx-data.jpg,swissinfo.ch,English,Switzerland,Turkey
https://markets.businessinsider.com/news/stocks/turkish-interest-rates-lira-2018-9-1027531719,https://markets.businessinsider.com/amp/news/turkish-interest-rates-lira-2018-9-1027531719,The lira is going wild after the Turkish central bank defied Erdogan and hiked interest rates,20180913T130000Z,https://static2.businessinsider.com/image/5b71331089c8a130008b52a6-1500/ap16212598431265.jpg,markets.businessinsider.com,English,United States,Turkey
https://af.reuters.com/article/worldNews/idAFKCN1LT1M0,,"Turkey rules property sales , rental agreements must be in lira",20180913T143000Z,https://s3.reutersmedia.net/resources/r/?m=02&d=20180913&t=2&i=1303897955&r=LYNXNPEE8C0YM,af.reuters.com,English,United States,Turkey
https://uk.reuters.com/article/uk-turkey-currency-property/turkey-rules-property-sales-rental-agreements-must-be-in-lira-idUKKCN1LT1M0,https://uk.mobile.reuters.com/article/amp/idUKKCN1LT1M0,"Turkey rules property sales , rental agreements must be in lira",20180913T113000Z,https://s3.reutersmedia.net/resources/r/?m=02&d=20180913&t=2&i=1303897955&r=LYNXNPEE8C0YM,uk.reuters.com,English,United States,Turkey
https://www.express.co.uk/news/world/1007838/Turkey-lira-crisis-erdogan-trump-business-uk-London-latest,https://www.express.co.uk/news/world/1007838/Turkey-lira-crisis-erdogan-trump-business-uk-London-latest/amp,Turkey lira crisis hits BRITAIN as business owners hit with price rises | World | News,20180824T080000Z,https://cdn.images.express.co.uk/img/dynamic/78/750x445/1007838.jpg,express.co.uk,English,United Kingdom,Turkey
https://www.business-standard.com/article/reuters/turkey-rules-property-sales-rental-agreements-must-be-in-lira-118091300165_1.html,https://wap.business-standard.com/article-amp/reuters/turkey-rules-property-sales-rental-agreements-must-be-in-lira-118091300165_1.html,"Turkey rules property sales , rental agreements must be in lira",20180913T060000Z,https://bsmedia.business-standard.com/_media/bs/img/article/default/1180913/full-118091300165.jpg,business-standard.com,English,India,Turkey
http://news.trust.org/item/20180913043936-9ict5,http://mercury.postlight.com/amp?url=http://news.trust.org/item/20180913043936-9ict5/,"Turkey rules property sales , rental agreements must be in ... ",20180913T061500Z,"https://d2sh4fq2xsdeg9.cloudfront.net/contentAsset/image/b5315b48-c63f-4410-8110-a15545509b42/image/byInode/1/filter/Resize,Jpeg/jpeg_q/70/resize_w/1400",news.trust.org,English,United States,Turkey
https://www.businessinsider.com.au/turkish-interest-rates-lira-2018-9,https://www.businessinsider.com.au/turkish-interest-rates-lira-2018-9/amp,The lira is going wild after the Turkish central bank defied Erdogan and hiked interest rates,20180913T121500Z,https://static.businessinsider.com/image/5b71331089c8a130008b52a6-640.jpg,businessinsider.com.au,English,Australia,Turkey
https://lobelog.com/turkish-lira-casts-pall-over-caucasus-and-central-asia/,,Turkish Lira Casts Pall Over Caucasus And Central Asia,20180827T123000Z,https://lobelog.com/wp-content/uploads/erdogan5.jpg,lobelog.com,English,Iran,Turkey
https://www.dailysabah.com/real-estate/2018/09/14/property-purchases-sales-rents-to-be-made-in-lira-as-turkey-puts-end-to-deals-in-foreign-currencies,https://www.dailysabah.com/real-estate/2018/09/14/property-purchases-sales-rents-to-be-made-in-lira-as-turkey-puts-end-to-deals-in-foreign-currencies/amp,"Property purchases , sales , rents to be made in lira as Turkey puts end to deals in foreign currencies",20180913T220000Z,,dailysabah.com,English,Turkey,Turkey
https://dailytimes.com.pk/286438/buy-lira-campaign-launched-to-show-solidarity-with-turkey/,https://dailytimes.com.pk/286438/buy-lira-campaign-launched-to-show-solidarity-with-turkey/amp/,  Buy Lira  campaign launched to show solidarity with Turkey,20180820T144500Z,https://1434697713.rsc.cdn77.org/assets/uploads/2018/08/20/8e43c80a-ccb8-4d21-a0af-c88cc368d4c7.jpg,dailytimes.com.pk,English,Pakistan,Turkey
https://www.express.co.uk/news/world/1005911/turkey-lira-crisis-will-economic-crisis-stop-EU-membership-bid-european-union,https://www.express.co.uk/news/world/1005911/turkey-lira-crisis-will-economic-crisis-stop-EU-membership-bid-european-union/amp,Turkey lira crisis : Will economic crisis in Turkey stop EU membership bid ? ,20180820T160000Z,https://cdn.images.express.co.uk/img/dynamic/78/750x445/1005911.jpg,express.co.uk,English,United Kingdom,Turkey
https://www.babypips.com/news/forex-primer-turkey-lira-20180822,,A Quick Primer On The Turkish Lira Crisis,20180822T113000Z,https://bpcdn.co/images/2018/08/22063004/turkey-lira-flag-780x416.jpg,babypips.com,English,Australia,Turkey
https://www.express.co.uk/news/world/1010180/turkey-lira-crisis-turkey-economy-erdogan,https://www.express.co.uk/news/world/1010180/turkey-lira-crisis-turkey-economy-erdogan/amp,TURKEY LIRA CRISIS : Traders DUMP lira as confidence hits NINE - YEAR LOW | World | News,20180829T163000Z,https://cdn.images.express.co.uk/img/dynamic/78/750x445/1010180.jpg,express.co.uk,English,United Kingdom,Turkey
https://www.express.co.uk/news/world/1007506/turkey-lira-crisis-us-economic-war-donald-trump-erdogan,https://www.express.co.uk/news/world/1007506/turkey-lira-crisis-us-economic-war-donald-trump-erdogan/amp,Turkey lira CRISIS : Lira plummets AGAIN as standoff between US and Turkey deepens,20180823T151500Z,https://cdn.images.express.co.uk/img/dynamic/78/750x445/1007506.jpg,express.co.uk,English,United Kingdom,Turkey
https://www.minsterfm.com/news/world/2684549/turkeys-central-bank-raises-interest-rate-to-24/,https://www.minsterfm.com/news/world/2684549/turkeys-central-bank-raises-interest-rate-to-24/amp/,Minster FM - News - Turkey central bank raises interest rate to 24 % ,20180913T164500Z,http://e3.365dm.com/18/08/640x380/skynews-turkey-lira_4388648.jpg,minsterfm.com,English,United Kingdom,Turkey
https://www.spirefm.co.uk/news/world/2684553/turkeys-central-bank-raises-interest-rate-to-24/,https://www.spirefm.co.uk/news/world/2684553/turkeys-central-bank-raises-interest-rate-to-24/amp/,Spire FM - News - Turkey central bank raises interest rate to 24 % ,20180913T161500Z,http://e3.365dm.com/18/08/640x380/skynews-turkey-lira_4388648.jpg,spirefm.co.uk,English,United Kingdom,Turkey
https://www.strayfm.com/news/world/2684556/turkeys-central-bank-raises-interest-rate-to-24/,https://www.strayfm.com/news/world/2684556/turkeys-central-bank-raises-interest-rate-to-24/amp/,Stray FM - News - Turkey central bank raises interest rate to 24 % ,20180913T163000Z,http://e3.365dm.com/18/08/640x380/skynews-turkey-lira_4388648.jpg,strayfm.com,English,United Kingdom,Turkey
https://www.msn.com/en-gb/finance/other/turkeys-central-bank-hikes-interest-rate-to-24-25/ar-BBNhMV0,,Turkey central bank hikes interest rate to 24 % ,20180913T201500Z,,msn.com,English,United States,Turkey
http://www.msn.com/en-us/news/msn/the-turkish-lira-is-falling-again-%e2%80%94-but-stock-market-investors-are-returning-to-turkey-at-their-fastest-rate-in-half-a-decade/ar-BBMagNj,,The Turkish lira is falling again but stock market investors are returning to Turkey at their fastest rate in half a decade,20180820T111500Z,,msn.com,English,United States,Turkey
https://www.europeaninterest.eu/article/turkish-liras-impact-caucasus-central-asia-explained/,,The Turkish lira impact on Caucasus and Central Asia explained,20180828T091500Z,https://www.europeaninterest.eu/wp-content/uploads/2018/08/7593202070_0da82eff56_k.jpg,europeaninterest.eu,English,,Turkey
http://www.thestandard.com.hk/breaking-news.php?id=113226,,Lira stronger against greenback after Turkey raises tax on foreign currency savings,20180831T083000Z,,thestandard.com.hk,English,Hong Kong,Turkey
https://www.msn.com/en-gb/finance/topstories/turkey-raises-interest-rates-to-24-25/ar-BBNhoLl,,Turkey raises interest rates to 24 % ,20180913T160000Z,,msn.com,English,United States,Turkey
https://www.theglobalist.com/turkey-interest-rates-economy-erdogan/,,A Surprisingly Strong Interest Rate Hike in Turkey,20180913T171500Z,https://www.theglobalist.com/wordpress/wp-content/uploads/2015/10/shutterstock_322363334.jpg,theglobalist.com,English,United States,Turkey
https://www.timesca.com/index.php/news/20158-turkish-lira-casts-pall-over-caucasus-and-central-asia,https://www.timesca.com/index.php/news/20158-turkish-lira-casts-pall-over-caucasus-and-central-asia/amp,Turkish lira casts pall over Caucasus and Central Asia,20180822T051500Z,,timesca.com,English,Kyrgyzstan,Turkey
https://finance.yahoo.com/news/turkish-lira-tumbles-volatility-returns-074150365.html,https://www.yahoo.com/amphtml/finance/news/turkish-lira-tumbles-volatility-returns-074150365.html,Turkish Lira Tumbles as Volatility Returns After Holiday Week,20180827T091500Z,,finance.yahoo.com,English,United States,Turkey
https://in.reuters.com/article/turkey-cenbank-rates/turkish-central-bank-raises-rates-sharply-boosts-lira-idINKCN1LT2IK,https://in.mobile.reuters.com/article/amp/idINKCN1LT2IK,"Turkish central bank raises rates sharply , boosts lira",20180913T163000Z,https://s3.reutersmedia.net/resources/r/?m=02&d=20180913&t=2&i=1303985670&r=LYNXNPEE8C1PQ,in.reuters.com,English,United States,Turkey
https://www.registercitizen.com/technology/businessinsider/article/The-Turkish-lira-is-falling-again-but-stock-13168038.php,,The Turkish lira is falling again but stock market investors are returning to Turkey at their fastest rate in half a decade,20180820T143000Z,https://www.registercitizen.com/img/pages/article/opengraph_default.jpg,registercitizen.com,English,United States,Turkey
https://www.stamfordadvocate.com/technology/businessinsider/article/The-Turkish-lira-is-falling-again-but-stock-13168038.php,https://m.stamfordadvocate.com/technology/businessinsider/article/The-Turkish-lira-is-falling-again-but-stock-13168038.php,The Turkish lira is falling again but stock market investors are returning to Turkey at their fastest rate in half a decade,20180820T140000Z,https://www.stamfordadvocate.com/img/pages/article/opengraph_default.jpg,stamfordadvocate.com,English,United States,Turkey
https://www.thehour.com/technology/businessinsider/article/The-Turkish-lira-is-falling-again-but-stock-13168038.php,,The Turkish lira is falling again but stock market investors are returning to Turkey at their fastest rate in half a decade,20180820T134500Z,https://www.thehour.com/img/pages/article/opengraph_default.jpg,thehour.com,English,United States,Turkey
https://www.middletownpress.com/technology/businessinsider/article/The-Turkish-lira-is-falling-again-but-stock-13168038.php,,The Turkish lira is falling again but stock market investors are returning to Turkey at their fastest rate in half a decade,20180820T134500Z,https://www.middletownpress.com/img/pages/article/opengraph_default.jpg,middletownpress.com,English,United States,Turkey
https://www.nhregister.com/technology/businessinsider/article/The-Turkish-lira-is-falling-again-but-stock-13168038.php,,The Turkish lira is falling again but stock market investors are returning to Turkey at their fastest rate in half a decade,20180820T133000Z,https://www.nhregister.com/img/pages/article/opengraph_default.jpg,nhregister.com,English,United States,Turkey
https://www.newstimes.com/technology/businessinsider/article/The-Turkish-lira-is-falling-again-but-stock-13168038.php,https://m.newstimes.com/technology/businessinsider/article/The-Turkish-lira-is-falling-again-but-stock-13168038.php,The Turkish lira is falling again but stock market investors are returning to Turkey at their fastest rate in half a decade,20180820T133000Z,https://www.newstimes.com/img/pages/article/opengraph_default.jpg,newstimes.com,English,United States,Turkey
https://www.ctpost.com/technology/businessinsider/article/The-Turkish-lira-is-falling-again-but-stock-13168038.php,https://m.ctpost.com/technology/businessinsider/article/The-Turkish-lira-is-falling-again-but-stock-13168038.php,The Turkish lira is falling again but stock market investors are returning to Turkey at their fastest rate in half a decade,20180820T131500Z,https://www.ctpost.com/img/pages/article/opengraph_default.jpg,ctpost.com,English,United States,Turkey
https://www.greenwichtime.com/technology/businessinsider/article/The-Turkish-lira-is-falling-again-but-stock-13168038.php,https://m.greenwichtime.com/technology/businessinsider/article/The-Turkish-lira-is-falling-again-but-stock-13168038.php,The Turkish lira is falling again but stock market investors are returning to Turkey at their fastest rate in half a decade,20180820T133000Z,https://www.greenwichtime.com/img/pages/article/opengraph_default.jpg,greenwichtime.com,English,United States,Turkey
http://badmintonhq.net/2018/08/turkey-warms-to-russian-federation-as-usa-ties-slip/,,Turkey warms to Russian Federation as united states ties slip,20180830T114500Z,,badmintonhq.net,English,United States,Turkey
http://www.dailymail.co.uk/wires/ap/article-6090741/After-grim-2016-Turkish-tourism-makes-comeback.html,http://www.dailymail.co.uk/wires/ap/article-6090741/amp/After-grim-2016-Turkish-tourism-makes-comeback.html,"After grim 2016 , Turkish tourism makes a comeback",20180823T131500Z,https://i.dailymail.co.uk/1s/2018/08/23/13/wire-4046568-1535028872-898_636x382.jpg,dailymail.co.uk,English,United Kingdom,Turkey
https://www.zerohedge.com/news/2018-08-27/turkish-lira-plunges-after-week-long-holiday,,Turkish Lira Plunges After Week - long Holiday,20180827T114500Z,https://www.zerohedge.com/sites/default/files/2018-08/usdtry%208.27.jpg,zerohedge.com,English,United States,Turkey
https://www.express.co.uk/news/world/1010785/Turkey-lira-finance-bank-erdogan-erkan-kilimci,https://www.express.co.uk/news/world/1010785/Turkey-lira-finance-bank-erdogan-erkan-kilimci/amp,"Turkey lira crisis : Finance chiefs to RESIGN , pressuring Erdogan | World | News",20180830T161500Z,https://cdn.images.express.co.uk/img/dynamic/78/750x445/1010785.jpg,express.co.uk,English,United Kingdom,Turkey
http://www.thejakartapost.com/news/2018/08/27/turkish-lira-tumbles-as-volatility-returns-after-holiday-week.html,http://www.thejakartapost.com/amp/news/2018/08/27/turkish-lira-tumbles-as-volatility-returns-after-holiday-week.html,Turkish Lira tumbles as volatility returns after holiday week,20180827T101500Z,https://img.jakpost.net/c/2018/05/08/2018_05_08_45576_1525792811._large.jpg,thejakartapost.com,English,Indonesia,Turkey
https://www.businessinsider.in/The-Turkish-lira-is-falling-again-but-stock-market-investors-are-returning-to-Turkey-at-their-fastest-rate-in-half-a-decade/articleshow/65473332.cms,https://www.businessinsider.in/the-turkish-lira-is-falling-again-but-stock-market-investors-are-returning-to-turkey-at-their-fastest-rate-in-half-a-decade/amp_articleshow/65473332.cms,The Turkish lira is falling again - but stock market investors are returning to Turkey at their fastest rate in half a decade,20180820T150000Z,https://www.businessinsider.in/photo/65473332/the-turkish-lira-is-falling-again-but-stock-market-investors-are-returning-to-turkey-at-their-fastest-rate-in-half-a-decade.jpg?58590,businessinsider.in,English,India,Turkey
https://www.mychamplainvalley.com/news/turkey-raises-tax-on-foreign-currency-savings-to-help-lira/1408931356,,Turkey raises tax on foreign currency savings to help lira,20180831T100000Z,,mychamplainvalley.com,English,United States,Turkey
https://www.myarklamiss.com/news/turkey-raises-tax-on-foreign-currency-savings-to-help-lira/1408931266,,Turkey raises tax on foreign currency savings to help lira,20180831T100000Z,,myarklamiss.com,English,United States,Turkey
https://www.wjhl.com/news/turkey-raises-tax-on-foreign-currency-savings-to-help-lira/1408931077,,Turkey raises tax on foreign currency savings to help lira,20180831T100000Z,,wjhl.com,English,United States,Turkey
https://www.pahomepage.com/news/turkey-raises-tax-on-foreign-currency-savings-to-help-lira/1408931320,,Turkey raises tax on foreign currency savings to help lira,20180831T100000Z,,pahomepage.com,English,United States,Turkey
https://www.wbtw.com/news/turkey-raises-tax-on-foreign-currency-savings-to-help-lira/1408930597,,Turkey raises tax on foreign currency savings to help lira,20180831T100000Z,https://media.wbtw.com/nxs-wbtwtv-media-us-east-1/theme/images/wbtw-generic-story.png,wbtw.com,English,United States,Turkey
https://www.mytwintiers.com/news/turkey-raises-tax-on-foreign-currency-savings-to-help-lira/1408931383,,Turkey raises tax on foreign currency savings to help lira,20180831T073000Z,,mytwintiers.com,English,United States,Turkey
https://www.fox13memphis.com/news/turkey-raises-tax-on-foreign-currency-savings-to-help-lira/824312835,http://amp.fox13memphis.com/news/turkey-raises-tax-on-foreign-currency-savings-to-help-lira/824312835,Turkey raises tax on foreign currency savings to help lira,20180831T074500Z,,fox13memphis.com,English,United States,Turkey
https://www.1065thearch.com/2018/08/31/turkey-raises-tax-on-foreign-currency-savings-to-help-lira/,,Turkey raises tax on foreign currency savings to help lira,20180831T074500Z,,1065thearch.com,English,United States,Turkey
https://www.wftv.com/news/national-news/ap-top-news/turkey-raises-tax-on-foreign-currency-savings-to-help-lira/824310967,http://amp.wftv.com/news/national-news/ap-top-news/turkey-raises-tax-on-foreign-currency-savings-to-help-lira/824310967?utm_source=homestream _medium=site_navigation _campaign=homestream_click,Turkey raises tax on foreign currency savings to help lira,20180831T080000Z,,wftv.com,English,United States,Turkey
https://www.actionnewsjax.com/news/turkey-raises-tax-on-foreign-currency-savings-to-help-lira/824312844,http://amp.actionnewsjax.com/news/turkey-raises-tax-on-foreign-currency-savings-to-help-lira/824312844,Turkey raises tax on foreign currency savings to help lira,20180831T080000Z,,actionnewsjax.com,English,United States,Turkey
https://www.kiro7.com/news/turkey-raises-tax-on-foreign-currency-savings-to-help-lira/824312871,http://amp.kiro7.com/news/turkey-raises-tax-on-foreign-currency-savings-to-help-lira/824312871,Turkey raises tax on foreign currency savings to help lira,20180831T090000Z,,kiro7.com,English,United States,Turkey
https://www.wsoctv.com/news/national-news/ap-top-news/turkey-raises-tax-on-foreign-currency-savings-to-help-lira/824310778,http://amp.wsoctv.com/news/national-news/ap-top-news/turkey-raises-tax-on-foreign-currency-savings-to-help-lira/824310778,Turkey raises tax on foreign currency savings to help lira,20180831T084500Z,,wsoctv.com,English,United States,Turkey
https://www.wjtv.com/news/turkey-raises-tax-on-foreign-currency-savings-to-help-lira/1408931455,,Turkey raises tax on foreign currency savings to help lira,20180831T140000Z,,wjtv.com,English,United States,Turkey
https://www.yourbasin.com/news/turkey-raises-tax-on-foreign-currency-savings-to-help-lira/1408930588,,Turkey raises tax on foreign currency savings to help lira,20180831T140000Z,,yourbasin.com,English,United States,Turkey
https://www.kveo.com/news/turkey-raises-tax-on-foreign-currency-savings-to-help-lira/1408931419,,Turkey raises tax on foreign currency savings to help lira,20180831T140000Z,,kveo.com,English,United States,Turkey
https://www.wsbtv.com/news/national-news/ap-top-news/turkey-raises-tax-on-foreign-currency-savings-to-help-lira/824310950,http://amp.wsbtv.com/news/national-news/ap-top-news/turkey-raises-tax-on-foreign-currency-savings-to-help-lira/824310950,Turkey raises tax on foreign currency savings to help lira,20180831T081500Z,,wsbtv.com,English,United States,Turkey
http://www.wbal.com/article/333334/128/turkey-raises-tax-on-foreign-currency-savings-to-help-lira,http://www.wbal.com/article/333334/128/turkey-raises-tax-on-foreign-currency-savings-to-help-lira/amp,Turkey raises tax on foreign currency saving | WBAL Radio 1090 AM,20180831T081500Z,,wbal.com,English,United States,Turkey
https://www.wpxi.com/news/national-news/ap-top-news/turkey-raises-tax-on-foreign-currency-savings-to-help-lira/824310795,http://amp.wpxi.com/news/national-news/ap-top-news/turkey-raises-tax-on-foreign-currency-savings-to-help-lira/824310795,Turkey raises tax on foreign currency savings to help lira,20180831T083000Z,,wpxi.com,English,United States,Turkey
https://www.fox23.com/news/turkey-raises-tax-on-foreign-currency-savings-to-help-lira/824312853,http://amp.fox23.com/news/turkey-raises-tax-on-foreign-currency-savings-to-help-lira/824312853,Turkey raises tax on foreign currency savings to help lira,20180831T083000Z,,fox23.com,English,United States,Turkey
https://www.fox30jax.com/news/turkey-raises-tax-on-foreign-currency-savings-to-help-lira/824312880,http://amp.fox30jax.com/news/turkey-raises-tax-on-foreign-currency-savings-to-help-lira/824312880?utm_source=homestream _medium=site_navigation _campaign=homestream_click,Turkey raises tax on foreign currency savings to help lira,20180831T081500Z,,fox30jax.com,English,United States,Turkey
https://www.tristatehomepage.com/news/turkey-raises-tax-on-foreign-currency-savings-to-help-lira/1408931140,,Turkey raises tax on foreign currency savings to help lira,20180831T090000Z,,tristatehomepage.com,English,United States,Turkey
https://www.siouxlandproud.com/news/turkey-raises-tax-on-foreign-currency-savings-to-help-lira/1408931473,,Turkey raises tax on foreign currency savings to help lira,20180831T090000Z,,siouxlandproud.com,English,United States,Turkey
http://www.wfmz.com/news/ap-world-news/turkey-raises-tax-on-foreign-currency-savings-to-help-lira/788696413,,Turkey raises tax on foreign currency savings to help lira,20180831T094500Z,https://media.wfmz.com/mara-wfmz-media-us-east-1/photo/2016/08/03/69NEWS_3219896_ver1.0.png,wfmz.com,English,United States,Turkey
https://www.bbc.co.uk/news/world-europe-45508672,https://www.bbc.co.uk/news/amp/world-europe-45508672,Turkey bans use of foreign currency in property market,20180913T120000Z,https://ichef.bbci.co.uk/news/1024/branded_news/D7FA/production/_103409255_gettyimages-1032663106.jpg,bbc.co.uk,English,United Kingdom,Turkey
https://www.businessinsider.com.au/turkish-lira-falls-against-dollar-investors-return-to-stocks-2018-8,https://www.businessinsider.com.au/turkish-lira-falls-against-dollar-investors-return-to-stocks-2018-8/amp,The Turkish lira is falling again but stock market investors are returning to Turkey at their fastest rate in half a decade,20180820T114500Z,https://static.businessinsider.com/image/5b7a96448905f2fb1e8b46ca-640.jpg,businessinsider.com.au,English,Australia,Turkey
https://mainichi.jp/english/articles/20180827/p2g/00m/0bu/086000c,,Toyo Ink suspends plant construction in Turkey on lira plunge,20180827T084500Z,https://cdn.mainichi.jp/vol1/2018/08/27/20180827p2g00m0bu085000p/9.jpg?1,mainichi.jp,English,Japan,Turkey
https://www.trtworld.com/business/turkey-s-central-bank-hikes-key-interest-rate-to-24-percent-20199,https://www.trtworld.com/business/turkey-s-central-bank-hikes-key-interest-rate-to-24-percent-20199/amp,Turkey central bank hikes key interest rate to 24 percent,20180913T194500Z,https://cdni0.trtworld.com/w480/h270/q75/40630_thumbs_b_c_617ed7ca15645723d2ffa7697e5d74382_1536838212062.jpg,trtworld.com,English,Turkey,Turkey
https://www.express.co.uk/news/world/1010798/turkish-lira-crashes-argentina-peso-india-rupee-record-low-brink-of-world-economic-crash,https://www.express.co.uk/news/world/1010798/turkish-lira-crashes-argentina-peso-india-rupee-record-low-brink-of-world-economic-crash/amp,Turkey Lira CRASHES : Peso and Rupee at RECORD LOW - Are we on brink of economic CRASH ? ,20180830T164500Z,https://cdn.images.express.co.uk/img/dynamic/78/750x445/1010798.jpg,express.co.uk,English,United Kingdom,Turkey
https://eurasianet.org/s/turkish-lira-casts-pall-over-caucasus-and-central-asia,,Eurasianet | Turkish lira casts pall over Caucasus and Central Asia,20180821T143000Z,https://api.eurasianet.org/sites/default/files/styles/full/public/2018-08/Trilling-2253.jpg?itok=uM8HjEBK,eurasianet.org,English,Russia,Turkey
https://www.9and10news.com/i/turkeys-economy-slowed-in-second-quarter-as-currency-slid/,,Turkey economy slowed in second quarter as currency slid,20180910T103000Z,,9and10news.com,English,United States,Turkey
https://tribune.com.pk/story/1789593/3-turkish-lira-weakens-dollar-minister-warns-sanctions/,https://tribune.com.pk/story/1789593/3-turkish-lira-weakens-dollar-minister-warns-sanctions/?amp=1,"Turkish lira weakens against dollar , minister warns on sanctions",20180828T070000Z,,tribune.com.pk,English,Pakistan,Turkey
https://www.ulladullatimes.com.au/story/5591196/turkey-will-emerge-stronger-from-crisis/,,Turkey  will emerge stronger from crisis  ,20180905T083000Z,http://nnimgt-a.akamaihd.net/transform/v1/crop/frm/silverstone-feed-data/afd0e500-10eb-4b95-99ba-b5d2a70a83d2.jpg/r0_74_800_526_w1200_h678_fmax.jpg,ulladullatimes.com.au,English,Australia,Turkey
https://www.batemansbaypost.com.au/story/5591196/turkey-will-emerge-stronger-from-crisis/,,Turkey  will emerge stronger from crisis  ,20180905T091500Z,http://nnimgt-a.akamaihd.net/transform/v1/crop/frm/silverstone-feed-data/afd0e500-10eb-4b95-99ba-b5d2a70a83d2.jpg/r0_74_800_526_w1200_h678_fmax.jpg,batemansbaypost.com.au,English,Australia,Turkey
https://defence.pk/pdf/threads/currency-crisis-risks-turkish-defense-programs.574851/,,Currency crisis risks Turkish defense programs,20180828T123000Z,,defence.pk,English,Pakistan,Turkey
https://www.defensenews.com/global/europe/2018/08/27/currency-crisis-risks-turkish-defense-programs/,,Currency crisis risks Turkish defense programs,20180827T181500Z,https://arc-anglerfish-arc2-prod-mco.s3.amazonaws.com/public/C27HH72YNFG3PLXU3L2DG2C6FI.jpg,defensenews.com,English,United States,Turkey
http://english.republika.mk/rating-agencies-sp-moodys-cut-turkeys-credit-rating-deeper-into-junk/,http://english.republika.mk/rating-agencies-sp-moodys-cut-turkeys-credit-rating-deeper-into-junk/amp/,"Rating agencies S & P , Moody cut Turkey credit rating deeper into junk",20180820T143000Z,http://english.republika.mk/wp-content/uploads/2018/08/133239260.jpeg,english.republika.mk,English,Macedonia,Turkey
http://www.fethiyetimes.com/travel-2/27645-why-turkeys-currency-crisis-means-ultra-cheap-holidays-for-britons.html,,Why Turkey currency crisis means ultra - cheap holidays for Britons,20180822T001500Z,http://s7148.pcdn.co/wp-content/uploads/turkey-GettyImages-185733738.jpg,fethiyetimes.com,English,Turkey,Turkey
https://www.ksl.com/article/46383930/turkey-raises-tax-on-foreign-currency-savings-to-help-lira,,Turkey raises tax on foreign currency savings to help lira,20180831T081500Z,https://www.ksl.com/article/46383930/?filter=ksl/responsive_story_lg,ksl.com,English,United States,Turkey
https://www.businessinsider.com/turkish-interest-rates-lira-2018-9,https://amp.businessinsider.com/turkish-interest-rates-lira-2018-9,Turkish interest rates : Lira surges after rate hike,20180913T120000Z,https://amp.businessinsider.com/images/5b71331089c8a130008b52a6-1334-667.jpg,businessinsider.com,English,United States,Turkey
https://www.msn.com/en-us/news/world/falling-lira-hits-syrian-enclave-backed-by-turkey/ar-BBMxWLW,,Falling lira hits Syrian enclave backed by Turkey,20180828T123000Z,,msn.com,English,United States,Turkey
https://www.msn.com/en-gb/news/world/falling-lira-hits-syrian-enclave-backed-by-turkey/ar-BBMxSJ7,,Falling lira hits Syrian enclave backed by Turkey,20180828T121500Z,,msn.com,English,United States,Turkey
https://www.france24.com/en/20180830-turkish-lira-tumbles-another-5-deputy-bank-chief-steps-aside,https://m.france24.com/en/20180830-turkish-lira-tumbles-another-5-deputy-bank-chief-steps-aside,Flash - Turkish lira tumbles another 5 % as deputy bank chief steps aside,20180830T170000Z,https://scd.france24.com/en/files/imagecache/home_1024/images/afp/c7f47a20119719d07c556072af38ecd36c25a197_4.jpg,france24.com,English,France,Turkey
https://www.express.co.uk/news/world/1006650/Turkish-lira-crisis-Business-Donald-trump-recep-tayyp-Erdogan-investments,https://www.express.co.uk/news/world/1006650/Turkish-lira-crisis-Business-Donald-trump-recep-tayyp-Erdogan-investments/amp,Turkish lira crisis : Trump and Erdogan requested to meet by business chiefs | World | News,20180822T023000Z,https://cdn.images.express.co.uk/img/dynamic/78/750x445/1006650.jpg,express.co.uk,English,United Kingdom,Turkey
http://www.china.org.cn/world/Off_the_Wire/2018-09/14/content_63420386.htm,,Spotlight : Turkey takes multi - pronged monetary measures to support battered lira,20180913T223000Z,,china.org.cn,English,China,Turkey
http://www.xinhuanet.com/english/2018-09/14/c_137466239.htm,,Spotlight : Turkey takes multi - pronged monetary measures to support battered lira - Xinhua,20180913T230000Z,,xinhuanet.com,English,China,Turkey
https://www.prokerala.com/news/articles/a853971.html,,Turkish lira depreciates after credit rating downgrade,20180820T130000Z,,prokerala.com,English,India,Turkey
https://www.reuters.com/article/us-turkey-cenbank-rates/turkey-central-bank-hikes-rates-sharply-boosts-lira-idUSKCN1LT1SW,https://mobile.reuters.com/article/amp/idUSKCN1LT1SW,"Turkey central bank hikes rates sharply , boosts lira",20180913T130000Z,https://s4.reutersmedia.net/resources/r/?m=02&d=20180913&t=2&i=1303914008&r=LYNXNPEE8C12Z,reuters.com,English,United States,Turkey
https://asia.nikkei.com/Business/Companies/Turkey-fears-push-shares-of-Japan-s-DyDo-to-2018-low,,Turkey fears push shares of Japan DyDo to 2018 low - Nikkei Asian Review,20180827T220000Z,https://www.ft.com/__origami/service/image/v2/images/raw/https%3A%2F%2Fs3-ap-northeast-1.amazonaws.com%2Fpsh-ex-ftnikkei-3937bb4%2Fimages%2F2%2F2%2F0%2F6%2F15426022-1-eng-GB%2F20180827N%20lira.jpg?source=nar-cms&fit=cover&gravity=faces,asia.nikkei.com,English,Japan,Turkey
https://www.aa.com.tr/en/asia-pacific/pakistanis-launch-buy-lira-campaign-to-support-turkey/1235133,,Pakistanis launch  Buy Lira  campaign to support Turkey,20180819T160000Z,https://cdnuploads.aa.com.tr/uploads/Contents/2018/08/18/thumbs_b_c_6a2874e7babee8d467306c025f7b01d8.jpg?v=174338,aa.com.tr,English,Turkey,Turkey
https://www.express.co.uk/news/uk/1005389/Turkey-lira-usd-exchange-rate-lira-to-dollar-pound-euro-latest-Donald-Trump-Erdogan,https://www.express.co.uk/news/uk/1005389/Turkey-lira-usd-exchange-rate-lira-to-dollar-pound-euro-latest-Donald-Trump-Erdogan/amp,Turkey lira CRISIS deepens : Analyst warns more fluctuation is expected | united kingdom | News,20180819T111500Z,https://cdn.images.express.co.uk/img/dynamic/1/750x445/1005389.jpg,express.co.uk,English,United Kingdom,Turkey
http://english.alarabiya.net/en/business/economy/2018/08/23/Turkey-s-lira-weakens-1-1-percent-against-dollar.html,,Turkey lira weakens 1 . 1 percent against dollar - Al Arabiya English,20180823T113000Z,https://vid.alarabiya.net/images/2018/08/18/0a00ee8a-b31d-40d8-8218-cba26a446614/0a00ee8a-b31d-40d8-8218-cba26a446614_16x9_788x442.jpg,english.alarabiya.net,English,Iran,Turkey
http://www.nampa.org/index.php?model=categories&function=display&id=18215362,,Namibia Press Agency,20180823T094500Z,,nampa.org,English,United States,Turkey
http://kdow.biz/news/business/turkey-raises-tax-on-foreign-currency-savings-to-help-lira,,Turkey raises tax on foreign currency savings to help lira,20180831T084500Z,,kdow.biz,English,United States,Turkey
http://www.dailymail.co.uk/wires/ap/article-6117583/Turkey-raises-tax-foreign-currency-savings-help-lira.html,http://www.dailymail.co.uk/wires/ap/article-6117583/amp/Turkey-raises-tax-foreign-currency-savings-help-lira.html,Turkey raises tax on foreign currency savings to help lira,20180831T080000Z,,dailymail.co.uk,English,United Kingdom,Turkey
https://www.actionforex.com/contributors/technical-analysis/130744-usdtry-outlook-turkish-lira-at-front-foot-after-cbrt-surprise-625bps-rate-hike/,https://www.actionforex.com/contributors/technical-analysis/130744-usdtry-outlook-turkish-lira-at-front-foot-after-cbrt-surprise-625bps-rate-hike/amp/,USDTRY Outlook : Turkish Lira at Front Foot after CBRT Surprise 625bps Rate Hike,20180913T144500Z,https://www.actionforex.com/wp-content/uploads/tag-images/usd5.jpg,actionforex.com,English,United Kingdom,Turkey
https://www.middleeastmonitor.com/20180826-erdogan-says-commitment-of-all-turks-needed-to-combat-attacks-on-economy/,https://www.middleeastmonitor.com/20180826-erdogan-says-commitment-of-all-turks-needed-to-combat-attacks-on-economy/amp/,Erdogan says commitment of all Turks needed to combat attacks on economy,20180826T133000Z,https://i0.wp.com/www.middleeastmonitor.com/wp-content/uploads/2017/10/20171001_2_26037175_26385324.jpg,middleeastmonitor.com,English,Israel,Turkey
https://www3.nhk.or.jp/nhkworld/en/news/20180819_16/,https://www3.nhk.or.jp/nhkworld/en/news/20180819_16/amp.html,Weaker lira drives up prices in Turkey - News - NHK WORLD,20180820T164500Z,https://www3.nhk.or.jp/nhkworld/upld/thumbnails/en/news/20180819_16_545744_L.jpg,nhk.or.jp,English,Japan,Turkey
https://www.thehour.com/technology/businessinsider/article/The-Turkish-lira-dives-after-Erdogan-calls-for-13226289.php,,The Turkish lira dives after Erdogan calls for lower interest rates stoking fears about central bank independence,20180913T143000Z,https://www.thehour.com/img/pages/article/opengraph_default.jpg,thehour.com,English,United States,Turkey
https://www.stamfordadvocate.com/technology/businessinsider/article/The-Turkish-lira-dives-after-Erdogan-calls-for-13226289.php,https://m.stamfordadvocate.com/technology/businessinsider/article/The-Turkish-lira-dives-after-Erdogan-calls-for-13226289.php,The Turkish lira dives after Erdogan calls for lower interest rates stoking fears about central bank independence,20180913T150000Z,https://www.stamfordadvocate.com/img/pages/article/opengraph_default.jpg,stamfordadvocate.com,English,United States,Turkey
https://www.greenwichtime.com/technology/businessinsider/article/The-Turkish-lira-dives-after-Erdogan-calls-for-13226289.php,https://m.greenwichtime.com/technology/businessinsider/article/The-Turkish-lira-dives-after-Erdogan-calls-for-13226289.php,The Turkish lira dives after Erdogan calls for lower interest rates stoking fears about central bank independence,20180913T150000Z,https://www.greenwichtime.com/img/pages/article/opengraph_default.jpg,greenwichtime.com,English,United States,Turkey
https://www.ctpost.com/technology/businessinsider/article/The-Turkish-lira-dives-after-Erdogan-calls-for-13226289.php,https://m.ctpost.com/technology/businessinsider/article/The-Turkish-lira-dives-after-Erdogan-calls-for-13226289.php,The Turkish lira dives after Erdogan calls for lower interest rates stoking fears about central bank independence,20180913T150000Z,https://www.ctpost.com/img/pages/article/opengraph_default.jpg,ctpost.com,English,United States,Turkey
https://www.newstimes.com/technology/businessinsider/article/The-Turkish-lira-dives-after-Erdogan-calls-for-13226289.php,https://m.newstimes.com/technology/businessinsider/article/The-Turkish-lira-dives-after-Erdogan-calls-for-13226289.php,The Turkish lira dives after Erdogan calls for lower interest rates stoking fears about central bank independence,20180913T150000Z,https://www.newstimes.com/img/pages/article/opengraph_default.jpg,newstimes.com,English,United States,Turkey
https://www.businessinsider.in/the-turkish-lira-dives-after-erdogan-calls-for-lower-interest-rates-stoking-fears-about-central-bank-independence/articleshow/65796881.cms,https://www.businessinsider.in/the-turkish-lira-dives-after-erdogan-calls-for-lower-interest-rates-stoking-fears-about-central-bank-independence/amp_articleshow/65796881.cms,The Turkish lira dives after Erdogan calls for lower interest rates - stoking fears about central bank independence,20180913T114500Z,https://www.businessinsider.in/photo/65796881/the-turkish-lira-dives-after-erdogan-calls-for-lower-interest-rates-stoking-fears-about-central-bank-independence.jpg?67526,businessinsider.in,English,India,Turkey
https://www.msn.com/en-us/finance/markets/turkeys-lira-falls-again-but-albayrak-sees-no-risk-to-economy/ar-BBMAsJI,,Turkish lira falls further on uncertainty over U . S . row,20180829T083000Z,,msn.com,English,United States,Turkey
https://thefrontierpost.com/turkish-lira-gains-value-against-us-dollar/,,Turkish lira gains value against US dollar - The Frontier Post,20180913T183000Z,https://i2.wp.com/thefrontierpost.com/wp-content/uploads/2018/09/Turkish-lira-gains-value-against-US-dollar.jpg?fit=770%2C433&ssl=1,thefrontierpost.com,English,Pakistan,Turkey
http://www.hurriyetdailynews.com/turkish-lira-gains-value-against-us-dollar-on-eve-of-central-bank-meeting-136769,http://www.hurriyetdailynews.com/amp/turkish-lira-gains-value-against-us-dollar-on-eve-of-central-bank-meeting-136769,Turkish lira gains value against US dollar on eve of Central Bank meeting,20180912T161500Z,,hurriyetdailynews.com,English,Turkey,Turkey
https://www.moneycontrol.com/news/world/sp-lowers-turkeys-credit-rating-deeper-into-junk-territory-2859661.html,https://www.moneycontrol.com/news/world/sp-lowers-turkeys-credit-rating-deeper-into-junk-territory-2859661.html/amp,S & P lowers Turkey credit rating deeper into junk territory,20180820T041500Z,https://static-news.moneycontrol.com/static-mcnews/2018/08/Turkish-lira-770x433.jpg,moneycontrol.com,English,India,Turkey
https://www.algemeiner.com/2018/08/23/turkey-says-us-waging-economic-war-lira-weakens/,,"Turkey Says US Waging  Economic War , Lira Weakens | Jewish & Israel News Algemeiner . com",20180823T154500Z,https://www.algemeiner.com/wp-content/uploads/2018/08/Lira.jpg,algemeiner.com,English,Israel,Turkey
http://www.cityam.com/262639/lira-and-rand-steady-emerging-markets-sell-off-slows,http://dev2.cityam.com/262639/lira-and-rand-steady-emerging-markets-sell-off-slows/amp,Turkish lira and South African rand steady as emerging markets sell - off slows,20180907T130000Z,http://dev2.cityam.com/assets/uploads/main-image/full_width_article_body_image/turkish-lira-falls-to-record-low-877063738-5b927062e462a.jpg,cityam.com,English,United Kingdom,Turkey
https://www.business-standard.com/article/news-ians/turkish-lira-depreciates-after-credit-rating-downgrade-118082000661_1.html,https://wap.business-standard.com/article-amp/news-ians/turkish-lira-depreciates-after-credit-rating-downgrade-118082000661_1.html,Turkish lira depreciates after credit rating downgrade,20180820T123000Z,https://bsmedia.business-standard.com/_media/bs/img/common/no_preview.jpg,business-standard.com,English,India,Turkey
https://www.businessinsider.com/turkish-lira-falls-against-dollar-investors-return-to-stocks-2018-8,https://amp.businessinsider.com/turkish-lira-falls-against-dollar-investors-return-to-stocks-2018-8,"Turkish lira falls against dollar , investors return to stocks",20180820T110000Z,https://amp.businessinsider.com/images/5b7a96448905f2fb1e8b46ca-1334-667.jpg,businessinsider.com,English,United States,Turkey
https://finance.yahoo.com/news/turkish-lira-falling-again-stock-103100275.html,https://www.yahoo.com/amphtml/finance/news/turkish-lira-falling-again-stock-103100275.html,The Turkish lira is falling again but stock market investors are returning to Turkey at their fastest rate in half a decade,20180820T120000Z,https://s.yimg.com/uu/api/res/1.2/KuxJyhZvKzJ7FfYoOyhkWA--~B/aD03NTA7dz0xNTAwO3NtPTE7YXBwaWQ9eXRhY2h5b24-/http://media.zenfs.com/en-US/homerun/businessinsider.com/7eae75d012efe99e480f6af6ab3d26c6,finance.yahoo.com,English,United States,Turkey
https://www.dawn.com/news/1428978/commitment-of-all-turks-needed-to-combat-attacks-on-economy-erdogan,,Commitment of all Turks needed to combat attacks on economy : Erdogan - Newspaper,20180826T064500Z,,dawn.com,English,Pakistan,Turkey
https://www.dawn.com/news/1428978,,Commitment of all Turks needed to combat attacks on economy : Erdogan - Newspaper,20180826T071500Z,,dawn.com,English,Pakistan,Turkey
https://cyprus-mail.com/2018/08/27/erdogan-says-commitment-of-all-turks-needed-to-combat-attacks-on-economy/,,Erdogan says commitment of all Turks needed to combat attacks on economy,20180827T154500Z,https://cyprus-mail.com/wp-content/uploads/2018/08/erdogan-2.jpg,cyprus-mail.com,English,Cyprus,Turkey
https://www.marketscreener.com/news/Germany-s-MediaMarkt-suspends-Turkey-s-Teknosa-acquisition-plans-sources--27180393/,https://www.marketscreener.com/amp/news/Germany-s-MediaMarkt-suspends-Turkey-s-Teknosa-acquisition-plans-sources--27180393/,Germany MediaMarkt suspends Turkey Teknosa acquisition plans,20180829T133000Z,https://img.zonebourse.com/reuters/2018-08-29T124613Z_1_LYNXNPEE7S0VR_RTROPTP_3_TURKEY-CURRENCY-MEDIAMARKT-TEKNOSA.JPG,marketscreener.com,English,,Turkey
http://www.jordantimes.com/news/business/turkish-lira-tumbles-another-5-cent-deputy-bank-chief-steps-aside,,Turkish lira tumbles another 5 per cent as deputy bank chief steps aside,20180831T004500Z,http://www.jordantimes.com/sites/default/files/5-lira.jpg,jordantimes.com,English,Jordan,Turkey
http://jordantimes.com/news/business/turkish-lira-tumbles-another-5-cent-deputy-bank-chief-steps-aside,,Turkish lira tumbles another 5 per cent as deputy bank chief steps aside,20180830T230000Z,http://jordantimes.com/sites/default/files/5-lira.jpg,jordantimes.com,English,Jordan,Turkey
http://english.ahram.org.eg/NewsContentP/4/310626/Opinion/Turkish-contagion.aspx,,Turkish contagion ? - Opinion - Ahram Online,20180901T170000Z,,english.ahram.org.eg,English,Egypt,Turkey
https://www.msn.com/en-us/finance/markets/turkeys-economy-grows-52-percent-in-second-quarter-set-to-slow-down/ar-BBN7gST,,"Turkey economy grows 5 . 2 percent in second quarter , set to slow down",20180910T083000Z,,msn.com,English,United States,Turkey
http://www.oann.com/lira-steady-after-bolton-says-turkey-made-big-mistake-over-pastor/,,Lira steady after Bolton says Turkey made  big mistake  over pastor,20180822T151500Z,https://d2pggiv3o55wnc.cloudfront.net/oann/wp-content/uploads/2018/08/2018-08-22T082156Z_1_LYNXNPEE7L0GI_RTROPTP_0_TURKEY-CURRENCY_1.jpg,oann.com,English,United States,Turkey
http://www.freemalaysiatoday.com/category/business/2018/08/29/turkeys-lira-falls-again-but-albayrak-sees-no-risk-to-economy/,,"Turkey lira falls again , but Albayrak sees no risk to economy",20180829T091500Z,https://s3media.freemalaysiatoday.com/wp-content/uploads/2018/08/FMT-Turkeylira29082018-Reuters.jpg,freemalaysiatoday.com,English,Malaysia,Turkey
http://tingoos.com/2018/09/turkey-central-bank-stuns-markets-with-huge-rate-hike/,,Turkey central bank stuns markets with huge rate hike,20180913T214500Z,,tingoos.com,English,United States,Turkey
https://whbl.com/news/articles/2018/aug/28/falling-lira-hits-syrian-enclave-backed-by-turkey/,,Falling lira hits Syrian enclave backed by Turkey | News,20180828T183000Z,https://radiocms-images.us1.eldarioncloud.com/resize/1200/https://storage.googleapis.com/media.mwcradio.com/mimesis/2018-08/28/2018-08-28T115751Z_1_LYNXNPEE7R0TY-OUSTP_RTROPTP_3_NEWS-US-MIDEAST-CRISIS-SYRIA-TURKEY-CURRENCY.JPG?upscale=False,whbl.com,English,United States,Turkey
https://uk.reuters.com/article/uk-mideast-crisis-syria-turkey-currency/falling-lira-hits-syrian-enclave-backed-by-turkey-idUKKCN1LD191,https://uk.mobile.reuters.com/article/amp/idUKKCN1LD191,Falling lira hits Syrian enclave backed by Turkey,20180828T120000Z,https://s2.reutersmedia.net/resources/r/?m=02&d=20180828&t=2&i=1298238923&r=LYNXNPEE7R0S3,uk.reuters.com,English,United States,Turkey
https://wnmtradio.com/news/articles/2018/aug/28/falling-lira-hits-syrian-enclave-backed-by-turkey/,,Falling lira hits Syrian enclave backed by Turkey | News,20180828T130000Z,https://radiocms-images.us1.eldarioncloud.com/resize/1200/https://storage.googleapis.com/media.mwcradio.com/mimesis/2018-08/28/2018-08-28T115751Z_1_LYNXNPEE7R0TY-OUSTP_RTROPTP_3_NEWS-US-MIDEAST-CRISIS-SYRIA-TURKEY-CURRENCY.JPG?upscale=False,wnmtradio.com,English,United States,Turkey
https://thepeninsulaqatar.com/article/28/08/2018/Falling-lira-hits-Syrian-enclave-backed-by-Turkey,,Falling lira hits Syrian enclave backed by Turkey,20180828T121500Z,https://thepeninsulaqatar.com/uploads/2018/08/28/post_main_cover/f17dea38a354ab6821d74eeb7e23ba0c6f2bc828.jpeg,thepeninsulaqatar.com,English,Qatar,Turkey
https://kfgo.com/news/articles/2018/aug/28/falling-lira-hits-syrian-enclave-backed-by-turkey/,,Falling lira hits Syrian enclave backed by Turkey | News,20180828T190000Z,https://radiocms-images.us1.eldarioncloud.com/resize/1200/https://storage.googleapis.com/media.mwcradio.com/mimesis/2018-08/28/2018-08-28T115751Z_1_LYNXNPEE7R0TY-OUSTP_RTROPTP_3_NEWS-US-MIDEAST-CRISIS-SYRIA-TURKEY-CURRENCY.JPG?upscale=False,kfgo.com,English,United States,Turkey
https://uk.reuters.com/article/uk-mideast-crisis-syria-turkey-currency-idUKKCN1LD191,https://uk.mobile.reuters.com/article/amp/idUKKCN1LD191,Falling lira hits Syrian enclave backed by Turkey,20180828T120000Z,https://s2.reutersmedia.net/resources/r/?m=02&d=20180828&t=2&i=1298238923&r=LYNXNPEE7R0S3,uk.reuters.com,English,United States,Turkey
https://www.reuters.com/article/uk-mideast-crisis-syria-turkey-currency/falling-lira-hits-syrian-enclave-backed-by-turkey-idUKKCN1LD191,https://mobile.reuters.com/article/amp/idUKKCN1LD191,Falling lira hits Syrian enclave backed by Turkey,20180828T141500Z,https://s2.reutersmedia.net/resources/r/?m=02&d=20180828&t=2&i=1298238923&r=LYNXNPEE7R0S3,reuters.com,English,United States,Turkey
https://www.forbes.com/sites/kenrapoza/2018/09/13/turkey-central-bank-plays-catch-up-and-market-applauds/,,"Turkey Central Bank Plays Catch - up , And Market Applauds",20180913T203000Z,https://specials-images.forbesimg.com/dam/imageserve/42751982/640x434.jpg?fit=scale,forbes.com,English,United States,Turkey
https://www.france24.com/en/20180810-turkey-curency-lira-plunge-erdogan-trump-twitter-tariffs,https://m.france24.com/en/20180810-turkey-curency-lira-plunge-erdogan-trump-twitter-tariffs,"Turkish lira plunges as Erdogan speaks , Trump tweets on tariffs",20180822T084500Z,https://scd.france24.com/en/files/imagecache/home_1024/article/image/erdogan-m_21.jpg,france24.com,English,France,Turkey
http://www.omanobserver.om/falling-lira-hits-syrian-enclave-backed-by-turkey/,http://www.omanobserver.om/falling-lira-hits-syrian-enclave-backed-by-turkey/amp/,Falling lira hits Syrian enclave backed by Turkey,20180828T184500Z,https://i1.wp.com/www.omanobserver.om/wp-content/uploads/2018/08/Syria-1.jpg?fit=886%2C576,omanobserver.om,English,Oman,Turkey
http://news.trust.org/item/20180823120631-sw3ob,http://mercury.postlight.com/amp?url=http://news.trust.org/item/20180823120631-sw3ob/,"Turkey says U . S . waging  economic war , lira weakens",20180823T150000Z,"https://d2sh4fq2xsdeg9.cloudfront.net/contentAsset/image/10feb88e-b837-4283-be84-dd5d39872acc/image/byInode/1/filter/Resize,Jpeg/jpeg_q/70/resize_w/1400",news.trust.org,English,United States,Turkey
https://akipress.com/news:610091,,Uzbekistani migrants returning home from Turkey after lira fall : Report,20180822T114500Z,https://static.ca-news.org/upload/ennews/1/610091.1534931356.m.jpg,akipress.com,English,Kyrgyzstan,Turkey
https://akipress.com/news:610091/,,Uzbekistani migrants returning home from Turkey after lira fall : Report,20180822T101500Z,https://static.ca-news.org/upload/ennews/1/610091.1534931356.m.jpg,akipress.com,English,Kyrgyzstan,Turkey
https://www.msn.com/en-us/news/world/turkey-central-bank-surprises-markets-with-big-rate-hike/ar-BBNgYLI,,Turkey central bank surprises markets with big rate hike,20180913T124500Z,,msn.com,English,United States,Turkey
https://uk.reuters.com/article/uk-turkey-currency/turkish-lira-falls-further-on-uncertainty-over-u-s-row-idUKKCN1LE0GN,https://uk.mobile.reuters.com/article/amp/idUKKCN1LE0GN,Turkish lira falls further on uncertainty over U . S . row,20180829T090000Z,https://s2.reutersmedia.net/resources/r/?m=02&d=20180829&t=2&i=1298502511&r=LYNXNPEE7S0BH,uk.reuters.com,English,United States,Turkey
https://www.reuters.com/article/uk-turkey-currency/turkish-lira-falls-further-on-uncertainty-over-us-row-idUSKCN1LE0GN,https://mobile.reuters.com/article/amp/idUSKCN1LE0GN,Turkish lira falls further on uncertainty over U . S . row,20180829T083000Z,https://s2.reutersmedia.net/resources/r/?m=02&d=20180829&t=2&i=1298502511&r=LYNXNPEE7S0BH,reuters.com,English,United States,Turkey
https://in.reuters.com/article/us-turkey-currency/turkish-lira-falls-further-on-uncertainty-over-u-s-row-idINKCN1LE0FZ,https://in.mobile.reuters.com/article/amp/idINKCN1LE0FZ,Turkish lira falls further on uncertainty over U . S . row,20180829T071500Z,https://s4.reutersmedia.net/resources/r/?m=02&d=20180829&t=2&i=1298501345&r=LYNXNPEE7S0B8,in.reuters.com,English,United States,Turkey
https://www.reuters.com/article/uk-turkey-currency/turkish-lira-falls-further-on-uncertainty-over-u-s-row-idUSKCN1LE0GN,https://mobile.reuters.com/article/amp/idUSKCN1LE0GN,Turkish lira falls further on uncertainty over U . S . row,20180829T073000Z,https://s2.reutersmedia.net/resources/r/?m=02&d=20180829&t=2&i=1298502511&r=LYNXNPEE7S0BH,reuters.com,English,United States,Turkey
https://in.reuters.com/article/us-turkey-currency/turkish-lira-steady-against-dollar-eyes-on-central-bank-idINKCN1LG0FC,https://in.mobile.reuters.com/article/amp/idINKCN1LG0FC,Turkish lira steady against dollar ; eyes on central bank,20180831T061500Z,https://s3.reutersmedia.net/resources/r/?m=02&d=20180831&t=2&i=1299172866&r=LYNXNPEE7U0AO,in.reuters.com,English,United States,Turkey
https://www.reuters.com/article/us-turkey-currency/turkish-lira-steady-against-dollar-eyes-on-central-bank-idUSKCN1LG0FC,https://mobile.reuters.com/article/amp/idUSKCN1LG0FC,Turkish lira steady against dollar ; eyes on central bank,20180831T070000Z,https://s3.reutersmedia.net/resources/r/?m=02&d=20180831&t=2&i=1299172866&r=LYNXNPEE7U0AO,reuters.com,English,United States,Turkey
https://uk.reuters.com/article/us-turkey-currency/turkish-lira-steady-against-dollar-eyes-on-central-bank-idUKKCN1LG0FC,https://uk.mobile.reuters.com/article/amp/idUKKCN1LG0FC,Turkish lira steady against dollar ; eyes on central bank,20180831T060000Z,https://s3.reutersmedia.net/resources/r/?m=02&d=20180831&t=2&i=1299172866&r=LYNXNPEE7U0AO,uk.reuters.com,English,United States,Turkey
https://www.reuters.com/article/us-turkey-currency/turkish-lira-weakens-1-percent-against-dollar-idUSKCN1LG0FC,https://mobile.reuters.com/article/amp/idUSKCN1LG0FC,Turkish lira steady against dollar ; eyes on central bank,20180831T060000Z,https://s3.reutersmedia.net/resources/r/?m=02&d=20180831&t=2&i=1299172866&r=LYNXNPEE7U0AO,reuters.com,English,United States,Turkey
https://uk.reuters.com/article/uk-turkey-currency/turkish-lira-steady-against-dollar-eyes-on-central-bank-idUKKCN1LG0F8,https://uk.mobile.reuters.com/article/amp/idUKKCN1LG0F8,Turkish lira steady against dollar ; eyes on central bank,20180831T090000Z,https://s3.reutersmedia.net/resources/r/?m=02&d=20180831&t=2&i=1299181397&r=LYNXNPEE7U0AM,uk.reuters.com,English,United States,Turkey
https://www.express.co.uk/news/world/1012263/turkish-lira-crisis-inflation-us-dollar-recep-tayyip-erdogan-donald-trump,https://www.express.co.uk/news/world/1012263/turkish-lira-crisis-inflation-us-dollar-recep-tayyip-erdogan-donald-trump/amp,Turkish lira CRISIS : Turkey facing turmoil as inflation rockets to 15 - year high,20180903T114500Z,https://cdn.images.express.co.uk/img/dynamic/78/750x445/1012263.jpg,express.co.uk,English,United Kingdom,Turkey
https://timesofoman.com/article/140119/World/Europe/The-commitment-and-determination-of-Turks-is-the-guarantee-needed-to-combat-attacks-on-Turkeys-econo,https://timesofoman.com/amp/Erdogan-says-commitment-of-all-Turks-needed-to-combat-attacks-on-economy.html,Erdogan says commitment of all Turks needed to combat attacks on economy,20180825T183000Z,https://timesofoman.com/uploads/images/2018/08/25/920810.JPG,timesofoman.com,English,Oman,Turkey
https://www.msn.com/en-ca/finance/topstories/turkey-says-us-trade-sanctions-could-destabilize-region-lira-slide-continues/ar-BBMuVnX,,"Turkey says U . S . trade sanctions could destabilize region , lira slide continues",20180828T120000Z,,msn.com,English,United States,Turkey
https://in.reuters.com/article/turkey-currency/turkish-lira-slides-3-percent-as-markets-reopen-eyes-on-u-s-stand-off-idINKCN1LC0PP,https://in.mobile.reuters.com/article/amp/idINKCN1LC0PP,"Turkish lira slides 3 percent as markets reopen , eyes on U . S . stand - off",20180827T093000Z,https://s2.reutersmedia.net/resources/r/?m=02&d=20180827&t=2&i=1297860293&r=LYNXNPEE7Q0FE,in.reuters.com,English,United States,Turkey
http://www.msn.com/en-gb/news/msn/turkey-bans-foreign-tender-for-home-sales/ar-BBNgZXD,,Turkey bans foreign tender for home sales,20180913T123000Z,,msn.com,English,United States,Turkey
http://www.vir.com.vn/turkey-hikes-tax-on-forex-deposits-to-prop-up-lira-62127.html,,Turkey hikes tax on forex deposits to prop up lira,20180831T120000Z,http://www.vir.com.vn/stores/news_dataimages/hung/082018/31/16/in_article/croped/turkey-hikes-tax-on-forex-deposits-to-prop-up-lira.jpg?randTime=1535716066,vir.com.vn,English,Vietnam,Turkey
https://news.mb.com.ph/2018/08/26/erdogan-says-commitment-of-all-turks-needed-to-combat-attacks-on-economy/,,Erdogan says commitment of all Turks needed to combat attacks on economy,20180826T001500Z,https://news.mb.com.ph/wp-content/uploads/2018/08/download-12-4.jpg,news.mb.com.ph,English,Philippines,Turkey
https://lfpress.com/pmn/business-pmn/turkeys-economy-slowed-in-second-quarter-as-currency-slid/wcm/1fed0d49-89fa-48c6-923e-d93512238120,https://lfpress.com/pmn/business-pmn/turkeys-economy-slowed-in-second-quarter-as-currency-slid/wcm/1fed0d49-89fa-48c6-923e-d93512238120/amp,Turkey economy slowed in second quarter as currency slid,20180910T160000Z,,lfpress.com,English,Canada,Turkey
https://www.localsyr.com/news/business/turkeys-economy-slowed-in-second-quarter-as-currency-slid/1431116676,https://www.localsyr.com/amp/news/business/turkeys-economy-slowed-in-second-quarter-as-currency-slid/1431116676,Turkey economy slowed in second quarter as currency slid,20180910T160000Z,,localsyr.com,English,United States,Turkey
http://www.wbal.com/article/334946/128/turkeys-economy-slowed-in-second-quarter-as-currency-slid,http://www.wbal.com/article/334946/128/turkeys-economy-slowed-in-second-quarter-as-currency-slid/amp,Turkey economy slowed in second quarter as | WBAL Radio 1090 AM,20180910T160000Z,,wbal.com,English,United States,Turkey
https://www.brownsvilleherald.com/news/business/turkey-s-economy-slowed-in-second-quarter-as-currency-slid/article_cf460736-a2a1-596a-8b9e-6075884439a1.html,,Turkey economy slowed in second quarter as currency slid,20180910T133000Z,,brownsvilleherald.com,English,United States,Turkey
https://www.seattlepi.com/news/world/article/Turkey-s-economy-slowed-in-second-quarter-as-13217106.php,https://www.seattlepi.com/news/world/amp/Turkey-s-economy-slowed-in-second-quarter-as-13217106.php,Turkey economy slowed in second quarter as currency slid,20180910T120000Z,https://www.seattlepi.com/img/pages/article/opengraph_default.png,seattlepi.com,English,United States,Turkey
https://www.ctpost.com/news/world/article/Turkey-s-economy-slowed-in-second-quarter-as-13217106.php,https://www.ctpost.com/news/world/amp/Turkey-s-economy-slowed-in-second-quarter-as-13217106.php,Turkey economy slowed in second quarter as currency slid,20180911T094500Z,https://www.ctpost.com/img/pages/article/opengraph_default.jpg,ctpost.com,English,United States,Turkey
http://www.bradfordera.com/news/business/turkey-s-economy-slowed-in-second-quarter-as-currency-slid/article_010a8243-f12c-5be4-a8c7-15e365922f33.html,,Turkey economy slowed in second quarter as currency slid,20180910T104500Z,https://bloximages.chicago2.vip.townnews.com/bradfordera.com/content/tncms/custom/image/b5c99bf4-6fa2-11e6-aeaa-e319e980b767.jpg?_dc=1472665530,bradfordera.com,English,United States,Turkey
https://www.512tech.com/business/turkey-economy-slowed-second-quarter-currency-slid/3NMIfW8NmThBbvJ25PFjbK/,,Turkey economy slowed in second quarter as currency sli,20180910T114500Z,,512tech.com,English,United States,Turkey
https://www.kiro7.com/news/turkeys-economy-slowed-in-second-quarter-as-currency-slid/830620557,http://amp.kiro7.com/news/turkeys-economy-slowed-in-second-quarter-as-currency-slid/830620557,Turkey economy slowed in second quarter as currency slid,20180910T111500Z,,kiro7.com,English,United States,Turkey
https://www.fox30jax.com/news/turkeys-economy-slowed-in-second-quarter-as-currency-slid/830620576,http://amp.fox30jax.com/news/turkeys-economy-slowed-in-second-quarter-as-currency-slid/830620576,Turkey economy slowed in second quarter as currency slid,20180910T101500Z,,fox30jax.com,English,United States,Turkey
https://www.tristatehomepage.com/news/business/turkeys-economy-slowed-in-second-quarter-as-currency-slid/1431116324,,Turkey economy slowed in second quarter as currency slid,20180910T103000Z,,tristatehomepage.com,English,United States,Turkey
http://kdhnews.com/business/turkey-s-economy-slowed-in-second-quarter-as-currency-slid/article_324d251d-3e22-527a-842d-bb76fb87580c.html,,Turkey economy slowed in second quarter as currency slid,20180910T103000Z,https://bloximages.newyork1.vip.townnews.com/kdhnews.com/content/tncms/custom/image/a9502720-c3e5-11e6-8a1e-8ba3baf03c79.jpg?_dc=1481930183,kdhnews.com,English,United States,Turkey
https://www.scnow.com/news/headlines/article_a4b28164-fe54-5669-b149-c6bcd5229afb.html,,Turkey economy slowed in second quarter as currency slid,20180910T103000Z,https://bloximages.newyork1.vip.townnews.com/scnow.com/content/tncms/custom/image/dc6f5c96-f052-11e5-b058-234ab0ad62fe.jpg?_dc=1458667438,scnow.com,English,United States,Turkey
https://lex18.com/ap-world-news/2018/09/10/turkeys-economy-slowed-in-second-quarter-as-currency-slid/,,Turkey economy slowed in second quarter as currency slid,20180910T103000Z,,lex18.com,English,United States,Turkey
https://www.chieftain.com/news/turkey-s-economy-slowed-in-second-quarter-as-currency-slid/article_3c884591-c806-57cb-be3f-e5e8385b6591.html,,Turkey economy slowed in second quarter as currency slid,20180910T103000Z,https://bloximages.chicago2.vip.townnews.com/chieftain.com/content/tncms/custom/image/fc940e48-4dce-11e6-bc0f-d7290819e507.png?_dc=1468946208,chieftain.com,English,United States,Turkey
https://www.ajc.com/business/turkey-economy-slowed-second-quarter-currency-slid/3NMIfW8NmThBbvJ25PFjbK/,https://www.ajc.com/business/turkey-economy-slowed-second-quarter-currency-slid/3NMIfW8NmThBbvJ25PFjbK/amp.html,Turkey economy slowed in second quarter as currency slid,20180910T103000Z,,ajc.com,English,United States,Turkey
https://www.ksl.com/article/46388642/turkeys-economy-slowed-in-second-quarter-as-currency-slid,,Turkey economy slowed in second quarter as currency slid,20180910T103000Z,https://www.ksl.com/article/46388642/?filter=ksl/responsive_story_lg,ksl.com,English,United States,Turkey
https://wxow.com/news/national-news-from-the-associated-press/2018/09/10/turkeys-economy-slowed-in-second-quarter-as-currency-slid/,,Turkey economy slowed in second quarter as currency slid,20180910T103000Z,,wxow.com,English,United States,Turkey
https://www.nzherald.co.nz/business/news/article.cfm?c_id=3&objectid=12122711,,Turkey economy slowed in second quarter as currency slid,20180910T103000Z,https://www.nzherald.co.nz/pb/resources/assets/img/fallback-promo-image.png?token=false,nzherald.co.nz,English,New Zealand,Turkey
http://www.startribune.com/turkey-s-economy-slowed-in-second-quarter-as-currency-slid/492835051/,http://m.startribune.com/turkey-s-economy-slowed-in-second-quarter-as-currency-slid/492835051/,Turkey economy slowed in second quarter as currency slid,20180910T103000Z,,startribune.com,English,United States,Turkey
https://www.timesdaily.com/business/turkey-s-economy-slowed-in-second-quarter-as-currency-slid/article_a1ef4e02-9927-52b0-9f34-e7267cc3608f.html,,Turkey economy slowed in second quarter as currency slid,20180910T103000Z,https://bloximages.newyork1.vip.townnews.com/timesdaily.com/content/tncms/custom/image/d8cc6cd8-2760-11e6-89ad-c3c5c744d99d.jpg?_dc=1464720759,timesdaily.com,English,United States,Turkey
https://www.heraldcourier.com/news/turkey-s-economy-slowed-in-second-quarter-as-currency-slid/article_2875eb75-335d-563d-81b7-7f8a61d8c29a.html,,Turkey economy slowed in second quarter as currency slid,20180910T103000Z,https://bloximages.newyork1.vip.townnews.com/heraldcourier.com/content/tncms/custom/image/924d18d2-c893-11e6-a201-97fe62cf4d14.png?_dc=1482444682,heraldcourier.com,English,United States,Turkey
https://ottawacitizen.com/pmn/business-pmn/turkeys-economy-slowed-in-second-quarter-as-currency-slid/wcm/1fed0d49-89fa-48c6-923e-d93512238120,https://ottawacitizen.com/pmn/business-pmn/turkeys-economy-slowed-in-second-quarter-as-currency-slid/wcm/1fed0d49-89fa-48c6-923e-d93512238120/amp,Turkey economy slowed in second quarter as currency slid,20180910T103000Z,,ottawacitizen.com,English,Canada,Turkey
https://www.dailyprogress.com/news/business/wire/turkey-s-economy-slowed-in-second-quarter-as-currency-slid/article_a28a7782-a846-54aa-b6ff-57f61615828d.html,,Turkey economy slowed in second quarter as currency slid,20180910T103000Z,https://bloximages.newyork1.vip.townnews.com/dailyprogress.com/content/tncms/custom/image/e508a5ee-2bf1-11e6-8cbf-63b688347ec1.jpg?_dc=1465222861,dailyprogress.com,English,United States,Turkey
https://www.tampabay.com/turkeys-economy-slowed-in-second-quarter-as-currency-slid-ap_world540176bd891e484681292195addea5f2,https://www.tampabay.com/turkeys-economy-slowed-in-second-quarter-as-currency-slid-ap_world540176bd891e484681292195addea5f2?template=amp,Turkey economy slowed in second quarter as currency slid,20180910T103000Z,,tampabay.com,English,United States,Turkey
http://www.hastingstribune.com/turkey-s-economy-slowed-in-second-quarter-as-currency-slid/article_1d81326c-f713-57ed-9bc0-e0429b1ebc51.html,,Turkey economy slowed in second quarter as currency slid,20180910T103000Z,https://bloximages.newyork1.vip.townnews.com/hastingstribune.com/content/tncms/custom/image/7b43d562-eeac-11e4-8a7b-970670abfcb2.jpg?_dc=1430338529,hastingstribune.com,English,United States,Turkey
https://business.financialpost.com/pmn/business-pmn/turkeys-economy-slowed-in-second-quarter-as-currency-slid,https://business.financialpost.com/pmn/business-pmn/turkeys-economy-slowed-in-second-quarter-as-currency-slid/amp,Turkey economy slowed in second quarter as currency slid,20180910T103000Z,,business.financialpost.com,English,Canada,Turkey
https://www.fox13memphis.com/news/turkeys-economy-slowed-in-second-quarter-as-currency-slid/830620487,http://amp.fox13memphis.com/news/turkeys-economy-slowed-in-second-quarter-as-currency-slid/830620487,Turkey economy slowed in second quarter as currency slid,20180910T100000Z,,fox13memphis.com,English,United States,Turkey
https://www.fox23.com/news/turkeys-economy-slowed-in-second-quarter-as-currency-slid/830620521,http://amp.fox23.com/news/turkeys-economy-slowed-in-second-quarter-as-currency-slid/830620521,Turkey economy slowed in second quarter as currency slid,20180910T094500Z,,fox23.com,English,United States,Turkey
https://www.wpxi.com/news/national-news/ap-top-news/turkeys-economy-slowed-in-second-quarter-as-currency-slid/830618869,http://amp.wpxi.com/news/national-news/ap-top-news/turkeys-economy-slowed-in-second-quarter-as-currency-slid/830618869,Turkey economy slowed in second quarter as currency slid,20180910T093000Z,,wpxi.com,English,United States,Turkey
https://www.dailymail.co.uk/wires/ap/article-6150411/Turkeys-economy-slowed-second-quarter-currency-slid.html,https://www.dailymail.co.uk/wires/ap/article-6150411/amp/Turkeys-economy-slowed-second-quarter-currency-slid.html,Turkey economy slowed in second quarter as currency slid,20180910T180000Z,,dailymail.co.uk,English,United Kingdom,Turkey
https://www.actionnewsjax.com/news/turkeys-economy-slowed-in-second-quarter-as-currency-slid/830620504,http://amp.actionnewsjax.com/news/turkeys-economy-slowed-in-second-quarter-as-currency-slid/830620504,Turkey economy slowed in second quarter as currency slid,20180910T090000Z,,actionnewsjax.com,English,United States,Turkey
https://www.mysanantonio.com/news/world/article/Turkey-s-economy-slowed-in-second-quarter-as-13217106.php,https://www.mysanantonio.com/news/world/amp/Turkey-s-economy-slowed-in-second-quarter-as-13217106.php,Turkey economy slowed in second quarter as currency slid,20180910T090000Z,https://www.mysanantonio.com/img/pages/article/opengraph_default.jpg,mysanantonio.com,English,United States,Turkey
https://www.wsbtv.com/news/national-news/ap-top-news/turkeys-economy-slowed-in-second-quarter-as-currency-slid/830618896,http://amp.wsbtv.com/news/national-news/ap-top-news/turkeys-economy-slowed-in-second-quarter-as-currency-slid/830618896,Turkey economy slowed in second quarter as currency slid,20180910T090000Z,,wsbtv.com,English,United States,Turkey
https://www.nzherald.co.nz/world/news/article.cfm?c_id=2&objectid=12122711,,Turkey economy slowed in second quarter as currency slid,20180910T084500Z,https://www.nzherald.co.nz/pb/resources/assets/img/fallback-promo-image.png?token=false,nzherald.co.nz,English,New Zealand,Turkey
https://www.wsoctv.com/news/national-news/ap-top-news/turkeys-economy-slowed-in-second-quarter-as-currency-slid/830618860,http://amp.wsoctv.com/news/national-news/ap-top-news/turkeys-economy-slowed-in-second-quarter-as-currency-slid/830618860,Turkey economy slowed in second quarter as currency slid,20180910T084500Z,,wsoctv.com,English,United States,Turkey
https://www.sfgate.com/news/world/article/Turkey-s-economy-slowed-in-second-quarter-as-13217106.php,https://www.sfgate.com/news/world/amp/Turkey-s-economy-slowed-in-second-quarter-as-13217106.php,Turkey economy slowed in second quarter as currency slid,20180910T084500Z,https://www.sfgate.com/img/pages/article/opengraph_default.png,sfgate.com,English,United States,Turkey
http://www.mysuncoast.com/ap/turkey-s-economy-slowed-in-second-quarter-as-currency-slid/article_d7648feb-ea09-5bbf-963f-664e4a600c7b.html,,Turkey economy slowed in second quarter as currency slid,20180910T103000Z,https://bloximages.newyork1.vip.townnews.com/mysuncoast.com/content/tncms/custom/image/a22f9e32-9527-11e5-86b1-b3fea9e37d1f.jpg?_dc=1448643316,mysuncoast.com,English,United States,Turkey
https://kristv.com/ap-international-news/2018/09/10/turkeys-economy-slowed-in-second-quarter-as-currency-slid/,,Turkey economy slowed in second quarter as currency slid,20180910T103000Z,,kristv.com,English,United States,Turkey
https://www.palmbeachpost.com/business/turkey-economy-slowed-second-quarter-currency-slid/3NMIfW8NmThBbvJ25PFjbK/,https://www.palmbeachpost.com/business/turkey-economy-slowed-second-quarter-currency-slid/3NMIfW8NmThBbvJ25PFjbK/amp.html,Turkey economy slowed in second quarter as currency slid,20180910T103000Z,,palmbeachpost.com,English,United States,Turkey
http://www.therepublic.com/2018/09/10/eu-turkey-economy-2/,,Turkey economy slowed in second quarter as currency slid,20180910T103000Z,,therepublic.com,English,United States,Turkey
https://www.beaumontenterprise.com/news/world/article/Turkey-s-economy-slowed-in-second-quarter-as-13217106.php,https://www.beaumontenterprise.com/news/world/amp/Turkey-s-economy-slowed-in-second-quarter-as-13217106.php,Turkey economy slowed in second quarter as currency slid,20180910T103000Z,https://www.beaumontenterprise.com/img/pages/article/opengraph_default.jpg,beaumontenterprise.com,English,United States,Turkey
http://wqow.com/news/national-news-from-the-associated-press/2018/09/10/turkeys-economy-slowed-in-second-quarter-as-currency-slid/,,Turkey economy slowed in second quarter as currency slid,20180910T103000Z,http://s3-ca-central-1.amazonaws.com/quincy-network/wp-content/uploads/sites/11/2018/08/27105945/QO_News-Category_1280x720-1.jpg,wqow.com,English,United States,Turkey
https://kztv10.com/news/ap-world-news/2018/09/10/turkeys-economy-slowed-in-second-quarter-as-currency-slid/,,Turkey economy slowed in second quarter as currency slid,20180910T103000Z,,kztv10.com,English,United States,Turkey
https://www.kveo.com/news/turkeys-economy-slowed-in-second-quarter-as-currency-slid/1431118097,,Turkey economy slowed in second quarter as currency slid,20180910T084500Z,,kveo.com,English,United States,Turkey
https://www.wral.com/turkey-s-economy-slowed-in-second-quarter-as-currency-slid/17832248/,https://www.wral.com/turkey-s-economy-slowed-in-second-quarter-as-currency-slid/17832248/?version=amp,Turkey economy slowed in second quarter as currency slid :: WRAL . com,20180910T091500Z,https://wwwcache.wral.com/presentation/v3/images/content/social/open_graph/wral_newcom_1920x1080.jpg,wral.com,English,United States,Turkey
https://www.chron.com/news/world/article/Turkey-s-economy-slowed-in-second-quarter-as-13217106.php,https://www.chron.com/news/world/amp/Turkey-s-economy-slowed-in-second-quarter-as-13217106.php,Turkey economy slowed in second quarter as currency slid,20180910T091500Z,https://www.chron.com/img/pages/article/opengraph_default.jpg,chron.com,English,United States,Turkey
https://www.siouxlandproud.com/news/turkeys-economy-slowed-in-second-quarter-as-currency-slid/1431118384,,Turkey economy slowed in second quarter as currency slid,20180910T091500Z,,siouxlandproud.com,English,United States,Turkey
http://www.wfmz.com/news/ap-world-news/turkeys-economy-slowed-in-second-quarter-as-currency-slid/792865100,,Turkey economy slowed in second quarter as currency slid,20180910T091500Z,https://media.wfmz.com/mara-wfmz-media-us-east-1/photo/2016/08/03/69NEWS_3219896_ver1.0.png,wfmz.com,English,United States,Turkey
https://www.wftv.com/news/national-news/ap-top-news/turkeys-economy-slowed-in-second-quarter-as-currency-slid/830618905,http://amp.wftv.com/news/national-news/ap-top-news/turkeys-economy-slowed-in-second-quarter-as-currency-slid/830618905,Turkey economy slowed in second quarter as currency slid,20180910T090000Z,,wftv.com,English,United States,Turkey
https://www.texomashomepage.com/news/turkeys-economy-slowed-in-second-quarter-as-currency-slid/1431118193,,Turkey economy slowed in second quarter as currency slid,20180910T090000Z,,texomashomepage.com,English,United States,Turkey
https://www.seattletimes.com/business/turkeys-economy-slowed-in-second-quarter-as-currency-slid/,,Turkey economy slowed in second quarter as currency slid,20180910T090000Z,https://www.seattletimes.com/wp-content/themes/st_refresh/img/st-meta-facebook.png,seattletimes.com,English,United States,Turkey
http://www.herald-dispatch.com/ap/ap_nation/turkey-s-economy-slowed-in-second-quarter-as-currency-slid/article_a0f4ce7b-b9a3-5556-ab86-772dcf48aafb.html,,Turkey economy slowed in second quarter as currency slid,20180910T160000Z,https://bloximages.newyork1.vip.townnews.com/herald-dispatch.com/content/tncms/custom/image/10aba90e-dd9e-11e6-8368-ebae1dfc24e1.png?_dc=1484758163,herald-dispatch.com,English,United States,Turkey
https://www.thenational.ae/business/economy/despite-erdogan-s-misgivings-turkey-central-bank-raises-interest-rates-1.770017,https://amp.thenational.ae/business/economy/despite-erdogan-s-misgivings-turkey-central-bank-raises-interest-rates-1.770017,"Despite Erdogan misgivings , Turkey central bank raises interest rates",20180913T130000Z,https://www.thenational.ae/image/policy:1.690140:1536839447/image.jpg?a=191%3A100&q=0.6&$p$a$q$w=e3c1d56,thenational.ae,English,United Arab Emirates,Turkey
https://asia.nikkei.com/Economy/Turkey-central-bank-hikes-rates-sharply-boosts-lira,,"Turkey central bank hikes rates sharply , boosts lira - Nikkei Asian Review",20180913T183000Z,,asia.nikkei.com,English,Japan,Turkey
http://booktour.tips/2018/09/turkey-stuns-market-with-massive-interest-rate-hike/,,Turkey stuns market with massive interest rate hike,20180913T221500Z,,booktour.tips,English,United States,Turkey
https://www.investing.com/news/economy-news/turkey-central-bank-hikes-rates-sharply-boosts-lira-1608894,https://m.investing.com/news/economy-news/turkey-central-bank-hikes-rates-sharply-boosts-lira-1608894?ampMode=1,"Turkey central bank hikes rates sharply , boosts lira",20180913T124500Z,https://i-invdn-com.akamaized.net/trkd-images/LYNXNPEE8C12Z_L.jpg,investing.com,English,United States,Turkey
https://www.theglobeandmail.com/business/article-turkish-central-bank-hikes-rates-in-strong-tightening-of-monetary/,https://beta.theglobeandmail.com/amp/business/article-turkish-central-bank-hikes-rates-in-strong-tightening-of-monetary/,"Turkey central bank hikes policy rate by 625 basis points , boosts lira",20180913T120000Z,https://www.theglobeandmail.com/resizer/0M1TcnvgSiJ9_8gXnwE-Gd6QbCc=/1200x0/filters:quality(80)/arc-anglerfish-tgam-prod-tgam.s3.amazonaws.com/public/7H7FKKKFVNGMPHGWNO2PED2TXM.JPG,theglobeandmail.com,English,Canada,Turkey
https://finance.yahoo.com/news/germanys-mediamarkt-suspends-turkeys-teknosa-123753314.html,https://www.yahoo.com/amphtml/finance/news/germanys-mediamarkt-suspends-turkeys-teknosa-123753314.html,Germany MediaMarkt suspends Turkey Teknosa acquisition plans,20180830T150000Z,https://s.yimg.com/uu/api/res/1.2/maS7w54LRUyz_p3VwGXxow--~B/aD01MzM7dz04MDA7c209MTthcHBpZD15dGFjaHlvbg--/http://globalfinance.zenfs.com/images/SG_AHTTP_OLGBBUS_Wrapper_NewFeed_1/2018-08-29T124613Z_1_LYNXNPEE7S0VR_RTROPTP_3_TURKEY-CURRENCY-MEDIAMARKT-TEKNOSA_original.jpg,finance.yahoo.com,English,United States,Turkey
https://www.reuters.com/article/us-turkey-currency-mediamarkt-teknosa/germanys-mediamarkt-suspends-turkeys-teknosa-acquisition-plans-sources-idUSKCN1LE1GW,https://mobile.reuters.com/article/amp/idUSKCN1LE1GW,Germany MediaMarkt suspends Turkey Teknosa acquisition plans : sources,20180829T133000Z,https://s2.reutersmedia.net/resources/r/?m=02&d=20180829&t=2&i=1298601178&r=LYNXNPEE7S0VF,reuters.com,English,United States,Turkey
https://in.reuters.com/article/us-turkey-currency-mediamarkt-teknosa/germanys-mediamarkt-suspends-turkeys-teknosa-acquisition-plans-sources-idINKCN1LE1GW,https://in.mobile.reuters.com/article/amp/idINKCN1LE1GW,Germany MediaMarkt suspends Turkey Teknosa acquisition plans : sources,20180829T151500Z,https://s2.reutersmedia.net/resources/r/?m=02&d=20180829&t=2&i=1298601178&r=LYNXNPEE7S0VF,in.reuters.com,English,United States,Turkey
https://money.cnn.com/2018/09/13/news/economy/turkey-emerging-markets/,,Turkey : One interest rate hike wont stop emerging market pain,20180913T164500Z,https://i2.cdn.turner.com/money/dam/assets/180810121655-turkish-lira-currency-exchange-780x439.jpg,money.cnn.com,English,United States,Turkey
http://www.thisismoney.co.uk/money/markets/article-6074363/Credit-downgrades-liras-collapse-raise-Turkish-recession-threat.html,,Credit downgrades after lira collapse raise Turkish recession threat,20180819T004500Z,https://i.dailymail.co.uk/i/newpix/2018/08/18/20/058C0883000007D0-0-image-a-176_1534618823054.jpg,thisismoney.co.uk,English,United Kingdom,Turkey
https://www.voanews.com/a/crashing-turkish-lira-in-the-balance-before-central-bank-meeting/4568437.html,https://www.voanews.com/amp/4568437.html,Crashing Turkish Lira in the Balance Before Central Bank Meeting,20180912T154500Z,https://gdb.voanews.com/3771DBB8-B53D-4962-9596-C4D09E0E3835_cx0_cy6_cw0_w1200_r1_s.jpg,voanews.com,English,United States,Turkey
https://www.msn.com/en-gb/news/world/turkish-lira-weakens-against-dollar-minister-warns-on-sanctions/ar-BBMxhCj,,"Turkish lira weakens against dollar , minister warns on sanctions",20180828T061500Z,,msn.com,English,United States,Turkey
https://www.theepochtimes.com/turkey-says-no-big-risk-to-economy-as-lira-falls-again_2635996.html,https://m.theepochtimes.com/turkey-says-no-big-risk-to-economy-as-lira-falls-again_2635996.html,Turkey Says No Big Risk to Economy as Lira Falls Again,20180829T110000Z,https://www.theepochtimes.com/assets/uploads/2018/08/29/2018-08-29T060227Z_1_LYNXNPEE7S0B8_RTROPTP_4_TURKEY-CURRENCY-1200x800.jpg,theepochtimes.com,English,United States,Turkey
https://www.msn.com/en-us/news/world/turkey-hikes-tax-on-forex-deposits-to-prop-up-lira/ar-BBMGHC5,,Turkey hikes tax on forex deposits to prop up lira,20180831T091500Z,,msn.com,English,United States,Turkey
http://www.digitaljournal.com/news/world/turkey-central-bank-surprises-markets-with-big-rate-hike/article/531933,,Turkey central bank surprises markets with big rate hike,20180913T131500Z,http://www.digitaljournal.com/img/1/0/4/8/0/9/3/i/3/9/7/p-large/152b9f810bc9869fff4b4877660cdeff707781a8.jpg,digitaljournal.com,English,United States,Turkey
https://www.quora.com/Would-you-travel-to-Turkey-in-its-current-state-Why-why-not,,Would you travel to Turkey in its current state ? Why / why not ? ,20180902T050000Z,,quora.com,English,China,Turkey
https://www.moneycontrol.com/news/world/turkish-central-bank-raises-rates-sharply-boosts-lira-2949091.html,https://www.moneycontrol.com/news/world/turkish-central-bank-raises-rates-sharply-boosts-lira-2949091.html/amp,"Turkish central bank raises rates sharply , boosts lira",20180913T164500Z,https://static-news.moneycontrol.com/static-mcnews/2018/08/turkish-lira-770x433.jpg,moneycontrol.com,English,India,Turkey
https://uk.reuters.com/uk.reuters.com/article/us-turkey-cenbank-rates/turkish-central-bank-raises-rates-sharply-boosts-lira-idUKKCN1LT1SW,https://uk.mobile.reuters.com/article/amp/idUKKCN1LT1SW,"Turkish central bank raises rates sharply , boosts lira",20180913T164500Z,https://s4.reutersmedia.net/resources/r/?m=02&d=20180913&t=2&i=1303914008&r=LYNXNPEE8C12Z,uk.reuters.com,English,United States,Turkey
https://www.business-standard.com/article/reuters/turkish-central-bank-raises-rates-sharply-boosts-lira-118091300856_1.html,https://wap.business-standard.com/article-amp/reuters/turkish-central-bank-raises-rates-sharply-boosts-lira-118091300856_1.html,"Turkish central bank raises rates sharply , boosts lira",20180913T170000Z,https://bsmedia.business-standard.com/_media/bs/img/article/default/1180913/full-118091300856.jpg,business-standard.com,English,India,Turkey
https://www.express.co.uk/news/world/1006374/Turkey-lira-crisis-eid-2018-turkey-news-us-sanctions-trump,https://www.express.co.uk/news/world/1006374/Turkey-lira-crisis-eid-2018-turkey-news-us-sanctions-trump/amp,Turkey lira crisis : Cash - strapped Turkish farmers CRIPPLED by rising cost of Eid feast,20180821T144500Z,https://cdn.images.express.co.uk/img/dynamic/78/750x445/1006374.jpg,express.co.uk,English,United Kingdom,Turkey
https://www.reuters.com/article/us-turkey-currency/turkish-lira-firms-as-markets-reopen-with-eye-on-us-row-idUSKCN1LC09N,https://mobile.reuters.com/article/amp/idUSKCN1LC09N,Turkish lira firms as markets reopen with eye on U . S . row,20180827T081500Z,https://s2.reutersmedia.net/resources/r/?m=02&d=20180827&t=2&i=1297799052&r=LYNXNPEE7Q06F,reuters.com,English,United States,Turkey
https://www.reuters.com/article/us-turkey-currency/turkish-lira-steady-as-markets-reopen-with-eye-on-u-s-row-idUSKCN1LC09N,https://mobile.reuters.com/article/amp/idUSKCN1LC09N,Turkish lira firms as markets reopen with eye on U . S . row,20180827T070000Z,https://s2.reutersmedia.net/resources/r/?m=02&d=20180827&t=2&i=1297799052&r=LYNXNPEE7Q06F,reuters.com,English,United States,Turkey
https://www.reuters.com/article/us-turkey-currency/turkish-lira-firms-as-markets-reopen-with-eye-on-u-s-row-idUSKCN1LC09N,https://mobile.reuters.com/article/amp/idUSKCN1LC09N,Turkish lira firms as markets reopen with eye on U . S . row,20180827T060000Z,https://s2.reutersmedia.net/resources/r/?m=02&d=20180827&t=2&i=1297799052&r=LYNXNPEE7Q06F,reuters.com,English,United States,Turkey
https://in.reuters.com/article/us-turkey-currency/turkish-lira-firms-as-markets-reopen-with-eye-on-u-s-row-idINKCN1LC09N,https://in.mobile.reuters.com/article/amp/idINKCN1LC09N,Turkish lira firms as markets reopen with eye on U . S . row,20180827T061500Z,https://s2.reutersmedia.net/resources/r/?m=02&d=20180827&t=2&i=1297799052&r=LYNXNPEE7Q06F,in.reuters.com,English,United States,Turkey
https://www.msn.com/en-us/news/world/lira-steady-after-turkey-says-us-waging-economic-war/ar-BBMjKfK,,Lira steady after Turkey says U . S . waging  economic war  ,20180823T053000Z,,msn.com,English,United States,Turkey
http://www.btvi.in/money/turkish-lira-falls-further-on-uncertainty-over-u-s--row/96125,,Turkish lira falls further on uncertainty over U . S . row,20180829T093000Z,http://www.btvi.in/media/images/news/Turkish_Lira_+_r4.jpg,btvi.in,English,India,Turkey
https://www.gurufocus.com/news/731242/why-markets-cried-foul-on-turkeys-move-to-support-the-lira,,"Aug 30 , 2018 - Why Markets Cried Foul on Turkey Move to Support the Lira",20180830T174500Z,,gurufocus.com,English,United States,Turkey
https://www.finder.com.au/travel-money/turkey,,Turkey Travel Money - Best way to take money to Turkey,20181002T213000Z,https://d1ic4altzx8ueg.cloudfront.net/finder-au/wp-uploads/2016/04/camera.png,finder.com.au,English,Australia,Turkey
https://www.express.co.uk/travel/articles/1026668/turkey-holidays-flights-news-turkish-lira-exchange-rate,https://www.express.co.uk/travel/articles/1026668/turkey-holidays-flights-news-turkish-lira-exchange-rate/amp,Turkey holidays : Book flights NOW for a cheap holiday as the Turkish lira slides | Travel News | Travel,20181004T093000Z,https://cdn.images.express.co.uk/img/dynamic/25/750x445/1026668.jpg,express.co.uk,English,United Kingdom,Turkey
http://www.gdnonline.com/Details/412998/Turkish-lira-firms-after-Erdogan-says-central-bank-independent,,World News : Turkish lira firms after Erdogan says central bank independent,20180926T083000Z,http://www.gdnonline.com/gdnimages/20180926%5C20180926_103205_0.jpg,gdnonline.com,English,United States,Turkey
http://www.gdnonline.com/Details/412998,,World News : Turkish lira firms after Erdogan says central bank independent,20180926T083000Z,http://www.gdnonline.com/gdnimages/20180926%5C20180926_103205_0.jpg,gdnonline.com,English,United States,Turkey
https://uk.reuters.com/article/us-turkey-currency/turkeys-lira-slightly-firmer-investors-weigh-up-prospects-of-better-u-s-ties-idUKKCN1M518S,https://uk.mobile.reuters.com/article/amp/idUKKCN1M518S,"Turkey lira slightly firmer , investors weigh up prospects of better U . S . ties",20180925T110000Z,https://s3.reutersmedia.net/resources/r/?m=02&d=20180925&t=2&i=1307980365&r=LYNXNPEE8O0MQ,uk.reuters.com,English,United States,Turkey
https://in.reuters.com/article/us-turkey-currency/turkeys-lira-slightly-firmer-investors-weigh-up-prospects-of-better-u-s-ties-idINKCN1M518S,https://in.mobile.reuters.com/article/amp/idINKCN1M518S,"Turkey lira slightly firmer , investors weigh up prospects of better U . S . ties",20180925T101500Z,https://s3.reutersmedia.net/resources/r/?m=02&d=20180925&t=2&i=1307980365&r=LYNXNPEE8O0MQ,in.reuters.com,English,United States,Turkey
https://www.reuters.com/article/us-turkey-currency/turkeys-lira-slightly-firmer-investors-weigh-up-prospects-of-better-u-s-ties-idUSKCN1M518S,https://mobile.reuters.com/article/amp/idUSKCN1M518S,"Turkey lira slightly firmer , investors weigh up prospects of better U . S . ties",20180925T103000Z,https://s3.reutersmedia.net/resources/r/?m=02&d=20180925&t=2&i=1307980365&r=LYNXNPEE8O0MQ,reuters.com,English,United States,Turkey
https://www.reuters.com/article/us-turkey-currency/turkeys-lira-slightly-firmer-investors-weigh-up-prospects-of-better-us-ties-idUSKCN1M518S,https://mobile.reuters.com/article/amp/idUSKCN1M518S,"Turkey lira slightly firmer , investors weigh up prospects of better U . S . ties",20180925T121500Z,https://s3.reutersmedia.net/resources/r/?m=02&d=20180925&t=2&i=1307980365&r=LYNXNPEE8O0MQ,reuters.com,English,United States,Turkey
https://in.reuters.com/article/us-turkey-currency/turkeys-lira-slightly-firmer-investors-weigh-up-prospects-of-better-us-ties-idINKCN1M518S,https://in.mobile.reuters.com/article/amp/idINKCN1M518S,"Turkey lira slightly firmer , investors weigh up prospects of better U . S . ties",20180925T121500Z,https://s3.reutersmedia.net/resources/r/?m=02&d=20180925&t=2&i=1307980365&r=LYNXNPEE8O0MQ,in.reuters.com,English,United States,Turkey
https://uk.reuters.com/article/us-turkey-currency/turkeys-lira-slightly-firmer-investors-weigh-up-prospects-of-better-us-ties-idUKKCN1M518S,https://uk.mobile.reuters.com/article/amp/idUKKCN1M518S,"Turkey lira slightly firmer , investors weigh up prospects of better U . S . ties",20180925T121500Z,https://s3.reutersmedia.net/resources/r/?m=02&d=20180925&t=2&i=1307980365&r=LYNXNPEE8O0MQ,uk.reuters.com,English,United States,Turkey
http://www.kitco.com/news/2018-09-26/Turkish-lira-firms-after-Erdogan-says-central-bank-independent.html,,Turkish lira firms after Erdogan says central bank independent,20180926T130000Z,,kitco.com,English,China,Turkey
https://www.msn.com/en-us/finance/markets/turkeys-lira-slightly-firmer-investors-weigh-up-prospects-of-better-us-ties/ar-AAABXjE,,"Turkey lira slightly firmer , investors weigh up prospects of better U . S . ties",20180925T103000Z,,msn.com,English,United States,Turkey
http://www.hurriyetdailynews.com/no-crisis-in-turkey-all-manipulations-president-erdogan-137024,http://www.hurriyetdailynews.com/amp/no-crisis-in-turkey-all-manipulations-president-erdogan-137024,"No crisis in Turkey , all manipulations : President Erdoğan",20180919T150000Z,,hurriyetdailynews.com,English,Turkey,Turkey
https://www.etftrends.com/2018/09/turkey-etf-rebounds-on-hopes-of-reconciliation-with-u-s/,https://www.etftrends.com/2018/09/turkey-etf-rebounds-on-hopes-of-reconciliation-with-u-s/amp/,Turkey ETF Rebounds on Hopes of Reconciliation with U . S . ,20180924T220000Z,https://d3hd9t0fnb52go.cloudfront.net/wp-content/uploads/2018/09/Turkey-ETF-Rebounds-on-Hopes-of-Reconciliation-with-U.S..jpg,etftrends.com,English,China,Turkey
http://www.kitco.com/news/2018-09-25/Turkey-s-lira-slightly-firmer-investors-weigh-up-prospects-of-better-U-S-ties.html,,"Turkey lira slightly firmer , investors weigh up prospects of better U . S . ties",20180925T134500Z,,kitco.com,English,China,Turkey
http://www.fethiyetimes.com/travel-2/28067-turkish-lira-crisis-sees-currency-plummets-britons-should-book-turkey-holidays-now.html,,Turkish lira crisis sees currency plummets - Britons should book Turkey holidays NOW,20181010T000000Z,http://s7148.pcdn.co/wp-content/uploads/Turkish-lira-Cheap-holidays-to-Turkey-1026668.jpg,fethiyetimes.com,English,Turkey,Turkey
https://www.fool.com/investing/2018/10/04/why-turkcell-iletisim-hizmetleri-stock-dropped-10.aspx?source=iedfolrf0000001,https://www.fool.com/amp/investing/2018/10/04/why-turkcell-iletisim-hizmetleri-stock-dropped-10.aspx,Why Turkcell Iletisim Hizmetleri Stock Dropped 10 % Today -- The Motley Fool,20181005T014500Z,https://g.foolcdn.com/editorial/images/496243/turkish-lira.jpg,fool.com,English,United States,Turkey
https://www.msn.com/en-us/news/world/turkeys-lira-firms-after-pompeo-says-he-expects-talks-on-us-pastor/ar-AAAAeDu,,Turkish lira strengthens after U . S . remarks on detained pastor,20180924T173000Z,,msn.com,English,United States,Turkey
http://www.focus-fen.net/news/2018/09/19/434293/hurryiet-no-crisis-in-turkey-all-manipulations-president-erdoan.html,,"Hurryiet : No crisis in Turkey , all manipulations : President Erdoğan",20180919T191500Z,http://images.focus-news.net/1/38ae1b84f7dbe353e6426359a9ba2cbd.jpg,focus-fen.net,English,Bulgaria,Turkey
http://focus-fen.net/./news/2018/09/19/434293/hurryiet-no-crisis-in-turkey-all-manipulations-president-erdoan.html,,"Hurryiet : No crisis in Turkey , all manipulations : President Erdoğan",20180919T190000Z,http://images.focus-news.net/1/38ae1b84f7dbe353e6426359a9ba2cbd.jpg,focus-fen.net,English,Bulgaria,Turkey
https://qz.com/1400630/in-turkeys-currency-crisis-spanish-banks-have-the-most-exposure-of-any-foreign-country/,https://qz.com/1400630/in-turkeys-currency-crisis-spanish-banks-have-the-most-exposure-of-any-foreign-country/amp/,"In Turkey currency crisis , Spanish banks have the most exposure of any foreign country Quartz",20180925T164500Z,https://cms.qz.com/wp-content/uploads/2018/09/turkey-banks-currency-crisis-lira-exposure-emerging-market-EM.jpg?quality=75&strip=all,qz.com,English,United States,Turkey
https://www.reuters.com/article/turkey-currency/turkish-lira-gains-on-hopes-of-improved-us-ties-idUSL8N1WB0PO,https://mobile.reuters.com/article/amp/idUSL8N1WB0PO,Turkish lira gains on hopes of improved U . S . ties,20180925T080000Z,https://s4.reutersmedia.net/resources_v2/images/rcom-default.png,reuters.com,English,United States,Turkey
https://www.reuters.com/article/turkey-currency/turkish-lira-gains-on-hopes-of-improved-u-s-ties-idUSL8N1WB0PO,https://mobile.reuters.com/article/amp/idUSL8N1WB0PO,Turkish lira gains on hopes of improved U . S . ties,20180925T143000Z,https://s4.reutersmedia.net/resources_v2/images/rcom-default.png,reuters.com,English,United States,Turkey
https://uk.reuters.com/article/turkey-currency/turkish-lira-gains-on-hopes-of-improved-us-ties-idUKL8N1WB0PO,https://uk.mobile.reuters.com/article/amp/idUKL8N1WB0PO,Turkish lira gains on hopes of improved U . S . ties,20180925T143000Z,https://s4.reutersmedia.net/resources_v2/images/rcom-default.png,uk.reuters.com,English,United States,Turkey
https://www.msn.com/en-us/finance/markets/turkeys-lira-firms-after-pompeo-says-he-expects-talks-on-us-pastor/ar-AAAAeDu,,Turkey lira firms after Pompeo says he expects talks on U . S . pastor,20180924T183000Z,,msn.com,English,United States,Turkey
http://vestnikkavkaza.net/analysis/Turkey-came-under-economic-attack.html,http://vestnikkavkaza.net/amp/116266,Turkey came under  economic attack  | Vestnik Kavkaza,20180921T120000Z,http://vestnikkavkaza.net/upload2/2018-09-21/15375241645ba4c1c4182963.96264067.jpg,vestnikkavkaza.net,English,Russia,Turkey
http://en.mercopress.com/2018/09/14/turkey-property-sales-rental-contracts-and-leasing-must-be-made-in-the-lira-currency,,"Turkey property sales , rental contracts and leasing must be made in the Lira currency",20180914T091500Z,http://en.mercopress.com/data/cache/noticias/65914/600x315/erdogan.jpg,en.mercopress.com,English,Argentina,Turkey
https://www.sott.net/article/396340-Erdogans-talking-Turkey-not-America-in-his-crackdown-on-USD-in-favor-of-lira,,Erdogan talking  Turkey not America  in his crackdown on USD in favor of lira -- Puppet Masters -- Sott . net,20180919T201500Z,https://www.sott.net/image/s24/488881/full/5turkish_lira_Murad_Sezer_Reut.jpg,sott.net,English,United States,Turkey
https://www.reuters.com/article/us-turkey-currency/turkish-lira-strengthens-after-u-s-remarks-on-detained-pastor-idUSKCN1M41YA,https://mobile.reuters.com/article/amp/idUSKCN1M41YA,Turkish lira strengthens after U . S . remarks on detained pastor,20180924T163000Z,https://s2.reutersmedia.net/resources/r/?m=02&d=20180924&t=2&i=1307725577&r=LYNXNPEE8N1C3,reuters.com,English,United States,Turkey
https://in.reuters.com/article/us-turkey-currency/turkish-lira-strengthens-after-u-s-remarks-on-detained-pastor-idINKCN1M41YA,https://in.mobile.reuters.com/article/amp/idINKCN1M41YA,Turkish lira strengthens after U . S . remarks on detained pastor,20180924T161500Z,https://s2.reutersmedia.net/resources/r/?m=02&d=20180924&t=2&i=1307725577&r=LYNXNPEE8N1C3,in.reuters.com,English,United States,Turkey
https://www.reuters.com/article/us-turkey-currency/turkish-lira-strengthens-after-us-remarks-on-detained-pastor-idUSKCN1M41YA,https://mobile.reuters.com/article/amp/idUSKCN1M41YA,Turkish lira strengthens after U . S . remarks on detained pastor,20180924T164500Z,https://s2.reutersmedia.net/resources/r/?m=02&d=20180924&t=2&i=1307725577&r=LYNXNPEE8N1C3,reuters.com,English,United States,Turkey
http://www.rudaw.net/english/middleeast/turkey/08102018,,Turkey plans to lax some restrictions for deals in foreign curre,20181008T104500Z,http://www.rudaw.net/ContentFiles/405314Image1.jpg,rudaw.net,English,Iraq,Turkey
https://in.reuters.com/article/turkey-currency-property/turkey-rules-property-sales-rental-agreements-must-be-in-lira-idINKCN1LT0G6,https://in.mobile.reuters.com/article/amp/idINKCN1LT0G6,"Turkey rules property sales , rental agreements must be in lira",20180913T084500Z,https://s4.reutersmedia.net/resources/r/?m=02&d=20180913&t=2&i=1303801131&r=LYNXNPEE8C0BT,in.reuters.com,English,United States,Turkey
https://defence.pk/pdf/threads/turkey-annual-inflation-hits-24-5-in-september.580140/,,Turkey annual inflation hits 24 . 5 % in September,20181004T024500Z,,defence.pk,English,Pakistan,Turkey
https://www.moneycontrol.com/news/world/turkey-rules-property-sales-rental-agreements-must-be-in-lira-2948171.html,https://www.moneycontrol.com/news/world/turkey-rules-property-sales-rental-agreements-must-be-in-lira-2948171.html/amp,"Turkey rules property sales , rental agreements must be in lira",20180913T101500Z,https://static-news.moneycontrol.com/static-mcnews/2018/08/turkish-lira-770x433.jpg,moneycontrol.com,English,India,Turkey
https://dailytimes.com.pk/297538/turkey-rules-property-sales-rental-agreements-must-be-in-lira/,https://dailytimes.com.pk/297538/turkey-rules-property-sales-rental-agreements-must-be-in-lira/amp/,"Turkey rules property sales , rental agreements must be in lira",20180913T220000Z,,dailytimes.com.pk,English,Pakistan,Turkey
https://uk.reuters.com/article/us-turkey-currency/turkeys-lira-firms-after-pompeo-says-he-expects-talks-on-u-s-pastor-idUKKCN1M41YA,https://uk.mobile.reuters.com/article/amp/idUKKCN1M41YA,Turkey lira firms after Pompeo says he expects talks on U . S . pastor,20180924T183000Z,https://s2.reutersmedia.net/resources/r/?m=02&d=20180924&t=2&i=1307725577&r=LYNXNPEE8N1C3,uk.reuters.com,English,United States,Turkey
https://nationalinterest.org/blog/middle-east-watch/can-erdogans-new-powers-help-fix-turkeys-economy-32062,,Can Erdogan New Powers Help Fix Turkey Economy ? ,20180926T220000Z,https://nationalinterest.org/sites/default/files/main_images/RTS22XDY.jpg,nationalinterest.org,English,United States,Turkey
http://www.msn.com/en-us/news/msn/the-turkish-lira-dives-after-erdogan-calls-for-lower-interest-rates-%e2%80%94-stoking-fears-about-central-bank-independence/ar-BBNgSSD,,The Turkish lira dives after Erdogan calls for lower interest rates stoking fears about central bank independence,20180917T181500Z,,msn.com,English,United States,Turkey
https://in.reuters.com/article/us-turkey-currency-property/turkey-rules-property-sales-rental-agreements-must-be-in-lira-idINKCN1LT0G2,https://in.mobile.reuters.com/article/amp/idINKCN1LT0G2,"Turkey rules property sales , rental agreements must be in lira",20180913T054500Z,https://s4.reutersmedia.net/resources/r/?m=02&d=20180913&t=2&i=1303796221&r=LYNXNPEE8C0AY,in.reuters.com,English,United States,Turkey
https://www.reuters.com/article/us-turkey-currency-property/turkey-rules-property-sales-rental-agreements-must-be-in-lira-idUSKCN1LT0G2,https://mobile.reuters.com/article/amp/idUSKCN1LT0G2,"Turkey rules property sales , rental agreements must be in lira",20180913T051500Z,https://s4.reutersmedia.net/resources/r/?m=02&d=20180913&t=2&i=1303796221&r=LYNXNPEE8C0AY,reuters.com,English,United States,Turkey
https://www.reuters.com/article/us-turkey-currency-property/turkey-rules-property-sales-rental-agreements-must-be-in-lira-official-gazette-idUSKCN1LT0G2,https://mobile.reuters.com/article/amp/idUSKCN1LT0G2,"Turkey rules property sales , rental agreements must be in lira",20180913T060000Z,https://s4.reutersmedia.net/resources/r/?m=02&d=20180913&t=2&i=1303796221&r=LYNXNPEE8C0AY,reuters.com,English,United States,Turkey
https://in.reuters.com/article/us-turkey-currency-property/turkey-rules-property-sales-rental-agreements-must-be-in-lira-official-gazette-idINKCN1LT0G2,https://in.mobile.reuters.com/article/amp/idINKCN1LT0G2,"Turkey rules property sales , rental agreements must be in lira",20180913T060000Z,https://s4.reutersmedia.net/resources/r/?m=02&d=20180913&t=2&i=1303796221&r=LYNXNPEE8C0AY,in.reuters.com,English,United States,Turkey
http://www.cityam.com/264442/turkey-inflation-rate-hits-25-per-cent-lira-takes-another,http://www.cityam.com/264442/turkey-inflation-rate-hits-25-per-cent-lira-takes-another/amp,Turkey inflation rate hits 25 per cent as lira takes another hit against the US dollar amid Erdogan Trump dispute over American pastor,20181003T101500Z,http://www.cityam.com/assets/uploads/main-image/full_width_article_body_image/turkeys-president-calls-for-citizens-to-convert-us-dollars-to-turkish-lira-627824098-5bb4741b93d7b.jpg,cityam.com,English,United Kingdom,Turkey
https://finanza.repubblica.it/Bloomberg/2018/10/01/lira_on_the_mend_as_turkish_economy_reboots_after_currency_shock-PFWXC06TTDS001_BLF/,,Lira on the Mend as Turkish Economy Reboots After Currency Shock - Economia e Finanza,20181001T170000Z,https://assets.bwbx.io/images/users/iqjWHBFdfxIU/iDMjcF9ikdU4/v2/pi0TFsqn_N8siPbzgcJYQlLw/-1x-1.png,finanza.repubblica.it,English,Kosovo,Turkey
https://finanza.repubblica.it/Bloomberg/2018/10/01/lira_on_the_mend_as_turkish_economy_reboots_after_currency_shock-PFWXC06TTDS001_BLE/,,Lira on the Mend as Turkish Economy Reboots After Currency Shock - Economia e Finanza,20181001T170000Z,https://assets.bwbx.io/images/users/iqjWHBFdfxIU/iDMjcF9ikdU4/v2/pi0TFsqn_N8siPbzgcJYQlLw/-1x-1.png,finanza.repubblica.it,English,Kosovo,Turkey
"http://www.gdnonline.com/Details/391096/Turkey-rules-property-sales,-rental-agreements-must-be-in-lira",,"World News : Turkey rules property sales , rental agreements must be in lira",20180913T074500Z,http://www.gdnonline.com/gdnimages/20180913%5C20180913_101936_0.jpg,gdnonline.com,English,United States,Turkey
http://www.gdnonline.com/Details/391096,,"World News : Turkey rules property sales , rental agreements must be in lira",20180913T083000Z,http://www.gdnonline.com/gdnimages/20180913%5C20180913_101936_0.jpg,gdnonline.com,English,United States,Turkey
https://www.actionforex.com/contributors/technical-analysis/133911-usdtry-moves-further-down-on-easing-us-turkey-political-tensions/,https://www.actionforex.com/contributors/technical-analysis/133911-usdtry-moves-further-down-on-easing-us-turkey-political-tensions/amp/,USDTRY Moves Further Down On Easing US / Turkey Political Tensions,20180925T113000Z,https://www.actionforex.com/wp-content/uploads/tag-images/usd5.jpg,actionforex.com,English,United Kingdom,Turkey
https://realty.economictimes.indiatimes.com/news/regulatory/turkey-rules-property-sales-rental-agreements-must-be-in-lira/65808458,https://realty.economictimes.indiatimes.com/amp/news/regulatory/turkey-rules-property-sales-rental-agreements-must-be-in-lira/65808458,"Turkey rules property sales , rental agreements must be in lira , Real Estate News , ET RealEstate",20180914T140000Z,"https://etimg.etb2bimg.com/thumb/msid-65808458,imgsize-43440,width-800,height-434,overlay-etrealty/turkey-rules-property-sales-rental-agreements-must-be-in-lira.jpg",realty.economictimes.indiatimes.com,English,India,Turkey
https://www.bnnbloomberg.ca/lira-gains-on-hopes-u-s-pastor-held-in-turkey-will-be-released-1.1141972,,Lira gains on hopes U . S . pastor held in Turkey will be released,20180924T143000Z,https://www.bnnbloomberg.ca/polopoly_fs/1.1122745!/fileimage/httpImage/image.jpg_gen/derivatives/landscape_620/turkish-lira-and-dollar-banknotes-sit-in-this-arranged-photo-at-a-currency-exchange-bureau-in-istanb.jpg,bnnbloomberg.ca,English,Canada,Turkey
https://www.trtworld.com/turkey/turkey-to-use-lira-in-property-purchases-sales-rents-20193,https://www.trtworld.com/turkey/turkey-to-use-lira-in-property-purchases-sales-rents-20193/amp,"Turkey to use lira in property purchases , sales , rents",20180913T084500Z,https://cdni0.trtworld.com/w480/h270/q75/40612_180900TURISTANBULSKYLINEAP_1536818526928.jpg,trtworld.com,English,Turkey,Turkey
http://www.cityam.com/264260/erdogan-accuses-us-using-pastor-dark-links-terrorists,http://www.cityam.com/264260/erdogan-accuses-us-using-pastor-dark-links-terrorists/amp,President Recep Tayyip Erdogan accuses US pastor Andrew Brunson of having  dark link to terrorism,20181001T153000Z,http://www.cityam.com/assets/uploads/main-image/full_width_article_body_image/turkey-politics-erdogan-1044037464-5bb2321510f91.jpg,cityam.com,English,United Kingdom,Turkey
http://www.editorandpublisher.com/news/some-300-newspapers-printing-houses-shut-down-due-to-rising-paper-costs-in-turkey/,,"Some 300 Newspapers , Printing Houses Shut Down Due to Rising Paper Costs in Turkey – Editor & Publisher",20181006T010000Z,,editorandpublisher.com,English,United States,Turkey
https://www.businessinsider.com/r-alibaba-and-other-china-heavyweights-eye-turkey-assets-after-lira-plunge-source-say-2018-9,https://amp.businessinsider.com/r-alibaba-and-other-china-heavyweights-eye-turkey-assets-after-lira-plunge-source-say-2018-9,"Alibaba and other China heavyweights eye Turkey assets after lira plunge , source say",20180927T121500Z,,businessinsider.com,English,United States,Turkey
https://www.reuters.com/article/turkey-economy-funds/no-risk-in-turkish-public-fund-buying-bank-debt-presidential-spokesman-idUSL8N1WJ5O9,https://mobile.reuters.com/article/amp/idUSL8N1WJ5O9,No risk in Turkish public fund buying bank debt - presidential spokesman,20181003T231500Z,https://s4.reutersmedia.net/resources_v2/images/rcom-default.png,reuters.com,English,United States,Turkey
https://in.reuters.com/article/us-turkey-currency/turkeys-lira-firms-after-pompeo-says-he-expects-talks-on-u-s-pastor-idINKCN1M41YA,https://in.mobile.reuters.com/article/amp/idINKCN1M41YA,Turkey lira firms after Pompeo says he expects talks on U . S . pastor,20180924T173000Z,https://s2.reutersmedia.net/resources/r/?m=02&d=20180924&t=2&i=1307725577&r=LYNXNPEE8N1C3,in.reuters.com,English,United States,Turkey
https://www.reuters.com/article/us-turkey-currency/turkeys-lira-firms-after-pompeo-says-he-expects-talks-on-us-pastor-idUSKCN1M41YA,https://mobile.reuters.com/article/amp/idUSKCN1M41YA,Turkey lira firms after Pompeo says he expects talks on U . S . pastor,20180924T174500Z,https://s2.reutersmedia.net/resources/r/?m=02&d=20180924&t=2&i=1307725577&r=LYNXNPEE8N1C3,reuters.com,English,United States,Turkey
https://www.reuters.com/article/us-turkey-currency/turkeys-lira-firms-after-pompeo-says-he-expects-talks-on-u-s-pastor-idUSKCN1M41YA,https://mobile.reuters.com/article/amp/idUSKCN1M41YA,Turkey lira firms after Pompeo says he expects talks on U . S . pastor,20180924T171500Z,https://s2.reutersmedia.net/resources/r/?m=02&d=20180924&t=2&i=1307725577&r=LYNXNPEE8N1C3,reuters.com,English,United States,Turkey
https://www.reuters.com/article/us-turkey-cenbank-creditcard/turkish-central-bank-raises-maximum-credit-card-rates-from-october-idUSKCN1LW065,https://mobile.reuters.com/article/amp/idUSKCN1LW065,Turkish central bank raises maximum credit card rates from October,20180916T104500Z,https://s1.reutersmedia.net/resources/r/?m=02&d=20180916&t=2&i=1304882021&r=LYNXNPEE8F08A,reuters.com,English,United States,Turkey
https://www.reuters.com/article/us-turkey-cenbank-creditcard-idUSKCN1LW065,https://mobile.reuters.com/article/amp/idUSKCN1LW065,Turkish central bank raises maximum credit card rates from October,20180916T091500Z,https://s1.reutersmedia.net/resources/r/?m=02&d=20180916&t=2&i=1304882021&r=LYNXNPEE8F08A,reuters.com,English,United States,Turkey
https://in.reuters.com/article/us-turkey-cenbank-creditcard/turkish-central-bank-raises-maximum-credit-card-rates-from-october-idINKCN1LW065,https://in.mobile.reuters.com/article/amp/idINKCN1LW065,Turkish central bank raises maximum credit card rates from October,20180916T083000Z,https://s1.reutersmedia.net/resources/r/?m=02&d=20180916&t=2&i=1304882021&r=LYNXNPEE8F08A,in.reuters.com,English,United States,Turkey
http://dietpillo.com/2018/09/turkey-expected-to-hike-rates-in-new-test-for-central-bank/,,Turkey expected to hike rates in new test for central bank,20180916T011500Z,,dietpillo.com,English,United States,Turkey
https://www.thestar.com.my/business/business-news/2018/10/11/turkey-allows-forex-loan-restructuring-in-lira-banks-may-face-losses/,,"Turkey allows forex loan restructuring in lira , banks may face losses - Business News",20181011T073000Z,https://www.thestar.com.my/~/media/online/2018/08/12/22/38/turkey-lira.ashx/?&crop=1&hash=98704391D0056396CD78DDDD175D64B3665BAFC0,thestar.com.my,English,Malaysia,Turkey
https://sputniknews.com/business/201809221068251423-turkey-venezuela-dollar/,https://sputniknews.com/amp/business/201809221068251423-turkey-venezuela-dollar/,Ankara Wants to Use National Currencies Instead of US Dollar in Venezuela Trade,20180922T141500Z,https://cdn4.img.sputniknews.com/images/106714/38/1067143825.jpg,sputniknews.com,English,Russia,Turkey
https://www.alaraby.co.uk/english/news/2018/10/3/turkey-inflation-rate-skyrockets-to-nearly-25-percent,https://www.alaraby.co.uk/english/amp/news/2018/10/3/turkey-inflation-rate-skyrockets-to-nearly-25-percent,Turkey inflation rate skyrockets to nearly 25 percent,20181003T100000Z,https://www.alaraby.co.uk/english/file/getimagecustom/6d13778b-35c7-44bf-aa10-6745b3e0ec08/600/338,alaraby.co.uk,English,United Kingdom,Turkey
https://www.msn.com/en-us/finance/markets/turkey-rules-property-sales-rental-agreements-must-be-in-lira/ar-BBNgbeh,,"Turkey rules property sales , rental agreements must be in lira",20180913T060000Z,,msn.com,English,United States,Turkey
http://www.atimes.com/article/syrians-in-turkey-feel-the-sting-of-currency-crisis/,http://www.atimes.com/article/syrians-in-turkey-feel-the-sting-of-currency-crisis/amp/,Syrians in Turkey feel the sting of dire currency crisis,20180928T133000Z,http://static.atimes.com/uploads/2018/08/075_cupolo-notitle180809_npjVv-1600x960.jpg,atimes.com,English,China,Turkey
https://www.msn.com/en-us/finance/markets/turkish-lira-flat-after-rate-hike-gains-investors-look-to-government-plan/ar-BBNjd7n,,"Turkish lira flat after rate hike gains , investors look to government plan",20180914T094500Z,,msn.com,English,United States,Turkey
https://uk.reuters.com/article/turkey-currency/turkish-lira-eases-ahead-of-economic-programme-announcement-idUKL8N1W60MX,https://uk.mobile.reuters.com/article/amp/idUKL8N1W60MX,Turkish lira eases ahead of economic programme announcement,20180920T101500Z,https://s4.reutersmedia.net/resources_v2/images/rcom-default.png,uk.reuters.com,English,United States,Turkey
https://www.reuters.com/article/turkey-currency/turkish-lira-eases-ahead-of-economic-programme-announcement-idUSL8N1W60MX,https://mobile.reuters.com/article/amp/idUSL8N1W60MX,Turkish lira eases ahead of economic programme announcement,20180920T063000Z,https://s4.reutersmedia.net/resources_v2/images/rcom-default.png,reuters.com,English,United States,Turkey
https://www.reuters.com/article/us-turkey-economy-loans/turkey-allows-forex-loan-restructuring-in-lira-banks-may-face-losses-idUSKCN1ML0MO,https://mobile.reuters.com/article/amp/idUSKCN1ML0MO,"Turkey allows forex loan restructuring in lira , banks may face losses",20181011T073000Z,https://s4.reutersmedia.net/resources_v2/images/rcom-default.png,reuters.com,English,United States,Turkey
https://in.reuters.com/article/us-turkey-economy-loans/turkey-allows-forex-loan-restructuring-in-lira-banks-may-face-losses-idINKCN1ML0MO,https://in.mobile.reuters.com/article/amp/idINKCN1ML0MO,"Turkey allows forex loan restructuring in lira , banks may face losses",20181011T070000Z,https://s4.reutersmedia.net/resources_v2/images/rcom-default.png,in.reuters.com,English,United States,Turkey
http://www.investmentwatchblog.com/loans-sour-in-turkey-inflation-hits-25-interest-rates-spike-fears-of-contagion-rise/,,"Loans Sour in Turkey , Inflation Hits 25 %, Interest Rates Spike , Fears of Contagion Rise – Investment Watch Blog",20181005T223000Z,,investmentwatchblog.com,English,United States,Turkey
https://wolfstreet.com/2018/10/05/financial-pressures-in-turkey-bad-loans-inflation-central-bank-interest-rate/,,"Financial Pressures Pile Up in Turkey , as Loans Sour , Inflation Spikes to 25 %, Policy Rate to 24 % ",20181005T193000Z,https://wolfstreet.com/wp-content/uploads/2018/10/BIS-DQ-claims.png,wolfstreet.com,English,Spain,Turkey
https://mrtopstep.com/turkeys-currency-slides-after-erdogan-takes-aim-at-its-central-bank-for-hiking-rates/,https://mrtopstep.com/turkeys-currency-slides-after-erdogan-takes-aim-at-its-central-bank-for-hiking-rates/amp/,Turkey currency slides after Erdogan takes aim at its central bank for hiking rates,20180914T190000Z,https://static4.businessinsider.com/image/5b9bd71764dce828308b5193/turkeys-currency-slides-after-erdogan-takes-aim-at-its-central-bank-for-hiking-rates.jpg,mrtopstep.com,English,United States,Turkey
https://www.businessinsider.in/turkeys-currency-slides-after-erdogan-takes-aim-at-its-central-bank-for-hiking-rates/articleshow/65813523.cms,https://www.businessinsider.in/turkeys-currency-slides-after-erdogan-takes-aim-at-its-central-bank-for-hiking-rates/amp_articleshow/65813523.cms,Turkey currency slides after Erdogan takes aim at its central bank for hiking rates,20180914T190000Z,https://www.businessinsider.in/photo/65813523/turkeys-currency-slides-after-erdogan-takes-aim-at-its-central-bank-for-hiking-rates.jpg?68150,businessinsider.in,English,India,Turkey
http://www.msn.com/en-us/news/msn/the-lira-is-going-wild-after-the-turkish-central-bank-defied-erdogan-and-hiked-interest-rates/ar-BBNgYaV,,The lira is going wild after the Turkish central bank defied Erdogan and hiked interest rates,20180913T120000Z,,msn.com,English,United States,Turkey
https://cyprus-mail.com/2018/09/13/turkey-rules-property-sales-rental-agreements-must-be-in-lira/,,"Turkey rules property sales , rental agreements must be in lira",20180913T064500Z,https://cyprus-mail.com/wp-content/uploads/2018/09/istanbul-houses.jpg,cyprus-mail.com,English,Cyprus,Turkey
https://www.msn.com/en-ca/finance/topstories/alibaba-and-other-china-heavyweights-eye-turkey-assets-after-lira-plunge-source-say/ar-BBNBZme,,"Alibaba and other China heavyweights eye Turkey assets after lira plunge , source say",20180927T110000Z,,msn.com,English,United States,Turkey
http://www.euronews.com/2018/09/13/turkey-rules-property-sales-rental-agreements-must-be-in-lira,,"Turkey rules property sales , rental agreements must be in lira",20180913T121500Z,https://static.euronews.com/articles/wires/04/34/48/44/1000x563_turkey-rules-property-sales-rental-agreements-must-be-in-lira.jpg,euronews.com,English,United States,Turkey
http://www.swissinfo.ch/eng/turkey-rules-property-sales--rental-agreements-must-be-in-lira/44396202,,"Turkey rules property sales , rental agreements must be in lira",20180913T113000Z,http://www.swissinfo.ch/blob/44396204/f15e560d38388a3b0158216c93653718/image_kcn1lt1lx-data.jpg,swissinfo.ch,English,Switzerland,Turkey
https://www.reuters.com/article/turkey-economy-gdp/update-1-turkey-slashes-growth-forecasts-for-2018-2019-in-economic-plan-lira-falls-idUSL8N1W6254,https://mobile.reuters.com/article/amp/idUSL8N1W6254,"UPDATE 1 - Turkey slashes growth forecasts for 2018 , 2019 in economic plan , lira falls",20180920T110000Z,https://s4.reutersmedia.net/resources_v2/images/rcom-default.png,reuters.com,English,United States,Turkey
http://www.kitco.com/news/2018-09-20/UPDATE-1-Turkey-slashes-growth-forecasts-for-2018-2019-in-economic-plan-lira-falls.html,,"UPDATE 1 - Turkey slashes growth forecasts for 2018 , 2019 in economic plan , lira falls",20180920T131500Z,,kitco.com,English,China,Turkey
https://uk.reuters.com/article/turkey-economy-gdp-idUKL8N1W6254,https://uk.mobile.reuters.com/article/amp/idUKL8N1W6254,"UPDATE 1 - Turkey slashes growth forecasts for 2018 , 2019 in economic plan , lira falls",20180920T100000Z,https://s4.reutersmedia.net/resources_v2/images/rcom-default.png,uk.reuters.com,English,United States,Turkey
https://uk.reuters.com/article/turkey-economy-gdp/update-1-turkey-slashes-growth-forecasts-for-2018-2019-in-economic-plan-lira-falls-idUKL8N1W6254,https://uk.mobile.reuters.com/article/amp/idUKL8N1W6254,"UPDATE 1 - Turkey slashes growth forecasts for 2018 , 2019 in economic plan , lira falls",20180920T233000Z,https://s4.reutersmedia.net/resources_v2/images/rcom-default.png,uk.reuters.com,English,United States,Turkey
https://news.am/eng/news/471411.html,,Turkish banks sell gold,20180917T143000Z,https://news.am/img/news/47/14/11/default.jpg,news.am,English,Armenia,Turkey
https://www.msn.com/en-us/finance/markets/turkish-central-bank-raises-maximum-credit-card-rates-from-october/ar-BBNou1c,,Turkish central bank raises maximum credit card rates from October,20180916T103000Z,,msn.com,English,United States,Turkey
http://www.hurriyetdailynews.com/alibaba-other-chinese-giants-eye-turkey-assets-after-liras-fall-sources-137286,http://www.hurriyetdailynews.com/amp/alibaba-other-chinese-giants-eye-turkey-assets-after-liras-fall-sources-137286,"Alibaba , other Chinese giants eye Turkey assets after lira fall : Sources",20180927T121500Z,,hurriyetdailynews.com,English,Turkey,Turkey
https://markets.businessinsider.com/news/stocks/turkish-interest-rates-lira-2018-9-1027531719,https://markets.businessinsider.com/amp/news/turkish-interest-rates-lira-2018-9-1027531719,The lira is going wild after the Turkish central bank defied Erdogan and hiked interest rates,20180913T130000Z,https://static2.businessinsider.com/image/5b71331089c8a130008b52a6-1500/ap16212598431265.jpg,markets.businessinsider.com,English,United States,Turkey
https://www.worldreligionnews.com/religion-news/pastor-andrew-brunsons-fate-will-decided-turkish-court,https://www.worldreligionnews.com/religion-news/pastor-andrew-brunsons-fate-will-decided-turkish-court/amp/,Pastor Andrew Brunson Fate Will Be Decided by Turkish Court,20180930T184500Z,https://www.worldreligionnews.com/wp-content/uploads/2018/09/Recep_Tayyip_Erdogan_2017.jpg,worldreligionnews.com,English,United States,Turkey
https://uk.reuters.com/article/turkey-currency/turkeys-lira-weakens-investors-eye-september-inflation-data-idUKL8N1WI1V3,https://uk.mobile.reuters.com/article/amp/idUKL8N1WI1V3,"Turkey lira weakens , investors eye September inflation data",20181002T110000Z,https://s4.reutersmedia.net/resources_v2/images/rcom-default.png,uk.reuters.com,English,United States,Turkey
https://www.reuters.com/article/turkey-currency/turkeys-lira-weakens-investors-eye-september-inflation-data-idUSL8N1WI1V3,https://mobile.reuters.com/article/amp/idUSL8N1WI1V3,"Turkey lira weakens , investors eye September inflation data",20181002T110000Z,https://s4.reutersmedia.net/resources_v2/images/rcom-default.png,reuters.com,English,United States,Turkey
http://www.kitco.com/news/2018-10-02/Turkey-s-lira-weakens-investors-eye-September-inflation-data.html,,"Turkey lira weakens , investors eye September inflation data",20181002T124500Z,,kitco.com,English,China,Turkey
http://mwcnews.net/news/business/74062-turkey-came-under-economic-attack.html,,Erdogan says Turkey came under  economic attack  ,20180915T201500Z,http://mwcnews.net/images/comprofiler/62_54935dde3f7bb.jpg,mwcnews.net,English,Israel,Turkey
https://www.msn.com/en-us/finance/markets/alibaba-and-other-china-heavyweights-eye-turkey-assets-after-lira-plunge-sources/ar-BBNC8WD,,Alibaba and other China heavyweights eye Turkey assets after lira plunge : sources,20180927T143000Z,,msn.com,English,United States,Turkey
https://www.businesstimes.com.sg/real-estate/turkeys-dogus-reit-sets-rates-for-foreign-currency-rent,https://www.businesstimes.com.sg/real-estate/turkeys-dogus-reit-sets-rates-for-foreign-currency-rent?amp,Turkey Dogus Reit sets rates for foreign currency rent,20181004T001500Z,https://www.businesstimes.com.sg/sites/all/themes/custom/businesstimes/images/BTdefault800.png,businesstimes.com.sg,English,Singapore,Turkey
https://af.reuters.com/article/worldNews/idAFKCN1LT1M0,,"Turkey rules property sales , rental agreements must be in lira",20180913T143000Z,https://s3.reutersmedia.net/resources/r/?m=02&d=20180913&t=2&i=1303897955&r=LYNXNPEE8C0YM,af.reuters.com,English,United States,Turkey
https://uk.reuters.com/article/uk-turkey-currency-property/turkey-rules-property-sales-rental-agreements-must-be-in-lira-idUKKCN1LT1M0,https://uk.mobile.reuters.com/article/amp/idUKKCN1LT1M0,"Turkey rules property sales , rental agreements must be in lira",20180913T113000Z,https://s3.reutersmedia.net/resources/r/?m=02&d=20180913&t=2&i=1303897955&r=LYNXNPEE8C0YM,uk.reuters.com,English,United States,Turkey
https://www.msn.com/en-us/news/politics/turkeys-currency-slides-after-erdogan-takes-aim-at-its-central-bank-for-hiking-rates/ar-BBNkDmI,,Turkey currency slides after Erdogan takes aim at its central bank for hiking rates,20180914T171500Z,,msn.com,English,United States,Turkey
https://www.business-standard.com/article/reuters/turkey-rules-property-sales-rental-agreements-must-be-in-lira-118091300165_1.html,https://wap.business-standard.com/article-amp/reuters/turkey-rules-property-sales-rental-agreements-must-be-in-lira-118091300165_1.html,"Turkey rules property sales , rental agreements must be in lira",20180913T060000Z,https://bsmedia.business-standard.com/_media/bs/img/article/default/1180913/full-118091300165.jpg,business-standard.com,English,India,Turkey
http://news.trust.org/item/20180913043936-9ict5,http://mercury.postlight.com/amp?url=http://news.trust.org/item/20180913043936-9ict5/,"Turkey rules property sales , rental agreements must be in ... ",20180913T061500Z,"https://d2sh4fq2xsdeg9.cloudfront.net/contentAsset/image/b5315b48-c63f-4410-8110-a15545509b42/image/byInode/1/filter/Resize,Jpeg/jpeg_q/70/resize_w/1400",news.trust.org,English,United States,Turkey
https://www.nasdaq.com/article/why-turkcell-iletisim-hizmetleri-stock-dropped-10-today-cm1032529,https://www.nasdaq.com/article/why-turkcell-iletisim-hizmetleri-stock-dropped-10-today-cm1032529/amp,Why Turkcell Iletisim Hizmetleri Stock Dropped 10 % Today,20181005T011500Z,https://www.nasdaq.com/images/dreamit.jpg,nasdaq.com,English,United States,Turkey
https://www.reuters.com/article/us-turkey-currency-idUSKCN1M41YA,https://mobile.reuters.com/article/amp/idUSKCN1M41YA,Turkey lira firms after Pompeo says he expects talks on U . S . pastor,20180924T214500Z,https://s2.reutersmedia.net/resources/r/?m=02&d=20180924&t=2&i=1307725577&r=LYNXNPEE8N1C3,reuters.com,English,United States,Turkey
https://uk.reuters.com/article/us-turkey-currency/turkish-lira-strengthens-after-u-s-remarks-on-detained-pastor-idUKKCN1M41YA,https://uk.mobile.reuters.com/article/amp/idUKKCN1M41YA,Turkey lira firms after Pompeo says he expects talks on U . S . pastor,20180924T223000Z,https://s2.reutersmedia.net/resources/r/?m=02&d=20180924&t=2&i=1307725577&r=LYNXNPEE8N1C3,uk.reuters.com,English,United States,Turkey
https://in.reuters.com/article/turkey-currency/turkeys-lira-firms-after-pompeo-says-he-expects-talks-on-us-pastor-idINKCN1M42AQ,https://in.mobile.reuters.com/article/amp/idINKCN1M42AQ,Turkey lira firms after Pompeo says he expects talks on U . S . pastor,20180924T220000Z,https://s4.reutersmedia.net/resources/r/?m=02&d=20180924&t=2&i=1307777435&r=LYNXNPEE8N1LU,in.reuters.com,English,United States,Turkey
https://in.reuters.com/article/turkey-currency/turkeys-lira-firms-after-pompeo-says-he-expects-talks-on-u-s-pastor-idINKCN1M42AQ,https://in.mobile.reuters.com/article/amp/idINKCN1M42AQ,Turkey lira firms after Pompeo says he expects talks on U . S . pastor,20180924T194500Z,https://s4.reutersmedia.net/resources/r/?m=02&d=20180924&t=2&i=1307777435&r=LYNXNPEE8N1LU,in.reuters.com,English,United States,Turkey
https://uk.reuters.com/article/us-turkey-currency/turkeys-lira-firms-after-pompeo-says-he-expects-talks-on-us-pastor-idUKKCN1M41YA,https://uk.mobile.reuters.com/article/amp/idUKKCN1M41YA,Turkey lira firms after Pompeo says he expects talks on U . S . pastor,20180924T203000Z,https://s2.reutersmedia.net/resources/r/?m=02&d=20180924&t=2&i=1307725577&r=LYNXNPEE8N1C3,uk.reuters.com,English,United States,Turkey
https://www.firstpost.com/business/turkeys-lira-firms-after-pompeo-says-he-expects-talks-on-u-s-pastor-5253691.html,https://www.firstpost.com/business/turkeys-lira-firms-after-pompeo-says-he-expects-talks-on-u-s-pastor-5253691.html/amp,Turkey lira firms after Pompeo says he expects talks on U . S . pastor,20180924T213000Z,"https://res.cloudinary.com/firstpost/image/upload/q_auto,f_auto,fl_lossy/nw18-firstpost/reuters/09-2018/25/2018-09-24T190225Z_1_LYNXNPEE8N1LU_RTROPTP_2_TURKEY-CENBANK-RATES.jpg",firstpost.com,English,India,Turkey
https://www.onenewspage.com/n/Front+Page/1zjaa5p85b/Turkey-frees-pastor-amid-US-tensions-despite-terror.htm,https://m.onenewspage.com/n/Front+Page/1zjaa5p85b/Turkey-frees-pastor-amid-US-tensions-despite-terror.htm,Turkey frees pastor amid US tensions despite terror conviction,20181012T230000Z,https://cdn.newsserve.net/700/t/20181012/4ee17f7e16f2ea3db5f7cb9d8d36f95d.jpg,onenewspage.com,English,United States,Turkey
https://markets.businessinsider.com/currencies/news/turkish-lira-slides-erdogan-takes-aim-at-central-bank-for-hiking-rates-2018-9-1027536564,https://markets.businessinsider.com/amp/news/turkish-lira-slides-erdogan-takes-aim-at-central-bank-for-hiking-rates-2018-9-1027536564,Turkey currency slides after Erdogan takes aim at its central bank for hiking rates,20180914T164500Z,https://static6.businessinsider.com/image/56ebdd8952bcd022008b7330-2000/tayyip-erdogan.jpg,markets.businessinsider.com,English,United States,Turkey
https://www.etftrends.com/turkey-etf-still-has-a-lot-of-work-to-do/,https://www.etftrends.com/turkey-etf-still-has-a-lot-of-work-to-do/amp/,Turkey ETF Still Has a Lot of Work to Do,20180924T220000Z,https://d3hd9t0fnb52go.cloudfront.net/wp-content/uploads/2018/09/Turkey-ETF-Still-Has-a-Lot-of-Work-to-Do.jpg,etftrends.com,English,China,Turkey
https://www.businessinsider.com.au/turkish-interest-rates-lira-2018-9,https://www.businessinsider.com.au/turkish-interest-rates-lira-2018-9/amp,The lira is going wild after the Turkish central bank defied Erdogan and hiked interest rates,20180913T121500Z,https://static.businessinsider.com/image/5b71331089c8a130008b52a6-640.jpg,businessinsider.com.au,English,Australia,Turkey
https://ahvalnews.com/turkey-economy/turkey-outlines-steps-help-banks-economic-plan,https://ahvalnews.com/turkey-economy/turkey-outlines-steps-help-banks-economic-plan?amp,Turkey outlines steps to help banks in economic plan,20180920T164500Z,https://ahvalnews.com/sites/default/files/styles/social_image/public/2018-08/bero.jpg?c99ccd5&itok=ihP1ZtgA,ahvalnews.com,English,Turkey,Turkey
https://www.reuters.com/article/us-turkey-economy-china/alibaba-and-other-china-heavyweights-eye-turkey-assets-after-lira-plunge-sources-idUSKCN1M718C,https://mobile.reuters.com/article/amp/idUSKCN1M718C,Alibaba and other China heavyweights eye Turkey assets after lira plunge : sources,20180927T144500Z,https://s1.reutersmedia.net/resources/r/?m=02&d=20180927&t=2&i=1308708466&r=LYNXNPEE8Q0Q0,reuters.com,English,United States,Turkey
https://in.reuters.com/article/us-turkey-economy-china/alibaba-and-other-china-heavyweights-eye-turkey-assets-after-lira-plunge-sources-idINKCN1M718C,https://in.mobile.reuters.com/article/amp/idINKCN1M718C,Alibaba and other China heavyweights eye Turkey assets after lira plunge : sources,20180927T143000Z,https://s1.reutersmedia.net/resources/r/?m=02&d=20180927&t=2&i=1308708466&r=LYNXNPEE8Q0Q0,in.reuters.com,English,United States,Turkey
https://seekingalpha.com/news/3392382-turkish-lira-climbs-amid-optimism-u-s-pastor-release,https://seekingalpha.com/amp/news/3392382-turkish-lira-climbs-amid-optimism-u-s-pastor-release,Turkish lira climbs amid optimism for U . S . pastor release,20180924T180000Z,https://static3.seekingalpha.com/assets/og_image_192-59bfd51c9fe6af025b2f9f96c807e46f8e2f06c5ae787b15bf1423e6c676d4db.png,seekingalpha.com,English,United States,Turkey
https://www.dailysabah.com/real-estate/2018/09/14/property-purchases-sales-rents-to-be-made-in-lira-as-turkey-puts-end-to-deals-in-foreign-currencies,https://www.dailysabah.com/real-estate/2018/09/14/property-purchases-sales-rents-to-be-made-in-lira-as-turkey-puts-end-to-deals-in-foreign-currencies/amp,"Property purchases , sales , rents to be made in lira as Turkey puts end to deals in foreign currencies",20180913T220000Z,,dailysabah.com,English,Turkey,Turkey
https://www.reuters.com/article/us-turkey-currency/turkish-lira-flat-after-rate-hike-gains-investors-look-to-government-plan-idUSKCN1LU0FL,https://mobile.reuters.com/article/amp/idUSKCN1LU0FL,"Turkish lira flat after rate hike gains , investors look to government plan",20180914T081500Z,https://s1.reutersmedia.net/resources/r/?m=02&d=20180914&t=2&i=1304190663&r=LYNXNPEE8D0C2,reuters.com,English,United States,Turkey
https://in.reuters.com/article/us-turkey-currency/turkish-lira-flat-after-rate-hike-gains-investors-look-to-government-plan-idINKCN1LU0FL,https://in.mobile.reuters.com/article/amp/idINKCN1LU0FL,"Turkish lira flat after rate hike gains , investors look to government plan",20180914T083000Z,https://s1.reutersmedia.net/resources/r/?m=02&d=20180914&t=2&i=1304190663&r=LYNXNPEE8D0C2,in.reuters.com,English,United States,Turkey
https://uk.reuters.com/article/us-turkey-currency/turkish-lira-flat-after-rate-hike-gains-investors-look-to-government-plan-idUKKCN1LU0FL,https://uk.mobile.reuters.com/article/amp/idUKKCN1LU0FL,"Turkish lira flat after rate hike gains , investors look to government plan",20180914T091500Z,https://s1.reutersmedia.net/resources/r/?m=02&d=20180914&t=2&i=1304190663&r=LYNXNPEE8D0C2,uk.reuters.com,English,United States,Turkey
https://uk.reuters.com/article/us-turkey-currency/turkish-lira-eases-after-hefty-central-bank-rate-hike-idUKKCN1LU0FL,https://uk.mobile.reuters.com/article/amp/idUKKCN1LU0FL,"Turkish lira flat after rate hike gains , investors look to government plan",20180914T091500Z,https://s1.reutersmedia.net/resources/r/?m=02&d=20180914&t=2&i=1304190663&r=LYNXNPEE8D0C2,uk.reuters.com,English,United States,Turkey
https://www.reuters.com/article/us-turkey-currency-idUSKCN1LU0FL,https://mobile.reuters.com/article/amp/idUSKCN1LU0FL,"Turkish lira flat after rate hike gains , investors look to government plan",20180914T103000Z,https://s1.reutersmedia.net/resources/r/?m=02&d=20180914&t=2&i=1304190663&r=LYNXNPEE8D0C2,reuters.com,English,United States,Turkey
http://www.cpifinancial.net/news/category/economics/post/47207/turkish-presidential-decree-allows-forex-loan-restructuring-in-lira,,"Turkish presidential decree allows forex loan restructuring in lira | CPI Financial | CPI Financial News | Banking and Financial News , Islamic Business and Finance , Commercial Banking",20181011T120000Z,http://www.cpifinancial.net/files/blog/47207/large/Hands_holding_turkish_lira_bills_Credit_Yulia_Grigoryeva_ss_412167256.jpg,cpifinancial.net,English,United Arab Emirates,Turkey
http://www.cpifinancial.net/news/post/47207/turkish-presidential-decree-allows-forex-loan-restructuring-in-lira,,"Turkish presidential decree allows forex loan restructuring in lira | CPI Financial | CPI Financial News | Banking and Financial News , Islamic Business and Finance , Commercial Banking",20181011T110000Z,http://www.cpifinancial.net/files/blog/47207/large/Hands_holding_turkish_lira_bills_Credit_Yulia_Grigoryeva_ss_412167256.jpg,cpifinancial.net,English,United Arab Emirates,Turkey
http://cpifinancial.net/news/post/47207/turkish-presidential-decree-allows-forex-loan-restructuring-in-lira,,"Turkish presidential decree allows forex loan restructuring in lira | CPI Financial | CPI Financial News | Banking and Financial News , Islamic Business and Finance , Commercial Banking",20181011T110000Z,http://cpifinancial.net/files/blog/47207/large/Hands_holding_turkish_lira_bills_Credit_Yulia_Grigoryeva_ss_412167256.jpg,cpifinancial.net,English,United Arab Emirates,Turkey
https://www.express.co.uk/news/world/1022242/turkey-news-usa-prisoners-release-mike-pompeo-latest,https://www.express.co.uk/news/world/1022242/turkey-news-usa-prisoners-release-mike-pompeo-latest/amp,Turkey news : US demands Erdogan releases American prisoners NOW as tensions SOAR,20180924T211500Z,https://cdn.images.express.co.uk/img/dynamic/78/750x445/1022242.jpg,express.co.uk,English,United Kingdom,Turkey
https://www.barrons.com/articles/turkey-stocks-1537482437,https://www.barrons.com/amp/articles/turkey-stocks-1537482437,Stocks in Turkey Might be Ready for a Bounce if You Hurry,20180921T120000Z,https://asset.barrons.com/public/resources/images/ON-CR311_Euro_0_G_20180920170512.jpg,barrons.com,English,China,Turkey
https://www.bloombergquint.com/politics/2018/09/24/pompeo-says-u-s-may-hold-talks-with-turkey-on-pastor-this-week,/politics/2018/09/24/pompeo-says-u-s-may-hold-talks-with-turkey-on-pastor-this-week.amp,Pompeo Says U . S May Hold Talks With Turkey on Pastor This Week,20180924T183000Z,,bloombergquint.com,English,India,Turkey
https://www.reuters.com/article/turkey-currency-rent/turkeys-dogus-real-estate-sets-rates-for-foreign-currency-rent-idUSL8N1WI55G,https://mobile.reuters.com/article/amp/idUSL8N1WI55G,Turkey Dogus Real Estate sets rates for foreign currency rent,20181002T160000Z,https://s4.reutersmedia.net/resources_v2/images/rcom-default.png,reuters.com,English,United States,Turkey
https://uk.reuters.com/article/turkey-currency-rent/turkeys-dogus-real-estate-sets-rates-for-foreign-currency-rent-idUKL8N1WI55G,https://uk.mobile.reuters.com/article/amp/idUKL8N1WI55G,Turkey Dogus Real Estate sets rates for foreign currency rent,20181002T181500Z,https://s4.reutersmedia.net/resources_v2/images/rcom-default.png,uk.reuters.com,English,United States,Turkey
https://www.reuters.com/article/turkey-currency-rent-idUSL8N1WI55G,https://mobile.reuters.com/article/amp/idUSL8N1WI55G,Turkey Dogus Real Estate sets rates for foreign currency rent,20181002T171500Z,https://s4.reutersmedia.net/resources_v2/images/rcom-default.png,reuters.com,English,United States,Turkey
https://www.actionforex.com/contributors/technical-analysis/138827-usdtry-outlook-lira-enjoys-support-from-weaker-dollar-but-politics-are-likely-to-be-the-main-driver-again/,https://www.actionforex.com/contributors/technical-analysis/138827-usdtry-outlook-lira-enjoys-support-from-weaker-dollar-but-politics-are-likely-to-be-the-main-driver-again/amp/,USDTRY Outlook : Lira Enjoys Support from Weaker Dollar But Politics are Likely to be the Main Driver Again,20181011T164500Z,https://www.actionforex.com/wp-content/uploads/tag-images/usd5.jpg,actionforex.com,English,United Kingdom,Turkey
http://www.poandpo.com/news_business/turkey-eases-ban-on-fx-contracts-9102018536/,http://www.poandpo.com/news_business/turkey-eases-ban-on-fx-contracts-9102018536.amp,Turkey eases ban on FX contracts POST Online Media,20181009T103000Z,,poandpo.com,English,United States,Turkey
https://www.minsterfm.com/news/world/2684549/turkeys-central-bank-raises-interest-rate-to-24/,https://www.minsterfm.com/news/world/2684549/turkeys-central-bank-raises-interest-rate-to-24/amp/,Minster FM - News - Turkey central bank raises interest rate to 24 % ,20180913T164500Z,http://e3.365dm.com/18/08/640x380/skynews-turkey-lira_4388648.jpg,minsterfm.com,English,United Kingdom,Turkey
https://www.spirefm.co.uk/news/world/2684553/turkeys-central-bank-raises-interest-rate-to-24/,https://www.spirefm.co.uk/news/world/2684553/turkeys-central-bank-raises-interest-rate-to-24/amp/,Spire FM - News - Turkey central bank raises interest rate to 24 % ,20180913T161500Z,http://e3.365dm.com/18/08/640x380/skynews-turkey-lira_4388648.jpg,spirefm.co.uk,English,United Kingdom,Turkey
https://www.strayfm.com/news/world/2684556/turkeys-central-bank-raises-interest-rate-to-24/,https://www.strayfm.com/news/world/2684556/turkeys-central-bank-raises-interest-rate-to-24/amp/,Stray FM - News - Turkey central bank raises interest rate to 24 % ,20180913T163000Z,http://e3.365dm.com/18/08/640x380/skynews-turkey-lira_4388648.jpg,strayfm.com,English,United Kingdom,Turkey
https://www.msn.com/en-gb/finance/other/turkeys-central-bank-hikes-interest-rate-to-24-25/ar-BBNhMV0,,Turkey central bank hikes interest rate to 24 % ,20180913T201500Z,,msn.com,English,United States,Turkey
https://www.piratefm.co.uk/news/world-news/2684552/turkeys-central-bank-raises-interest-rate-to-24/,https://www.piratefm.co.uk/news/world-news/2684552/turkeys-central-bank-raises-interest-rate-to-24/amp/,Pirate FM - News - Turkey central bank raises interest rate to 24 % ,20180914T033000Z,http://e3.365dm.com/18/08/640x380/skynews-turkey-lira_4388648.jpg,piratefm.co.uk,English,United Kingdom,Turkey
https://www.jewsnews.co.il/2018/09/26/trump-demands-that-turkey-release-american-prisoners-now-or-else-the-islamic-country-will-face-devastating-consequences.html,,Trump demands that Turkey release American prisoners NOW – or else the Islamic country will face devastating consequences,20180926T103000Z,https://www.jewsnews.co.il/wp-content/uploads/2018/09/11-368.jpg,jewsnews.co.il,English,Israel,Turkey
https://www.pulse.ng/bi/finance/turkeys-currency-surges-more-than-3-on-hopes-a-detained-american-pastor-will-be-released-id8896480.html,https://amp.pulse.ng/bi/finance/turkeys-currency-surges-more-than-3-on-hopes-a-detained-american-pastor-will-be-released-id8896480.html,Turkey currency surges more than 3 % on hopes a detained American pastor will be released,20180925T091500Z,https://static.pulse.ng/img/finance/crop8896478/723467357-chorizontal-w1200-h630/5b76c8408ea82f1a008b554f.jpg,pulse.ng,English,Nigeria,Turkey
https://www.pulse.com.gh/bi/finance/turkeys-currency-surges-more-than-3-on-hopes-a-detained-american-pastor-will-be-released-id8896480.html,https://amp.pulse.com.gh/bi/finance/turkeys-currency-surges-more-than-3-on-hopes-a-detained-american-pastor-will-be-released-id8896480.html,Turkey currency surges more than 3 % on hopes a detained American pastor will be released,20180924T220000Z,https://static.pulse.com.gh/img/finance/crop8896478/8881846664-chorizontal-w470-h246/5b76c8408ea82f1a008b554f.jpg,pulse.com.gh,English,Ghana,Turkey
https://markets.businessinsider.com/currencies/news/lira-surges-on-hopes-turkey-to-release-detained-american-pastor-2018-9-1027559867,https://markets.businessinsider.com/amp/news/lira-surges-on-hopes-turkey-to-release-detained-american-pastor-2018-9-1027559867,Turkey currency surges more than 3 % on hopes a detained American pastor will be released,20180924T183000Z,https://static5.businessinsider.com/image/5b76c8408ea82f1a008b554f-2000/ap18207523341338-1.jpg,markets.businessinsider.com,English,United States,Turkey
https://www.businessinsider.com.au/lira-surges-on-hopes-turkey-to-release-detained-american-pastor-2018-9,https://www.businessinsider.com.au/lira-surges-on-hopes-turkey-to-release-detained-american-pastor-2018-9/amp,Turkey currency surges more than 3 % on hopes a detained American pastor will be released,20180924T183000Z,https://static.businessinsider.com/image/5b76c8408ea82f1a008b554f-640.jpg,businessinsider.com.au,English,Australia,Turkey
https://ca.reuters.com/article/businessNews/idCAKCN1M718C-OCABS,,"Alibaba and other China heavyweights eye Turkey assets after lira plunge , source say",20180927T130000Z,https://s4.reutersmedia.net/resources/r/?m=02&d=20180927&t=2&i=1308708984&r=LYNXNPEE8Q0Q0-OCABS,ca.reuters.com,English,United States,Turkey
https://www.lexology.com/library/detail.aspx?g=24175837-5d0b-4ec1-849d-0616567ee0d2,,New restriction on foreign currency - denominated or indexed payments among residents in Turkey,20180919T114500Z,,lexology.com,English,United States,Turkey
https://techstory.in/what-a-strong-us-dollar-means-for-other-currencies/,https://techstory.in/what-a-strong-us-dollar-means-for-other-currencies/amp/,What a Strong US Dollar Means for Other Currencies,20180917T133000Z,https://techstory.in/wp-content/uploads/2018/09/Rise-Rise-of-the-US-Dollar1-1.png,techstory.in,English,India,Turkey
http://www.cpifinancial.net/news/category/markets/post/46802/as-lira-crisis-raged-turkish-banks-were-cashing-in-their-gold,,"As lira crisis raged , Turkish banks were cashing in their gold | CPI Financial | CPI Financial News | Banking and Financial News , Islamic Business and Finance , Commercial Banking",20180918T051500Z,http://www.cpifinancial.net/files/blog/46802/large/Gold_bullion_gold_bars_Credit_happymore_ss_688439902.jpg,cpifinancial.net,English,United Arab Emirates,Turkey
http://www.cpifinancial.net/news/category/economics/post/46802/as-lira-crisis-raged-turkish-banks-were-cashing-in-their-gold,,"As lira crisis raged , Turkish banks were cashing in their gold | CPI Financial | CPI Financial News | Banking and Financial News , Islamic Business and Finance , Commercial Banking",20180917T114500Z,http://www.cpifinancial.net/files/blog/46802/large/Gold_bullion_gold_bars_Credit_happymore_ss_688439902.jpg,cpifinancial.net,English,United Arab Emirates,Turkey
http://www.kurdistan24.net/en/news/8c3787b7-1a02-47b1-8259-9587510f926d,,Erdogan makes Turkish citizenship drastically cheaper for foreign investors,20180919T213000Z,http://kurdistan24.blob.core.windows.net/filemanager/resources/normals/2018/09/ERDTRP.jpg,kurdistan24.net,English,Iraq,Turkey
http://www.cpifinancial.net/news/post/46802/as-lira-crisis-raged-turkish-banks-were-cashing-in-their-gold,,"As lira crisis raged , Turkish banks were cashing in their gold | CPI Financial | CPI Financial News | Banking and Financial News , Islamic Business and Finance , Commercial Banking",20180917T071500Z,http://www.cpifinancial.net/files/blog/46802/large/Gold_bullion_gold_bars_Credit_happymore_ss_688439902.jpg,cpifinancial.net,English,United Arab Emirates,Turkey
http://cpifinancial.net/news/post/46802/as-lira-crisis-raged-turkish-banks-were-cashing-in-their-gold,,"As lira crisis raged , Turkish banks were cashing in their gold | CPI Financial | CPI Financial News | Banking and Financial News , Islamic Business and Finance , Commercial Banking",20180917T064500Z,http://cpifinancial.net/files/blog/46802/large/Gold_bullion_gold_bars_Credit_happymore_ss_688439902.jpg,cpifinancial.net,English,United Arab Emirates,Turkey
https://www.newshub.co.nz/home/world/2018/09/no-foreign-currency-for-property-turkey.html,https://www.newshub.co.nz/home/world/2018/09/no-foreign-currency-for-property-turkey.amp.html,No foreign currency for property - Turkey,20180914T010000Z,https://www.newshub.co.nz/home/world/2018/09/no-foreign-currency-for-property-turkey/_jcr_content/par/image.dynimg.1280.q75.jpg/v1536859214869/turkey-flag-ISTOCK-1200.jpg,newshub.co.nz,English,New Zealand,Turkey
https://www.msn.com/en-gb/finance/topstories/turkey-raises-interest-rates-to-24-25/ar-BBNhoLl,,Turkey raises interest rates to 24 % ,20180913T160000Z,,msn.com,English,United States,Turkey
https://www.theglobalist.com/turkey-interest-rates-economy-erdogan/,,A Surprisingly Strong Interest Rate Hike in Turkey,20180913T171500Z,https://www.theglobalist.com/wordpress/wp-content/uploads/2015/10/shutterstock_322363334.jpg,theglobalist.com,English,United States,Turkey
https://seekingalpha.com/article/4209814-turkey-think-matter-fact-much-worse,https://seekingalpha.com/amp/article/4209814-turkey-think-matter-fact-much-worse,"Turkey : Not What You Think . As A Matter Of Fact , Much Worse . ",20181004T121500Z,https://static3.seekingalpha.com/assets/og_image_192-59bfd51c9fe6af025b2f9f96c807e46f8e2f06c5ae787b15bf1423e6c676d4db.png,seekingalpha.com,English,United States,Turkey
https://in.reuters.com/article/us-turkey-currency/turkish-lira-eases-against-dollar-attention-turns-to-medium-term-plan-idINKCN1LX0GE,https://in.mobile.reuters.com/article/amp/idINKCN1LX0GE,"Turkish lira eases against dollar , attention turns to medium - term plan",20180917T074500Z,https://s3.reutersmedia.net/resources/r/?m=02&d=20180917&t=2&i=1305165707&r=LYNXNPEE8G0BM,in.reuters.com,English,United States,Turkey
https://www.hellenicshippingnews.com/weakening-turkish-lira-and-tariffs-from-us-to-have-limited-impact-on-global-shipping-demand/,,Weakening Turkish lira and tariffs from US to have limited impact on global shipping demand,20180923T220000Z,,hellenicshippingnews.com,English,China,Turkey
https://www.express.co.uk/news/world/1020373/turkey-lira-crisis-euro-us-dollar-foreign-exchange-rate-turkey-retailers-closing,https://www.express.co.uk/news/world/1020373/turkey-lira-crisis-euro-us-dollar-foreign-exchange-rate-turkey-retailers-closing/amp,Turkey news : Lira crisis could DECIMATE businesses as rents linked to euro SOAR | World | News,20180920T131500Z,https://cdn.images.express.co.uk/img/dynamic/78/750x445/1020373.jpg,express.co.uk,English,United Kingdom,Turkey
https://www.apnews.com/4595097ce05943bcad51d35a6e26c0ee,https://www.apnews.com/amp/4595097ce05943bcad51d35a6e26c0ee,Turkish Cypriots protest price hikes from Turkish lira woes,20181002T031500Z,https://storage.googleapis.com/afs-prod/media/media:d09718cca82c4f519c17b0439c7e9638/800.jpeg,apnews.com,English,United States,Turkey
https://www.marketwatch.com/story/turkish-lira-spikes-after-reports-say-pastor-andrew-brunson-set-for-release-2018-10-11,https://www.marketwatch.com/amp/story/guid/801B8749-FB44-4C81-9EEE-0A1C078E0FF2,Turkish lira spikes after reports say pastor Andrew Brunson set for release,20181011T184500Z,,marketwatch.com,English,United States,Turkey
https://news.am/eng/news/471839.html,,Erdogan : There is no crisis in Turkey,20180919T150000Z,https://news.am/img/news/47/18/39/default.jpg,news.am,English,Armenia,Turkey
https://www.yahoo.com/news/turkeys-lira-firms-pompeo-says-expects-talks-u-190225834--business.html,https://www.yahoo.com/amphtml/news/turkeys-lira-firms-pompeo-says-expects-talks-u-190225834--business.html,Turkey lira firms after Pompeo says he expects talks on U . S . pastor,20180925T134500Z,https://s.yimg.com/uu/api/res/1.2/xfQfKx5CHUzS3zOXIKzfGA--~B/aD0zMDA7dz00NTA7c209MTthcHBpZD15dGFjaHlvbg--/http://media.zenfs.com/en_us/News/Reuters/2018-09-24T190225Z_1_LYNXNPEE8N1LU_RTROPTP_2_TURKEY-CENBANK-RATES.JPG,yahoo.com,English,United States,Turkey
http://www.kitco.com/news/2018-09-24/Turkey-s-lira-firms-after-Pompeo-says-he-expects-talks-on-U-S-pastor.html,,Turkey lira firms after Pompeo says he expects talks on U . S . pastor,20180924T221500Z,,kitco.com,English,China,Turkey
https://www.business-standard.com/article/reuters/turkey-s-lira-firms-after-pompeo-says-he-expects-talks-on-u-s-pastor-118092500030_1.html,https://wap.business-standard.com/article-amp/reuters/turkey-s-lira-firms-after-pompeo-says-he-expects-talks-on-u-s-pastor-118092500030_1.html,Turkey lira firms after Pompeo says he expects talks on U . S . pastor,20180924T194500Z,https://bsmedia.business-standard.com/_media/bs/img/article/default/1180925/full-118092500030.jpg,business-standard.com,English,India,Turkey
https://finance.yahoo.com/news/turkeys-lira-firms-pompeo-says-expects-talks-u-190225834--business.html,https://www.yahoo.com/amphtml/finance/news/turkeys-lira-firms-pompeo-says-expects-talks-u-190225834--business.html,Turkey lira firms after Pompeo says he expects talks on U . S . pastor,20180924T203000Z,https://s.yimg.com/uu/api/res/1.2/xfQfKx5CHUzS3zOXIKzfGA--~B/aD0zMDA7dz00NTA7c209MTthcHBpZD15dGFjaHlvbg--/http://media.zenfs.com/en_us/News/Reuters/2018-09-24T190225Z_1_LYNXNPEE8N1LU_RTROPTP_2_TURKEY-CENBANK-RATES.JPG,finance.yahoo.com,English,United States,Turkey
https://cyprus-mail.com/2018/09/24/turkeys-lira-firms-after-pompeo-says-he-expects-talks-on-u-s-pastor/,,Turkey lira firms after Pompeo says he expects talks on U . S . pastor,20180924T203000Z,https://cyprus-mail.com/wp-content/uploads/2018/08/pastor-brunson.jpg,cyprus-mail.com,English,Cyprus,Turkey
https://www.afr.com/markets/currencies/turkeys-lira-firms-on-potential-easing-of-tensions-with-us-20180924-h15tdz,https://amp.afr.com/markets/currencies/turkeys-lira-firms-on-potential-easing-of-tensions-with-us-20180924-h15tdz,Turkey lira firms on potential easing of tensions with US,20180924T203000Z,https://www.afr.com/content/dam/images/h/1/5/i/h/e/image.related.afrArticleLead.620x365.h15tdz.png/1537818853414.jpg,afr.com,English,Australia,Turkey
https://in.reuters.com/article/turkey-cenbank-rates/turkish-central-bank-raises-rates-sharply-boosts-lira-idINKCN1LT2IK,https://in.mobile.reuters.com/article/amp/idINKCN1LT2IK,"Turkish central bank raises rates sharply , boosts lira",20180913T163000Z,https://s3.reutersmedia.net/resources/r/?m=02&d=20180913&t=2&i=1303985670&r=LYNXNPEE8C1PQ,in.reuters.com,English,United States,Turkey
https://www.businessinsider.com.au/turkish-lira-slides-inflation-spikes-to-15-year-high-2018-10,https://www.businessinsider.com.au/turkish-lira-slides-inflation-spikes-to-15-year-high-2018-10/amp,Turkey currency slides as inflation spikes to its highest level in 15 years,20181003T141500Z,https://static.businessinsider.com/image/5b3fae7939a28724008b4a8d-640.jpg,businessinsider.com.au,English,Australia,Turkey
https://markets.businessinsider.com/news/stocks/turkish-lira-slides-inflation-spikes-to-15-year-high-2018-10-1027587240,https://markets.businessinsider.com/amp/news/turkish-lira-slides-inflation-spikes-to-15-year-high-2018-10-1027587240,Turkey currency slides as inflation spikes to its highest level in 15 years,20181003T143000Z,https://static4.businessinsider.com/image/5b3fae7939a28724008b4a8d-1500/gettyimages-958842650.jpg,markets.businessinsider.com,English,United States,Turkey
https://uk.reuters.com/article/turkey-currency/turkish-lira-strengthens-after-us-remarks-on-detained-pastor-idUKS8N1SL012,https://uk.mobile.reuters.com/article/amp/idUKS8N1SL012,Turkish lira strengthens after U . S . remarks on detained pastor,20180924T223000Z,https://s4.reutersmedia.net/resources_v2/images/rcom-default.png,uk.reuters.com,English,United States,Turkey
https://uk.reuters.com/article/turkey-currency/turkish-lira-strengthens-after-u-s-remarks-on-detained-pastor-idUKS8N1SL012,https://uk.mobile.reuters.com/article/amp/idUKS8N1SL012,Turkish lira strengthens after U . S . remarks on detained pastor,20180924T234500Z,https://s4.reutersmedia.net/resources_v2/images/rcom-default.png,uk.reuters.com,English,United States,Turkey
http://www.kitco.com/news/2018-09-24/Turkish-lira-strengthens-after-U-S-remarks-on-detained-pastor.html,,Turkish lira strengthens after U . S . remarks on detained pastor,20180924T181500Z,,kitco.com,English,China,Turkey
http://www.msn.com/en-us/news/msn/erdogan-says-turkey-came-under-economic-attack/ar-BBNkbIq,,Erdogan says Turkey came under  economic attack  ,20180914T150000Z,,msn.com,English,United States,Turkey
https://www.aljazeera.com/news/2018/09/erdogan-turkey-economic-attack-180914074205694.html,https://www.aljazeera.com/amp/news/2018/09/erdogan-turkey-economic-attack-180914074205694.html,Erdogan says Turkey came under  economic attack  ,20180914T123000Z,https://www.aljazeera.com/mritems/Images/2018/9/14/61c2f0473c4f43869d7524612de4fce1_18.jpg,aljazeera.com,English,United States,Turkey
https://www.msn.com/en-us/finance/markets/imf-says-crisis-scarred-turkey-needs-to-go-all-in-to-fix-economy/ar-BBO87Gm,,IMF Says Crisis - Scarred Turkey Needs to Go All In to Fix Economy,20181009T020000Z,,msn.com,English,United States,Turkey
https://middle-east-online.com/en/turkey-inflation-rate-rises-245-september,,Turkey inflation rate rises to 24 . 5 % in September,20181003T101500Z,https://s3.eu-west-2.amazonaws.com/meo.prod/styles/social_image/s3/2018-10/inf.jpg?tPIZFamwQpFzGUdJkU1_gESaATiKh6jf&itok=bJ41Cjc_,middle-east-online.com,English,Iraq,Turkey
https://www.business-standard.com/article/pti-stories/turkey-annual-inflation-hits-24-5-in-september-118100300506_1.html,https://wap.business-standard.com/article-amp/pti-stories/turkey-annual-inflation-hits-24-5-in-september-118100300506_1.html,Turkey annual inflation hits 24 . 5 % in September,20181003T101500Z,https://bsmedia.business-standard.com/_media/bs/img/article/default/1181003/full-118100300506.jpg,business-standard.com,English,India,Turkey
http://en.rfi.fr/wire/20181003-turkey-annual-inflation-hits-245-september,,Turkey annual inflation hits 24 . 5 % in September,20181003T090000Z,http://scd.en.rfi.fr/sites/english.filesrfi/imagecache/aef_ct_wire_image_620/images/afp/0951b2246097d7bcc4ae7f2bfea34ec17bfb5ad7.jpg,en.rfi.fr,English,,Turkey
https://www.france24.com/en/20181003-turkey-annual-inflation-hits-245-september,https://m.france24.com/en/20181003-turkey-annual-inflation-hits-245-september,Flash - Turkey annual inflation hits 24 . 5 % in September,20181003T091500Z,https://scd.france24.com/en/files/imagecache/home_1024/images/afp/0951b2246097d7bcc4ae7f2bfea34ec17bfb5ad7.jpg,france24.com,English,France,Turkey
http://www.naharnet.com/stories/en/251381-turkey-annual-inflation-hits-24-5-in-september,,Turkey Annual Inflation Hits 24 . 5 % in September,20181003T120000Z,http://images2.naharnet.com/images/215599/w140.jpg,naharnet.com,English,Syria,Turkey
https://www.thestar.com.my/business/business-news/2018/09/24/ihh-venture-faces-unexpected-variable-with-lira-crisis/,,IHH venture faces unexpected variable with Turkey lira crisis - Business News,20180924T003000Z,https://www.thestar.com.my/~/media/online/2018/09/18/23/29/acibadem-ihh-turkey.ashx/?&crop=1&hash=516E1756521986E8405744B978C1ED826E2A8366,thestar.com.my,English,Malaysia,Turkey
https://www.msn.com/en-us/finance/markets/turkeys-currency-slides-after-erdogan-takes-aim-at-its-central-bank-for-hiking-rates/ar-BBNkK3h,,Turkey currency slides after Erdogan takes aim at its central bank for hiking rates,20180914T163000Z,,msn.com,English,United States,Turkey
https://www.msn.com/en-us/finance/news/alibaba-and-other-china-heavyweights-eye-turkey-assets-after-lira-plunge-source-say/ar-BBNC41Q,,"Alibaba and other China heavyweights eye Turkey assets after lira plunge , source say",20180927T111500Z,,msn.com,English,United States,Turkey
http://www.hurriyetdailynews.com/turkeys-pmi-index-points-to-further-slowdown-in-manufacturing-137410,http://www.hurriyetdailynews.com/amp/turkeys-pmi-index-points-to-further-slowdown-in-manufacturing-137410,Turkey PMI index points to further slowdown in manufacturing,20181001T103000Z,,hurriyetdailynews.com,English,Turkey,Turkey
https://uk.reuters.com/article/uk-turkey-economy-china/alibaba-and-other-china-heavyweights-eye-turkey-assets-after-lira-plunge-sources-idUKKCN1M7192,https://uk.mobile.reuters.com/article/amp/idUKKCN1M7192,Alibaba and other China heavyweights eye Turkey assets after lira plunge - sources,20180927T150000Z,https://s2.reutersmedia.net/resources/r/?m=02&d=20180927&t=2&i=1308710246&r=LYNXNPEE8Q0QG,uk.reuters.com,English,United States,Turkey
http://www.kitco.com/news/2018-09-27/Alibaba-and-other-China-heavyweights-eye-Turkey-assets-after-lira-plunge-sources.html,,Alibaba and other China heavyweights eye Turkey assets after lira plunge : sources,20180927T151500Z,,kitco.com,English,China,Turkey
https://www.bbc.co.uk/news/world-europe-45508672,https://www.bbc.co.uk/news/amp/world-europe-45508672,Turkey bans use of foreign currency in property market,20180913T120000Z,https://ichef.bbci.co.uk/news/1024/branded_news/D7FA/production/_103409255_gettyimages-1032663106.jpg,bbc.co.uk,English,United Kingdom,Turkey
https://www.trtworld.com/business/turkey-s-central-bank-hikes-key-interest-rate-to-24-percent-20199,https://www.trtworld.com/business/turkey-s-central-bank-hikes-key-interest-rate-to-24-percent-20199/amp,Turkey central bank hikes key interest rate to 24 percent,20180913T194500Z,https://cdni0.trtworld.com/w480/h270/q75/40630_thumbs_b_c_617ed7ca15645723d2ffa7697e5d74382_1536838212062.jpg,trtworld.com,English,Turkey,Turkey
http://www.msn.com/en-us/news/msn/turkish-bond-rally-has-room-to-run-if-foreign-buyers-jump-in/ar-AAAHE3u,,Turkish Bond Rally Has Room to Run If Foreign Buyers Jump in,20180927T044500Z,,msn.com,English,United States,Turkey
https://ahvalnews.com/us-turkey/turkey-could-free-us-pastor-friday-may-impose-travel-ban,https://ahvalnews.com/us-turkey/turkey-could-free-us-pastor-friday-may-impose-travel-ban?amp,"Turkey could free U . S . pastor on Friday , but may impose a travel ban",20181011T173000Z,https://ahvalnews.com/sites/default/files/styles/social_image/public/2018-07/andrew_brunson.jpg?a5950b6&itok=pSMsftsA,ahvalnews.com,English,Turkey,Turkey
https://theiranproject.com/blog/2018/09/15/erdogan-blames-us-for-heinous-economic-attack-on-ankara/,,Erdogan blames US for  heinous economic attack  on Ankara,20180915T083000Z,https://theiranproject.com/wp-content/uploads/2016/11/Erdogan-Trump.jpg,theiranproject.com,English,Iran,Turkey
https://www.freemalaysiatoday.com/category/business/2018/09/15/turkey-banks-tap-us4-5-billion-gold-reserves-to-shore-up-finances/,,Turkey banks tap US$4 . 5 billion gold reserves to shore up finances,20180914T174500Z,https://s3media.freemalaysiatoday.com/wp-content/uploads/2018/08/FMT-Turkeylira29082018-Reuters1.jpg,freemalaysiatoday.com,English,Malaysia,Turkey
http://247.libero.it/focus/45407318/0/pompeo-says-u-s-may-hold-talks-with-turkey-on-pastor-this-week/,,Pompeo Says U . S May Hold Talks With Turkey on Pastor This Week,20180924T171500Z,,247.libero.it,English,,Turkey
https://www.reuters.com/article/us-turkey-currency/turkish-lira-eases-after-hefty-central-bank-rate-hike-idUSKCN1LU0FL,https://mobile.reuters.com/article/amp/idUSKCN1LU0FL,Turkish lira eases after hefty central bank rate hike,20180914T070000Z,https://s1.reutersmedia.net/resources/r/?m=02&d=20180914&t=2&i=1304190663&r=LYNXNPEE8D0C2,reuters.com,English,United States,Turkey
https://in.reuters.com/article/us-turkey-currency/turkish-lira-eases-after-hefty-central-bank-rate-hike-idINKCN1LU0FL,https://in.mobile.reuters.com/article/amp/idINKCN1LU0FL,Turkish lira eases after hefty central bank rate hike,20180914T054500Z,https://s1.reutersmedia.net/resources/r/?m=02&d=20180914&t=2&i=1304190663&r=LYNXNPEE8D0C2,in.reuters.com,English,United States,Turkey
https://www.businessinsider.in/turkeys-currency-surges-more-than-3-on-hopes-a-detained-american-pastor-will-be-released/articleshow/65940413.cms,https://www.businessinsider.in/turkeys-currency-surges-more-than-3-on-hopes-a-detained-american-pastor-will-be-released/amp_articleshow/65940413.cms,Turkey currency surges more than 3 % on hopes a detained American pastor will be released,20180924T183000Z,https://www.businessinsider.in/photo/65940413/turkeys-currency-surges-more-than-3-on-hopes-a-detained-american-pastor-will-be-released.jpg?77955,businessinsider.in,English,India,Turkey
https://www.reuters.com/article/us-turkey-economy-china/alibaba-and-other-china-heavyweights-eye-turkey-assets-after-lira-plunge-source-say-idUSKCN1M718C,https://mobile.reuters.com/article/amp/idUSKCN1M718C,"Alibaba and other China heavyweights eye Turkey assets after lira plunge , source say",20180927T110000Z,https://s1.reutersmedia.net/resources/r/?m=02&d=20180927&t=2&i=1308708466&r=LYNXNPEE8Q0Q0,reuters.com,English,United States,Turkey
https://in.reuters.com/article/us-turkey-economy-china/alibaba-and-other-china-heavyweights-eye-turkey-assets-after-lira-plunge-source-say-idINKCN1M718C,https://in.mobile.reuters.com/article/amp/idINKCN1M718C,"Alibaba and other China heavyweights eye Turkey assets after lira plunge , source say",20180927T110000Z,https://s1.reutersmedia.net/resources/r/?m=02&d=20180927&t=2&i=1308708466&r=LYNXNPEE8Q0Q0,in.reuters.com,English,United States,Turkey
https://www.businessinsider.com/turkish-interest-rates-lira-2018-9,https://amp.businessinsider.com/turkish-interest-rates-lira-2018-9,Turkish interest rates : Lira surges after rate hike,20180913T120000Z,https://amp.businessinsider.com/images/5b71331089c8a130008b52a6-1334-667.jpg,businessinsider.com,English,United States,Turkey
http://en.tempo.co/read/news/2018/09/14/056921647/Turkish-Lira-Eases-after-Central-Bank-Rate-Hike,,Turkish Lira Eases after Central Bank Rate Hike,20180914T120000Z,http://images2.tempo.co/data/2018/08/14/id_661475/661475_620.jpg,en.tempo.co,English,,Turkey
https://www.express.co.uk/finance/city/1026193/Turkey-lira-latest-currency-exchange-rate-inflation-Tayyip-Erdogan,https://www.express.co.uk/finance/city/1026193/Turkey-lira-latest-currency-exchange-rate-inflation-Tayyip-Erdogan/amp,Turkey lira CRISIS : Turkish inflation SOARS as lira weakens,20181003T121500Z,https://cdn.images.express.co.uk/img/dynamic/22/750x445/1026193.jpg,express.co.uk,English,United Kingdom,Turkey
https://www.zerohedge.com/news/2018-09-24/turkish-lira-spikes-after-pompeo-comments-pastor-brunson,,Turkish Lira Spikes After Pompeo Comments On Pastor Brunson,20180924T163000Z,https://www.zerohedge.com/sites/default/files/styles/max_650x650/public/2018-09/2018-09-24_8-30-18.jpg?itok=kNm6xXR1,zerohedge.com,English,United States,Turkey
http://www.china.org.cn/world/Off_the_Wire/2018-09/14/content_63420386.htm,,Spotlight : Turkey takes multi - pronged monetary measures to support battered lira,20180913T223000Z,,china.org.cn,English,China,Turkey
http://www.xinhuanet.com/english/2018-09/14/c_137466239.htm,,Spotlight : Turkey takes multi - pronged monetary measures to support battered lira - Xinhua,20180913T230000Z,,xinhuanet.com,English,China,Turkey
https://www.dw.com/en/turkey-unveils-plan-to-stave-off-economic-crisis/a-45581306,https://amp.dw.com/en/turkey-unveils-plan-to-stave-off-economic-crisis/a-45581306,Turkey unveils plan to stave off economic crisis | Business| Economy and finance news from a German perspective | DW,20180920T154500Z,https://www.dw.com/image/45573536_304.jpg,dw.com,English,Germany,Turkey
http://soutien-palestine.blogspot.com/2018/09/us-and-turkey-quietly-working-on.html,,Collectif Cheikh Yassine : US and Turkey  quietly  working on release of American pastor,20180927T084500Z,,soutien-palestine.blogspot.com,English,United States,Turkey
https://www.reuters.com/article/us-turkey-cenbank-rates/turkey-central-bank-hikes-rates-sharply-boosts-lira-idUSKCN1LT1SW,https://mobile.reuters.com/article/amp/idUSKCN1LT1SW,"Turkey central bank hikes rates sharply , boosts lira",20180913T130000Z,https://s4.reutersmedia.net/resources/r/?m=02&d=20180913&t=2&i=1303914008&r=LYNXNPEE8C12Z,reuters.com,English,United States,Turkey
https://www.reuters.com/article/turkey-currency/turkish-lira-eases-against-dollar-economic-outlook-weighed-idUSL8N1WA0K2,https://mobile.reuters.com/article/amp/idUSL8N1WA0K2,"Turkish lira eases against dollar , economic outlook weighed",20180924T071500Z,https://s4.reutersmedia.net/resources_v2/images/rcom-default.png,reuters.com,English,United States,Turkey
https://www.reuters.com/article/turkey-tax-autos/turkey-raises-base-lira-prices-at-which-special-consumption-tax-imposed-on-cars-idUSI7N1W502R,https://mobile.reuters.com/article/amp/idUSI7N1W502R,Turkey raises base lira prices at which special consumption tax imposed on cars,20180924T054500Z,https://s4.reutersmedia.net/resources_v2/images/rcom-default.png,reuters.com,English,United States,Turkey
https://in.reuters.com/article/turkey-tax-autos/turkey-raises-base-lira-prices-at-which-special-consumption-tax-imposed-on-cars-idINI7N1W502R,https://in.mobile.reuters.com/article/amp/idINI7N1W502R,Turkey raises base lira prices at which special consumption tax imposed on cars,20180924T064500Z,https://s4.reutersmedia.net/resources_v2/images/rcom-default.png,in.reuters.com,English,United States,Turkey
https://www.thenational.ae/business/economy/turkey-slashes-growth-forecast-and-sees-jobless-rates-rising-1.772230,https://amp.thenational.ae/business/economy/turkey-slashes-growth-forecast-and-sees-jobless-rates-rising-1.772230,Turkey slashes growth forecast and sees jobless rates rising,20180920T101500Z,https://www.thenational.ae/image/policy:1.772229:1537435434/image.jpg?a=191%3A100&q=0.6&$p$a$q$w=e3c1d56,thenational.ae,English,United Arab Emirates,Turkey
https://uk.webfg.com/news/fx/turkish-lira-boosted-as-pompeo-lets-slip-brunson-could-be-released-soon--3502465.html,,Turkish lira boosted as Pompeo lets slip Brunson could be released soon,20180924T174500Z,,uk.webfg.com,English,United Kingdom,Turkey
https://www.actionforex.com/contributors/technical-analysis/130744-usdtry-outlook-turkish-lira-at-front-foot-after-cbrt-surprise-625bps-rate-hike/,https://www.actionforex.com/contributors/technical-analysis/130744-usdtry-outlook-turkish-lira-at-front-foot-after-cbrt-surprise-625bps-rate-hike/amp/,USDTRY Outlook : Turkish Lira at Front Foot after CBRT Surprise 625bps Rate Hike,20180913T144500Z,https://www.actionforex.com/wp-content/uploads/tag-images/usd5.jpg,actionforex.com,English,United Kingdom,Turkey
http://vestnikkavkaza.net/material/116189,http://vestnikkavkaza.net/amp/116189,"Erdogan : no economic crisis in Turkey , these are manipulations",20180919T151500Z,http://vestnikkavkaza.net/upload2/2018-09-19/15373629505ba24c067413f4.37440211.jpg,vestnikkavkaza.net,English,Russia,Turkey
http://vestnikkavkaza.net/news/Erdogan-no-economic-crisis-in-Turkey-these-are-manipulations.html,http://vestnikkavkaza.net/amp/116189,"Erdogan : no economic crisis in Turkey , these are manipulations",20180919T141500Z,http://vestnikkavkaza.net/upload2/2018-09-19/15373629505ba24c067413f4.37440211.jpg,vestnikkavkaza.net,English,Russia,Turkey
https://www.btvi.in/economy/turkey-slashes-growth-forecasts-for-2018--2019-in-economic-plan--lira-steady/101524,,"Turkey slashes growth forecasts for 2018 , 2019 in economic plan , lira steady",20180920T103000Z,http://www.btvi.in/media/images/news/turkey.jpg,btvi.in,English,India,Turkey
http://www.ekathimerini.com/232752/article/ekathimerini/news/more-turkish-cypriots-seek-higher-wages-in-the-south,,More Turkish Cypriots seek higher wages in the south | News,20180919T134500Z,http://www.ekathimerini.com/resources/2018-09/cyprus-checkpoint-thumb-large.jpg,ekathimerini.com,English,Greece,Turkey
https://www.businessinsider.in/turkeys-currency-slides-as-inflation-spikes-to-its-highest-level-in-15-years/articleshow/66057165.cms,https://www.businessinsider.in/turkeys-currency-slides-as-inflation-spikes-to-its-highest-level-in-15-years/amp_articleshow/66057165.cms,Turkey currency slides as inflation spikes to its highest level in 15 years,20181003T153000Z,https://www.businessinsider.in/photo/66057165/turkeys-currency-slides-as-inflation-spikes-to-its-highest-level-in-15-years.jpg?57290,businessinsider.in,English,India,Turkey
http://news.trust.org/item/20180914051743-g3ozg,http://mercury.postlight.com/amp?url=http://news.trust.org/item/20180914051743-g3ozg/,Turkey - Factors to Watch on Sept 14,20180914T064500Z,"https://d2sh4fq2xsdeg9.cloudfront.net/contentAsset/image/149f6382-23ca-4b4d-9db6-18e339a02ac5/image/byInode/1/filter/Resize,Jpeg/jpeg_q/70/resize_w/1400",news.trust.org,English,United States,Turkey
http://news.trust.org/item/20180914051743-g3ozg/,http://mercury.postlight.com/amp?url=http://news.trust.org/item/20180914051743-g3ozg/,Turkey - Factors to Watch on Sept 14,20180915T010000Z,"https://d2sh4fq2xsdeg9.cloudfront.net/contentAsset/image/149f6382-23ca-4b4d-9db6-18e339a02ac5/image/byInode/1/filter/Resize,Jpeg/jpeg_q/70/resize_w/1400",news.trust.org,English,United States,Turkey
https://www.thehour.com/technology/businessinsider/article/The-Turkish-lira-dives-after-Erdogan-calls-for-13226289.php,,The Turkish lira dives after Erdogan calls for lower interest rates stoking fears about central bank independence,20180913T143000Z,https://www.thehour.com/img/pages/article/opengraph_default.jpg,thehour.com,English,United States,Turkey
https://www.stamfordadvocate.com/technology/businessinsider/article/The-Turkish-lira-dives-after-Erdogan-calls-for-13226289.php,https://m.stamfordadvocate.com/technology/businessinsider/article/The-Turkish-lira-dives-after-Erdogan-calls-for-13226289.php,The Turkish lira dives after Erdogan calls for lower interest rates stoking fears about central bank independence,20180913T150000Z,https://www.stamfordadvocate.com/img/pages/article/opengraph_default.jpg,stamfordadvocate.com,English,United States,Turkey
https://www.greenwichtime.com/technology/businessinsider/article/The-Turkish-lira-dives-after-Erdogan-calls-for-13226289.php,https://m.greenwichtime.com/technology/businessinsider/article/The-Turkish-lira-dives-after-Erdogan-calls-for-13226289.php,The Turkish lira dives after Erdogan calls for lower interest rates stoking fears about central bank independence,20180913T150000Z,https://www.greenwichtime.com/img/pages/article/opengraph_default.jpg,greenwichtime.com,English,United States,Turkey
https://www.ctpost.com/technology/businessinsider/article/The-Turkish-lira-dives-after-Erdogan-calls-for-13226289.php,https://m.ctpost.com/technology/businessinsider/article/The-Turkish-lira-dives-after-Erdogan-calls-for-13226289.php,The Turkish lira dives after Erdogan calls for lower interest rates stoking fears about central bank independence,20180913T150000Z,https://www.ctpost.com/img/pages/article/opengraph_default.jpg,ctpost.com,English,United States,Turkey
https://www.newstimes.com/technology/businessinsider/article/The-Turkish-lira-dives-after-Erdogan-calls-for-13226289.php,https://m.newstimes.com/technology/businessinsider/article/The-Turkish-lira-dives-after-Erdogan-calls-for-13226289.php,The Turkish lira dives after Erdogan calls for lower interest rates stoking fears about central bank independence,20180913T150000Z,https://www.newstimes.com/img/pages/article/opengraph_default.jpg,newstimes.com,English,United States,Turkey
https://www.heraldsun.com.au/news/breaking-news/no-foreign-currencies-for-property-turkey/news-story/3721f3f9344c589b3d69769c63e22dbd?nk=4ff8220fb3908925d8e6ad7a8170627a-1536901355,https://amp.heraldsun.com.au/news/breaking-news/no-foreign-currencies-for-property-turkey/news-story/3721f3f9344c589b3d69769c63e22dbd,No foreign currencies for property : Turkey,20180914T051500Z,,heraldsun.com.au,English,Australia,Turkey
https://www.businessinsider.in/the-turkish-lira-dives-after-erdogan-calls-for-lower-interest-rates-stoking-fears-about-central-bank-independence/articleshow/65796881.cms,https://www.businessinsider.in/the-turkish-lira-dives-after-erdogan-calls-for-lower-interest-rates-stoking-fears-about-central-bank-independence/amp_articleshow/65796881.cms,The Turkish lira dives after Erdogan calls for lower interest rates - stoking fears about central bank independence,20180913T114500Z,https://www.businessinsider.in/photo/65796881/the-turkish-lira-dives-after-erdogan-calls-for-lower-interest-rates-stoking-fears-about-central-bank-independence.jpg?67526,businessinsider.in,English,India,Turkey
https://markets.businessinsider.com/currencies/news/turkish-lira-washington-ankara-reportedly-reach-deal-on-detained-american-pastor-2018-10-1027610581,https://markets.businessinsider.com/amp/news/turkish-lira-washington-ankara-reportedly-reach-deal-on-detained-american-pastor-2018-10-1027610581,Turkey currency jumps after Washington and Ankara reportedly reach deal to release detained American pastor,20181011T200000Z,https://static3.businessinsider.com/image/5b804b9a2154a38a328b4926-2400/erdogan-lira-turkey-istanbul-currency-crisis.jpg,markets.businessinsider.com,English,United States,Turkey
https://thefrontierpost.com/turkish-lira-gains-value-against-us-dollar/,,Turkish lira gains value against US dollar - The Frontier Post,20180913T183000Z,https://i2.wp.com/thefrontierpost.com/wp-content/uploads/2018/09/Turkish-lira-gains-value-against-US-dollar.jpg?fit=770%2C433&ssl=1,thefrontierpost.com,English,Pakistan,Turkey
https://in.reuters.com/article/us-turkey-currency/turkish-lira-turns-negative-ahead-of-u-s-pastor-hearing-idINKCN1ML2T9,https://in.mobile.reuters.com/article/amp/idINKCN1ML2T9,Turkish lira turns negative ahead of U . S . pastor hearing,20181012T090000Z,https://s4.reutersmedia.net/resources/r/?m=02&d=20181011&t=2&i=1313737123&r=LYNXNPEE9A1XT,in.reuters.com,English,United States,Turkey
https://www.reuters.com/article/us-turkey-currency/turkish-lira-turns-negative-ahead-of-u-s-pastor-hearing-idUSKCN1ML2T9,https://mobile.reuters.com/article/amp/idUSKCN1ML2T9,Turkish lira turns negative ahead of U . S . pastor hearing,20181012T083000Z,https://s4.reutersmedia.net/resources/r/?m=02&d=20181011&t=2&i=1313737123&r=LYNXNPEE9A1XT,reuters.com,English,United States,Turkey
https://www.reuters.com/article/us-turkey-currency/turkish-lira-turns-negative-ahead-of-us-pastor-hearing-idUSKCN1ML2T9,https://mobile.reuters.com/article/amp/idUSKCN1ML2T9,Turkish lira turns negative ahead of U . S . pastor hearing,20181012T113000Z,https://s4.reutersmedia.net/resources/r/?m=02&d=20181011&t=2&i=1313737123&r=LYNXNPEE9A1XT,reuters.com,English,United States,Turkey
https://uk.reuters.com/article/us-turkey-currency/turkish-lira-turns-negative-ahead-of-us-pastor-hearing-idUKKCN1ML2T9,https://uk.mobile.reuters.com/article/amp/idUKKCN1ML2T9,Turkish lira turns negative ahead of U . S . pastor hearing,20181012T113000Z,https://s4.reutersmedia.net/resources/r/?m=02&d=20181011&t=2&i=1313737123&r=LYNXNPEE9A1XT,uk.reuters.com,English,United States,Turkey
https://www.msn.com/en-us/finance/markets/pompeo-says-us-may-hold-talks-with-turkey-on-pastor-this-week/ar-AAAAhZt,,Pompeo Says U . S May Hold Talks With Turkey on Pastor This Week,20180924T173000Z,,msn.com,English,United States,Turkey
https://www.bloombergquint.com/business/2018/09/14/turkey-banks-tap-4-5-billion-gold-reserves-to-shore-up-finances,/business/2018/09/14/turkey-banks-tap-4-5-billion-gold-reserves-to-shore-up-finances.amp,Turkey Banks Tap $4 . 5 Billion Gold Reserves to Shore Up Finances,20180915T063000Z,,bloombergquint.com,English,India,Turkey
https://in.reuters.com/article/us-turkey-economy/turkey-slashes-growth-forecasts-for-2018-2019-in-economic-plan-lira-steady-idINKCN1M01EC,https://in.mobile.reuters.com/article/amp/idINKCN1M01EC,"Turkey slashes growth forecasts for 2018 , 2019 in economic plan , lira steady",20180920T104500Z,https://s4.reutersmedia.net/resources/r/?m=02&d=20180920&t=2&i=1306315391&r=LYNXNPEE8J0WV,in.reuters.com,English,United States,Turkey
https://www.reuters.com/article/us-turkey-economy-idUSKCN1M01EC,https://mobile.reuters.com/article/amp/idUSKCN1M01EC,"Turkey slashes growth forecasts for 2018 , 2019 in economic plan , lira steady",20180920T104500Z,https://s4.reutersmedia.net/resources/r/?m=02&d=20180920&t=2&i=1306315391&r=LYNXNPEE8J0WV,reuters.com,English,United States,Turkey
https://www.reuters.com/article/us-turkey-economy/turkey-slashes-growth-forecasts-for-2018-2019-in-economic-plan-lira-steady-idUSKCN1M01EC,https://mobile.reuters.com/article/amp/idUSKCN1M01EC,"Turkey slashes growth forecasts for 2018 , 2019 in economic plan , lira steady",20180920T103000Z,https://s4.reutersmedia.net/resources/r/?m=02&d=20180920&t=2&i=1306315391&r=LYNXNPEE8J0WV,reuters.com,English,United States,Turkey
http://en.europeonline-magazine.eu/turkey-issues-warrants-against-417-in-money-laundering-investigation_642658.html,,Turkey issues warrants against 417 in money laundering investigation,20181002T140000Z,,en.europeonline-magazine.eu,English,Germany,Turkey
https://af.reuters.com/article/southAfricaMarketNews/idAFL8N1WB2G1,,"EMERGING MARKETS - U . S . yields , trade woes knock emerging stocks , currencies | Markets",20180925T104500Z,https://s4.reutersmedia.net/resources_v2/images/rcom-default.png,af.reuters.com,English,United States,Turkey
https://uk.reuters.com/article/emerging-markets/emerging-markets-u-s-yields-trade-woes-knock-emerging-stocks-currencies-idUKL8N1WB2G1,https://uk.mobile.reuters.com/article/amp/idUKL8N1WB2G1,"EMERGING MARKETS - U . S . yields , trade woes knock emerging stocks , currencies",20180925T110000Z,https://s4.reutersmedia.net/resources_v2/images/rcom-default.png,uk.reuters.com,English,United States,Turkey
https://www.reuters.com/article/emerging-markets/emerging-markets-u-s-yields-trade-woes-knock-emerging-stocks-currencies-idUSL8N1WB2G1,https://mobile.reuters.com/article/amp/idUSL8N1WB2G1,"EMERGING MARKETS - U . S . yields , trade woes knock emerging stocks , currencies",20180925T101500Z,https://s4.reutersmedia.net/resources_v2/images/rcom-default.png,reuters.com,English,United States,Turkey
https://af.reuters.com/article/commoditiesNews/idAFL8N1WB2G1,,"EMERGING MARKETS - U . S . yields , trade woes knock emerging stocks , currencies | Agricultural Commodities",20180925T103000Z,https://s4.reutersmedia.net/resources_v2/images/rcom-default.png,af.reuters.com,English,United States,Turkey
https://www.washingtonpost.com/business/lira-develops-an-immunity-to-turkish-inflation/2018/10/03/07d889dc-c6f4-11e8-9c0f-2ffaf6d422aa_story.html,https://www.bloomberg.com/view/articles/2018-10-03/lira-develops-an-immunity-to-turkish-inflation,Lira Develops an Immunity to Turkish Inflation - The Washington Post,20181003T120000Z,,washingtonpost.com,English,United States,Turkey
https://www.cfr.org/blog/could-coalition-friends-turkey-ride-turkeys-financial-rescue,,Could A Coalition of the  Friends of Turkey  Ride to Turkey Financial Rescue ? ,20180914T014500Z,https://cfrd8-files.cfr.org/sites/default/files/image/2018/09/%28Graph%201%29%20Turkish%20St%20External%20Debt%20vs.%20Liquid%20FX%20Reserves%20%26%20Potential%20Aid_2.png,cfr.org,English,United States,Turkey
http://tingoos.com/2018/09/turkey-central-bank-stuns-markets-with-huge-rate-hike/,,Turkey central bank stuns markets with huge rate hike,20180913T214500Z,,tingoos.com,English,United States,Turkey
http://kdow.biz/news/business/turkey-expects-lower-growth-amid-currency-turmoil,,Turkey expects lower growth amid currency turmoil,20180920T151500Z,https://cdn.saleminteractivemedia.com/associated-press/data/photos/2018/263/7014def6-90e9-4fd0-8b41-de2e452b9d10.jpg,kdow.biz,English,United States,Turkey
http://conceptnewscentral.com/index.php/2018/09/21/turkey-sees-lower-growth-2-digit-inflation/,,"Turkey sees lower growth , 2 - digit inflation",20180920T173000Z,,conceptnewscentral.com,English,Philippines,Turkey
https://ahvalnews.com/turkish-lira/turkish-lira-weakens-after-fed-signals-december-rate-hike,https://ahvalnews.com/turkish-lira/turkish-lira-weakens-after-fed-signals-december-rate-hike?amp,Turkish lira weakens after Fed signals December rate hike,20181109T201500Z,https://ahvalnews.com/sites/default/files/styles/social_image/public/2018-09/tl.jpg?h=d0684cc0&itok=zhNKisdm,ahvalnews.com,English,Turkey,Turkey
http://www.hurriyetdailynews.com/turkeys-lira-firms-extends-recovery-138416,http://www.hurriyetdailynews.com/amp/turkeys-lira-firms-extends-recovery-138416,"Turkey lira firms , extends recovery",20181030T143000Z,,hurriyetdailynews.com,English,Turkey,Turkey
https://www.express.co.uk/finance/city/1036413/Turkey-lira-price-currency-latest-US-dollar-Turkish-bank-interest-rates-Tayyip-Erdogan,https://www.express.co.uk/finance/city/1036413/Turkey-lira-price-currency-latest-US-dollar-Turkish-bank-interest-rates-Tayyip-Erdogan/amp,Turkey lira : Turkish currency RECOUPS losses against dollar as bank holds interest rates,20181025T161500Z,https://cdn.images.express.co.uk/img/dynamic/22/750x445/1036413.jpg,express.co.uk,English,United Kingdom,Turkey
https://www.reuters.com/article/turkey-currency/turkish-lira-weakens-after-fed-reaffirms-tightening-policy-idUSL8N1XK329,https://mobile.reuters.com/article/amp/idUSL8N1XK329,Turkish lira weakens after Fed reaffirms tightening policy,20181110T193000Z,https://s4.reutersmedia.net/resources_v2/images/rcom-default.png,reuters.com,English,United States,Turkey
https://af.reuters.com/article/metalsNews/idAFA4N1UF025,,Turkish Treasury says sees 2019 domestic borrowing at 153 . 9 bln lira | Metals & Mining,20181101T083000Z,https://s4.reutersmedia.net/resources_v2/images/rcom-default.png,af.reuters.com,English,United States,Turkey
https://www.msn.com/en-us/finance/markets/moodys-sees-a-sharp-contraction-in-turkey-e2-80-99s-economy/ar-BBPtcl0,,Moody Sees a Sharp Contraction in Turkey Economy,20181108T120000Z,,msn.com,English,United States,Turkey
https://www.kitco.com/news/2018-11-01/Turkish-Treasury-says-sees-2019-domestic-borrowing-at-153-9-bln-lira.html,,Turkish Treasury says sees 2019 domestic borrowing at 153 . 9 bln lira,20181101T131500Z,,kitco.com,English,China,Turkey
https://en.haberler.com/turkish-stocks-up-1-94-pct-at-close-lira-gains-1268887/,,Turkish Stocks Up 1 . 94 Pct At Close ; Lira Gains Ground,20181105T170000Z,,en.haberler.com,English,Turkey,Turkey
https://www.reuters.com/article/us-turkey-currency/turkish-lira-firmest-in-three-months-on-iran-sanctions-waiver-expectations-idUSKCN1N71RC,https://mobile.reuters.com/article/amp/idUSKCN1N71RC,Turkish lira firmest in three months on Iran sanctions waiver expectations,20181102T151500Z,https://s3.reutersmedia.net/resources/r/?m=02&d=20181102&t=2&i=1321324757&r=LYNXNPEEA112O,reuters.com,English,United States,Turkey
https://www.kitco.com/news/2018-11-09/Turkish-lira-weakens-after-Fed-reaffirms-tightening-policy.html,,Turkish lira weakens after Fed reaffirms tightening policy,20181109T123000Z,,kitco.com,English,China,Turkey
http://www.freshplaza.com/article/9039645/southern-turkey-citrus-workers-struggling/,,Southern Turkey : Citrus workers struggling,20181106T150000Z,https://agfstorage.blob.core.windows.net/misc/FP_com/2018/11/06/Citrus.jpg,freshplaza.com,English,China,Turkey
https://www.dailysabah.com/finance/2018/11/05/turkish-lira-hits-3-month-high-against-us-dollar-on-iran-sanctions-waiver,https://www.dailysabah.com/finance/2018/11/05/turkish-lira-hits-3-month-high-against-us-dollar-on-iran-sanctions-waiver/amp,Turkish lira hits 3 - month high against US dollar on Iran sanctions waiver,20181105T173000Z,https://idsb.tmgrup.com.tr/2018/11/05/turkish-lira-hits-3-month-high-against-us-dollar-on-iran-sanctions-waiver-1541432588728.jpg,dailysabah.com,English,Turkey,Turkey
https://af.reuters.com/article/commoditiesNews/idAFA4N1UF024,,"Turkey announces incentives for several companies , including Turkish Airlines | Agricultural Commodities",20181101T134500Z,https://s4.reutersmedia.net/resources_v2/images/rcom-default.png,af.reuters.com,English,United States,Turkey
https://af.reuters.com/article/energyOilNews/idAFA4N1UF024,,"Turkey announces incentives for several companies , including Turkish Airlines | Energy & Oil",20181101T074500Z,https://s4.reutersmedia.net/resources_v2/images/rcom-default.png,af.reuters.com,English,United States,Turkey
https://www.bloombergquint.com/business/moody-s-sees-sharp-contraction-in-turkey-economy-on-lira-turmoil,/business/moody-s-sees-sharp-contraction-in-turkey-economy-on-lira-turmoil.amp,Moody Sees a Sharp Contraction in Turkey Economy,20181108T183000Z,,bloombergquint.com,English,India,Turkey
https://www.msn.com/en-us/news/world/turkeys-lira-weakens-after-finance-minister-announces-tax-cuts/ar-BBPabH5,,Turkey lira weakens after finance minister announces tax cuts,20181031T143000Z,,msn.com,English,United States,Turkey
https://www.reuters.com/article/turkey-currency-tax/turkeys-lira-weakens-after-finance-minister-announces-tax-cuts-idUSI7N1X601L,https://mobile.reuters.com/article/amp/idUSI7N1X601L,Turkey lira weakens after finance minister announces tax cuts,20181031T144500Z,https://s4.reutersmedia.net/resources_v2/images/rcom-default.png,reuters.com,English,United States,Turkey
https://uk.reuters.com/article/turkey-currency-tax/turkeys-lira-weakens-after-finance-minister-announces-tax-cuts-idUKI7N1X601L,https://uk.mobile.reuters.com/article/amp/idUKI7N1X601L,Turkey lira weakens after finance minister announces tax cuts,20181031T164500Z,https://s4.reutersmedia.net/resources_v2/images/rcom-default.png,uk.reuters.com,English,United States,Turkey
https://ahvalnews.com/turkish-politics/turkeys-election-board-finds-erdogan-top-recipient-deceased-peoples-donations,https://ahvalnews.com/turkish-politics/turkeys-election-board-finds-erdogan-top-recipient-deceased-peoples-donations?amp,Turkey election board finds Erdoğan top recipient of deceased people donations,20181107T151500Z,https://ahvalnews.com/sites/default/files/styles/social_image/public/2018-07/20180618191944afpp-afp_16725l.h.jpg?h=a697d5d9&itok=KlddyV6k,ahvalnews.com,English,Turkey,Turkey
https://www.reuters.com/article/turkey-currency/turkeys-lira-firms-nearly-one-percent-extending-recovery-idUSL8N1X94MO,https://mobile.reuters.com/article/amp/idUSL8N1X94MO,"Turkey lira firms nearly one percent , extending recovery",20181029T151500Z,https://s4.reutersmedia.net/resources_v2/images/rcom-default.png,reuters.com,English,United States,Turkey
https://uk.reuters.com/article/turkey-currency/turkeys-lira-firms-nearly-one-percent-extending-recovery-idUKL8N1X94MO,https://uk.mobile.reuters.com/article/amp/idUKL8N1X94MO,"Turkey lira firms nearly one percent , extending recovery",20181029T183000Z,https://s4.reutersmedia.net/resources_v2/images/rcom-default.png,uk.reuters.com,English,United States,Turkey
http://english.alarabiya.net/en/business/markets/2018/10/29/Turkey-s-lira-firms-nearly-one-percent-extending-recovery.html,,"Turkey lira firms nearly one percent , extending recovery",20181029T180000Z,https://vid.alarabiya.net/images/2018/08/28/264fa9ec-5d36-498a-b6f6-a8c28e866bfe/264fa9ec-5d36-498a-b6f6-a8c28e866bfe_16x9_788x442.JPG,english.alarabiya.net,English,Iran,Turkey
https://www.wsj.com/articles/turkish-lira-moves-up-on-waiver-news-1541447228,https://www.wsj.com/amp/articles/turkish-lira-moves-up-on-waiver-news-1541447228,Turkish Lira Moves Up on Waiver News,20181105T224500Z,https://images.wsj.net/im-34853/social,wsj.com,English,United States,Turkey
http://www.theasian.asia/archives/101214,,How will Turkey end up if the situation continues ? ,20181018T100000Z,http://www.theasian.asia/wp-content/uploads/2018/10/Vladimir_Putin_and_Recep_Tayyip_Erdo%C4%9Fan_2015-06-13_3.jpg,theasian.asia,English,China,Turkey
http://www.hurriyetdailynews.com/ebrd-invests-in-turkish-retailers-lira-denominated-bond-138303,http://www.hurriyetdailynews.com/amp/ebrd-invests-in-turkish-retailers-lira-denominated-bond-138303,EBRD invests in Turkish retailer lira - denominated bond,20181026T130000Z,,hurriyetdailynews.com,English,Turkey,Turkey
https://fixedincome.fidelity.com/ftgw/fi/FINewsArticle?id=201810250815DOWJONESDJONLINE000240,,Fixed Income News | Fidelity Investments,20181025T124500Z,,fixedincome.fidelity.com,English,United States,Turkey
https://in.reuters.com/article/turkey-factors/turkey-factors-to-watch-on-nov-1-idINL8N1XC0H3,https://in.mobile.reuters.com/article/amp/idINL8N1XC0H3,Turkey - Factors to Watch on Nov . 1,20181101T164500Z,https://s4.reutersmedia.net/resources_v2/images/rcom-default.png,in.reuters.com,English,United States,Turkey
https://uk.reuters.com/article/uk-turkey-cenbank-inflation/turkey-central-bank-hikes-year-end-inflation-forecast-to-23-5-percent-idUKKCN1N50TR,https://uk.mobile.reuters.com/article/amp/idUKKCN1N50TR,Turkey central bank hikes year - end inflation forecast to 23 . 5 percent,20181031T093000Z,https://s3.reutersmedia.net/resources/r/?m=02&d=20181031&t=2&i=1320497258&r=LYNXNPEE9U0GK,uk.reuters.com,English,United States,Turkey
https://www.express.co.uk/finance/city/1032857/Turkey-lira-currency-price-latest-Tayyip-Erdogan-Foreign-Policy-Magazine,https://www.express.co.uk/finance/city/1032857/Turkey-lira-currency-price-latest-Tayyip-Erdogan-Foreign-Policy-Magazine/amp,Turkey lira  UNLIKELY  to recover soon from  DEEP economic crisis  ,20181017T161500Z,https://cdn.images.express.co.uk/img/dynamic/22/750x445/1032857.jpg,express.co.uk,English,United Kingdom,Turkey
https://www.business-standard.com/article/international/turkey-s-annual-inflation-hits-25-in-october-highest-in-15-years-118110501295_1.html,https://wap.business-standard.com/article-amp/international/turkey-s-annual-inflation-hits-25-in-october-highest-in-15-years-118110501295_1.html,"Turkey annual inflation hits 25 % in October , highest in 15 years",20181105T160000Z,https://bsmedia.business-standard.com/_media/bs/img/article/2018-11/05/full/1541431816-7976.jpg,business-standard.com,English,India,Turkey
https://www.dailysabah.com/economy/2018/10/30/aug-10-economic-attack-against-turkey-planned-in-foreign-capital-minister-albayrak-says,https://www.dailysabah.com/economy/2018/10/30/aug-10-economic-attack-against-turkey-planned-in-foreign-capital-minister-albayrak-says/amp,"Aug . 10 economic attack against Turkey planned in foreign capital , Minister Albayrak says",20181030T203000Z,https://idsb.tmgrup.com.tr/2018/10/30/eyes-better-2019-1540923812725.jpg,dailysabah.com,English,Turkey,Turkey
https://www.kuna.net.kw/ArticleDetails.aspx?id=2753771&Language=en,,KUNA : Turkish lira rises against US dollar on Fri . - Economics,20181019T140000Z,,kuna.net.kw,English,Kuwait,Turkey
https://www.express.co.uk/news/world/1041221/turkey-lira-us-donald-trump-erdogan-tariffs-inflation,https://www.express.co.uk/news/world/1041221/turkey-lira-us-donald-trump-erdogan-tariffs-inflation/amp,Turkey financial crisis : Inflation SOARS to 25 percent - highest in 15 YEARS | World | News,20181105T181500Z,https://cdn.images.express.co.uk/img/dynamic/78/750x445/1041221.jpg,express.co.uk,English,United Kingdom,Turkey
https://seekingalpha.com/article/4213907-turkey-2018-financial-crisis,https://seekingalpha.com/amp/article/4213907-turkey-2018-financial-crisis,Turkey : The 2018 Financial Crisis,20181024T180000Z,https://static3.seekingalpha.com/assets/og_image_192-59bfd51c9fe6af025b2f9f96c807e46f8e2f06c5ae787b15bf1423e6c676d4db.png,seekingalpha.com,English,United States,Turkey
https://www.reuters.com/article/turkey-cenbank-statement/turkeys-central-bank-says-will-tighten-further-if-necessary-idUSI7N1WY00R,https://mobile.reuters.com/article/amp/idUSI7N1WY00R,"Turkey central bank says will tighten further , if necessary",20181025T124500Z,https://s4.reutersmedia.net/resources_v2/images/rcom-default.png,reuters.com,English,United States,Turkey
https://www.aljazeera.com/news/2018/11/turkey-lift-sanctions-officials-pastor-release-181102143520072.html,https://www.aljazeera.com/amp/news/2018/11/turkey-lift-sanctions-officials-pastor-release-181102143520072.html,"Turkey , US lift sanctions on officials after pastor release",20181102T160000Z,https://www.aljazeera.com/mritems/Images/2018/8/19/d46404e68efd49a5913ca15ce560bf9a_18.jpg,aljazeera.com,English,United States,Turkey
https://seekingalpha.com/article/4213016-italy-must-ask-turkey-really-wish-lira-back,https://seekingalpha.com/amp/article/4213016-italy-must-ask-turkey-really-wish-lira-back,Italy Must Ask Turkey If It Really Should Wish To Have Its Own Lira Back,20181021T234500Z,https://static3.seekingalpha.com/assets/og_image_192-59bfd51c9fe6af025b2f9f96c807e46f8e2f06c5ae787b15bf1423e6c676d4db.png,seekingalpha.com,English,United States,Turkey
https://www.thenews.com.pk/print/390068-turkey-annual-inflation-surges,https://www.thenews.com.pk/amp/390068-turkey-annual-inflation-surges,Turkey annual inflation surges,20181106T011500Z,https://www.thenews.com.pk/assets/front/img/no-img-fb.jpg?tt=1541466207,thenews.com.pk,English,Pakistan,Turkey
https://finance.yahoo.com/news/turkeys-lira-weakens-government-tax-172203388.html,https://www.yahoo.com/amphtml/finance/news/turkeys-lira-weakens-government-tax-172203388.html,Turkey lira weakens after government tax cut plans,20181101T163000Z,,finance.yahoo.com,English,United States,Turkey
https://www.reuters.com/article/turkey-currency-tax/update-1-turkeys-lira-weakens-after-government-tax-cut-plans-idUSL8N1XB7PU,https://mobile.reuters.com/article/amp/idUSL8N1XB7PU,UPDATE 1 - Turkey lira weakens after government tax cut plans,20181031T180000Z,https://s4.reutersmedia.net/resources_v2/images/rcom-default.png,reuters.com,English,United States,Turkey
https://www.kitco.com/news/2018-10-31/UPDATE-1-Turkey-s-lira-weakens-after-government-tax-cut-plans.html,,UPDATE 1 - Turkey lira weakens after government tax cut plans,20181031T204500Z,,kitco.com,English,China,Turkey
https://www.msn.com/en-us/finance/markets/enough-good-news-in-turkey-inflation-data-to-sustain-lira-bulls/ar-BBPm4ZX,,Enough Good News in Turkey Inflation Data to Sustain Lira Bulls,20181105T094500Z,,msn.com,English,United States,Turkey
https://ahvalnews.com/currency-crisis/economic-attack-against-turkey-planned-foreign-capital-says-minister-albayrak,https://ahvalnews.com/currency-crisis/economic-attack-against-turkey-planned-foreign-capital-says-minister-albayrak?amp,"Economic attack against Turkey planned in foreign capital , says Minister Albayrak",20181031T091500Z,https://ahvalnews.com/sites/default/files/styles/social_image/public/2018-08/albayrak.jpg?b09&itok=xunn_icU,ahvalnews.com,English,Turkey,Turkey
https://fixedincome.fidelity.com/ftgw/fi/FINewsArticle?id=201810310423RTRSNEWSCOMBINED_L8N1XB26F_1,,Fixed Income News | Fidelity Investments,20181031T084500Z,,fixedincome.fidelity.com,English,United States,Turkey
https://www.reuters.com/article/turkey-cenbank-inflation/update-1-turkey-cenbank-hikes-year-end-inflation-forecast-to-23-5-pct-idUSL8N1XB26F,https://mobile.reuters.com/article/amp/idUSL8N1XB26F,UPDATE 1 - Turkey cenbank hikes year - end inflation forecast to 23 . 5 pct,20181031T093000Z,https://s4.reutersmedia.net/resources_v2/images/rcom-default.png,reuters.com,English,United States,Turkey
https://af.reuters.com/article/commoditiesNews/idAFL8N1WX576,,German exports to Turkey fell sharply at height of lira crisis | Agricultural Commodities,20181017T160000Z,https://s4.reutersmedia.net/resources_v2/images/rcom-default.png,af.reuters.com,English,United States,Turkey
https://seekingalpha.com/article/4213326-turkey-central-bank-remain-hold-time,https://seekingalpha.com/amp/article/4213326-turkey-central-bank-remain-hold-time,Turkey Central Bank To Remain On Hold This Time,20181023T094500Z,https://static3.seekingalpha.com/assets/og_image_192-59bfd51c9fe6af025b2f9f96c807e46f8e2f06c5ae787b15bf1423e6c676d4db.png,seekingalpha.com,English,United States,Turkey
https://www.business-standard.com/article/reuters/german-exports-to-turkey-fell-sharply-at-height-of-lira-crisis-118101701120_1.html,https://wap.business-standard.com/article-amp/reuters/german-exports-to-turkey-fell-sharply-at-height-of-lira-crisis-118101701120_1.html,German exports to Turkey fell sharply at height of lira crisis,20181017T154500Z,https://bsmedia.business-standard.com/_media/bs/img/article/default/1181017/full-118101701120.jpg,business-standard.com,English,India,Turkey
http://www.hurriyetdailynews.com/lira-further-recovers-against-dollar-amid-signals-of-ease-in-trade-tensions-138508,http://www.hurriyetdailynews.com/amp/lira-further-recovers-against-dollar-amid-signals-of-ease-in-trade-tensions-138508,Lira further recovers against dollar amid signals of ease in trade tensions,20181102T091500Z,,hurriyetdailynews.com,English,Turkey,Turkey
https://timesofoman.com/article/348707/Business/Economy/Turkey-central-Bank-hikes-year-end-inflation-forecast-to-235,https://timesofoman.com/amp/Turkey-central-Bank-hikes-year-end-inflation-forecast-to-235%.html,Turkey central Bank hikes year - end inflation forecast to 23 . 5 % ,20181031T113000Z,https://timesofoman.com/uploads/images/2018/10/31/956953.jpg,timesofoman.com,English,Oman,Turkey
https://www.moneyweb.co.za/news-fast-news/moodys-sees-sharp-contractions-in-turkey-and-argentina/,,Moody sees sharp contractions in Turkey and Argentina,20181108T091500Z,https://www.moneyweb.co.za/wp-content/uploads/2018/11/1200x-1-2-555x370.jpg,moneyweb.co.za,English,South Africa,Turkey
https://uk.reuters.com/article/turkey-cenbank-statement-prices-idUKI7N1X1001,https://uk.mobile.reuters.com/article/amp/idUKI7N1X1001,Turkish central bank says there are significant risks to price stability,20181025T133000Z,https://s4.reutersmedia.net/resources_v2/images/rcom-default.png,uk.reuters.com,English,United States,Turkey
https://seekingalpha.com/article/4215265-time-turkey,https://seekingalpha.com/amp/article/4215265-time-turkey,About Time For Turkey,20181028T201500Z,https://static3.seekingalpha.com/assets/og_image_192-59bfd51c9fe6af025b2f9f96c807e46f8e2f06c5ae787b15bf1423e6c676d4db.png,seekingalpha.com,English,United States,Turkey
https://www.etftrends.com/turkey-etf-strengthens-as-tensions-thaw-with-u-s/,https://www.etftrends.com/turkey-etf-strengthens-as-tensions-thaw-with-u-s/amp/,Turkey ETF Strengthens as Tensions Thaw with U . S . ,20181015T233000Z,https://d3hd9t0fnb52go.cloudfront.net/wp-content/uploads/2018/10/Turkey-ETF-Strengthens-as-Tensions-Thaw-with-U.S..jpg,etftrends.com,English,China,Turkey
https://www.exchangerates.org.uk/news/23325/pound-lira-exchange-rate-tanks-1-percent-lower-7-point-23138-as-bank-of-turkey-holds-rates.html,https://www.exchangerates.org.uk/news/23325/pound-lira-exchange-rate-tanks-1-percent-lower-7-point-23138-as-bank-of-turkey-holds-rates/amp,Pound Lira Exchange Rate Tanks - 1 . 64 % Lower As Bank Of Turkey Holds Rates,20181025T180000Z,https://www.exchangerates.org.uk/images-news2/forex-1-m.jpg,exchangerates.org.uk,English,United Kingdom,Turkey
https://www.marketwatch.com/story/turkish-inflation-accelerates-more-than-expected-2018-11-05,https://www.marketwatch.com/amp/story/guid/D71B82B4-C600-4358-AF59-3A0EBF7F13D3,Turkish inflation accelerates more than expected,20181105T083000Z,,marketwatch.com,English,United States,Turkey
https://www.kitco.com/news/2018-11-09/UPDATE-1-Turkish-Treasury-cuts-bond-auctions-as-financing-need-declines.html,,UPDATE 1 - Turkish Treasury cuts bond auctions as financing need declines,20181109T123000Z,,kitco.com,English,China,Turkey
https://www.nytimes.com/reuters/2018/10/22/business/22reuters-turkey-markets-rates.html,,Sub - Zero  Real  Rates Puts Turkey Central Bank in a Bind,20181022T171500Z,,nytimes.com,English,United States,Turkey
https://www.reuters.com/article/us-turkey-markets-rates/sub-zero-real-rates-puts-turkey-central-bank-in-a-bind-idUSKCN1MW2BE,https://mobile.reuters.com/article/amp/idUSKCN1MW2BE,Sub - zero  real  rates puts Turkey central bank in a bind,20181022T171500Z,https://s4.reutersmedia.net/resources_v2/images/rcom-default.png,reuters.com,English,United States,Turkey
https://in.reuters.com/article/us-turkey-markets-rates/sub-zero-real-rates-puts-turkey-central-bank-in-a-bind-idINKCN1MW2BE,https://in.mobile.reuters.com/article/amp/idINKCN1MW2BE,Sub - zero  real  rates puts Turkey central bank in a bind,20181022T170000Z,https://s4.reutersmedia.net/resources_v2/images/rcom-default.png,in.reuters.com,English,United States,Turkey
https://www.euronews.com/2018/10/22/sub-zero-real-rates-puts-turkey-central-bank-in-a-bind,,Sub - zero  real  rates puts Turkey central bank in a bind,20181022T173000Z,https://static.euronews.com/articles/wires/04/43/36/90/1000x563_sub-zero-real-rates-puts-turkey-central-bank-in-a-bind.jpg,euronews.com,English,United States,Turkey
https://uk.reuters.com/article/turkey-currency/turkish-lira-firms-to-its-strongest-in-two-months-against-dollar-idUKS8N1SL01Q,https://uk.mobile.reuters.com/article/amp/idUKS8N1SL01Q,Turkish lira firms to its strongest in two months against dollar,20181016T203000Z,https://s4.reutersmedia.net/resources_v2/images/rcom-default.png,uk.reuters.com,English,United States,Turkey
https://uk.reuters.com/article/turkey-currency-idUKS8N1SL01Q,https://uk.mobile.reuters.com/article/amp/idUKS8N1SL01Q,Turkish lira firms to its strongest in two months against dollar,20181016T190000Z,https://s4.reutersmedia.net/resources_v2/images/rcom-default.png,uk.reuters.com,English,United States,Turkey
https://www.reuters.com/article/turkey-currency/turkish-lira-firms-to-its-strongest-in-two-months-against-dollar-idUSS8N1SL01Q,https://mobile.reuters.com/article/amp/idUSS8N1SL01Q,Turkish lira firms to its strongest in two months against dollar,20181017T000000Z,https://s4.reutersmedia.net/resources_v2/images/rcom-default.png,reuters.com,English,United States,Turkey
https://www.dailysabah.com/finance/2018/11/02/turkish-lira-jumps-to-3-month-high-on-iran-oil-waiver-expectations,https://www.dailysabah.com/finance/2018/11/02/turkish-lira-jumps-to-3-month-high-on-iran-oil-waiver-expectations/amp,Turkish lira jumps to 3 month - high on Iran oil waiver expectations,20181102T103000Z,https://idsb.tmgrup.com.tr/2018/11/02/turkish-lira-jumps-to-3-month-high-on-iran-sanctions-waiver-expectations-1541150155379.jpg,dailysabah.com,English,Turkey,Turkey
https://uk.reuters.com/article/uk-turkey-cenbank-inflation/turkey-central-bank-sharply-raises-inflation-forecasts-idUKKCN1N50TR,https://uk.mobile.reuters.com/article/amp/idUKKCN1N50TR,Turkey central bank sharply raises inflation forecasts,20181031T103000Z,https://s3.reutersmedia.net/resources/r/?m=02&d=20181031&t=2&i=1320497258&r=LYNXNPEE9U0GK,uk.reuters.com,English,United States,Turkey
https://uk.reuters.com/article/uk-turkey-cenbank-inflation/turkey-central-bank-hikes-year-end-inflation-forecast-to-235-percent-idUKKCN1N50TR,https://uk.mobile.reuters.com/article/amp/idUKKCN1N50TR,Turkey central bank sharply raises inflation forecasts,20181031T104500Z,https://s2.reutersmedia.net/resources/r/?m=02&d=20181031&t=2&i=1320530180&r=LYNXNPEE9U0OF,uk.reuters.com,English,United States,Turkey
https://www.barrons.com/articles/turkey-stock-market-rally-1540567006,https://www.barrons.com/amp/articles/turkey-stock-market-rally-1540567006,Stock Market Rally in Turkey Could be Short - Lived,20181026T154500Z,https://asset.barrons.com/public/resources/images/ON-CS490_1025_E_G_20181024180729.jpg,barrons.com,English,China,Turkey
https://www.france24.com/en/20181105-turkey-annual-inflation-surges-over-25-percent-october,https://m.france24.com/en/20181105-turkey-annual-inflation-surges-over-25-percent-october,Flash - Turkey annual inflation surges over 25 percent in October,20181105T091500Z,https://scd.france24.com/en/files/imagecache/home_1024/images/afp/20a8c7fae6df396d504211affcc68dd9108f7f99.jpg,france24.com,English,France,Turkey
https://www.france24.com/en/20181025-turkey-central-bank-keeps-main-interest-rate-unchanged,https://m.france24.com/en/20181025-turkey-central-bank-keeps-main-interest-rate-unchanged,Flash - Turkey central bank keeps main interest rate unchanged,20181025T124500Z,https://scd.france24.com/en/files/imagecache/home_1024/images/afp/f4547cd82927826f6d393192a5ad6cfb4b2208f4_0.jpg,france24.com,English,France,Turkey
https://www.lexology.com/library/detail.aspx?g=5127262e-e2a4-49e6-a4cf-b1f5aba4405e,,Turkey Consults on Proposed Details for Online Broadcasting Regime,20181107T114500Z,,lexology.com,English,United States,Turkey
https://in.reuters.com/article/us-turkey-cenbank/turkish-central-bank-keeps-rates-unchanged-after-lira-recovery-hefty-hikes-this-year-idINKCN1MZ1NS,https://in.mobile.reuters.com/article/amp/idINKCN1MZ1NS,"Turkish central bank keeps rates unchanged after lira recovery , hefty hikes this year",20181025T120000Z,https://s1.reutersmedia.net/resources/r/?m=02&d=20181025&t=2&i=1318523328&r=LYNXNPEE9O122,in.reuters.com,English,United States,Turkey
https://www.reuters.com/article/us-turkey-cenbank/turkish-central-bank-keeps-rates-unchanged-after-lira-recovery-hefty-hikes-this-year-idUSKCN1MZ1NS,https://mobile.reuters.com/article/amp/idUSKCN1MZ1NS,"Turkish central bank keeps rates unchanged after lira recovery , hefty hikes this year",20181025T120000Z,https://s1.reutersmedia.net/resources/r/?m=02&d=20181025&t=2&i=1318523328&r=LYNXNPEE9O122,reuters.com,English,United States,Turkey
https://www.tasnimnews.com/en/news/2018/11/10/1872512/iran-sanctions-could-be-beneficial-to-turkey-diplomat,/en/news/2018/11/10/1872512/iran-sanctions-could-be-beneficial-to-turkey-diplomat/amp,Iran Sanctions Could Be Beneficial to Turkey : Diplomat,20181110T111500Z,https://newsmedia.tasnimnews.com/Tasnim/Uploaded/Image/1394/08/27/13940827160350796539104.jpg,tasnimnews.com,English,Iran,Turkey
https://www.reuters.com/article/us-turkey-inflation-poll/turkish-october-cpi-expected-to-remain-at-245-percent-poll-shows-idUSKCN1N71TG,https://mobile.reuters.com/article/amp/idUSKCN1N71TG,"Turkish October CPI expected to remain at 24 . 5 percent , poll shows",20181104T051500Z,https://s3.reutersmedia.net/resources/r/?m=02&d=20181102&t=2&i=1321330890&r=LYNXNPEEA113L,reuters.com,English,United States,Turkey
http://www.taipeitimes.com/News/biz/archives/2018/11/09/2003703857,,"Moody predicts slip in Argentine , Turkish markets",20181108T161500Z,,taipeitimes.com,English,Taiwan,Turkey
https://in.reuters.com/article/germany-turkey-exports/german-exports-to-turkey-fell-sharply-at-height-of-lira-crisis-idINKCN1MR27B,https://in.mobile.reuters.com/article/amp/idINKCN1MR27B,German exports to Turkey fell sharply at height of lira crisis,20181017T160000Z,https://s2.reutersmedia.net/resources/r/?m=02&d=20181017&t=2&i=1315731481&r=LYNXNPEE9G1IE,in.reuters.com,English,United States,Turkey
https://uk.reuters.com/article/uk-turkey-economy-minister-idUKKCN1N42OS,https://uk.mobile.reuters.com/article/amp/idUKKCN1N42OS,Turkish economy normalising after  attack from abroad - Finance Minister / CNN Turk,20181030T211500Z,https://s4.reutersmedia.net/resources/r/?m=02&d=20181030&t=2&i=1320342966&r=LYNXNPEE9T2BS,uk.reuters.com,English,United States,Turkey
https://uk.reuters.com/article/uk-turkey-economy-minister/turkish-economy-normalising-after-attacks-from-abroad-finance-minister-cnn-turk-idUKKCN1N42OS,https://uk.mobile.reuters.com/article/amp/idUKKCN1N42OS,Turkish economy normalising after  attack from abroad - Finance Minister / CNN Turk,20181030T211500Z,https://s4.reutersmedia.net/resources/r/?m=02&d=20181030&t=2&i=1320342966&r=LYNXNPEE9T2BS,uk.reuters.com,English,United States,Turkey
https://af.reuters.com/article/worldNews/idAFKCN1N42OS,,Turkish economy normalising after  attack from abroad - Finance Minister / CNN Turk,20181031T050000Z,https://s4.reutersmedia.net/resources/r/?m=02&d=20181030&t=2&i=1320342966&r=LYNXNPEE9T2BS,af.reuters.com,English,United States,Turkey
http://news.trust.org/item/20181017144459-jmbbd,http://mercury.postlight.com/amp?url=http://news.trust.org/item/20181017144459-jmbbd/,German exports to Turkey fell sharply at height of lira ... ,20181017T153000Z,"https://d2sh4fq2xsdeg9.cloudfront.net/contentAsset/image/59a56e81-f681-4250-9574-e1381f82b7e7/image/byInode/1/filter/Resize,Jpeg/jpeg_q/70/resize_w/1400",news.trust.org,English,United States,Turkey
https://uk.reuters.com/article/uk-turkey-currency/turkeys-lira-weakens-as-nationalists-say-no-local-election-alliance-idUKKCN1MX1PE,https://uk.mobile.reuters.com/article/amp/idUKKCN1MX1PE,Turkey lira weakens as nationalists say no local election alliance,20181023T143000Z,https://s4.reutersmedia.net/resources_v2/images/rcom-default.png,uk.reuters.com,English,United States,Turkey
https://www.reuters.com/article/uk-turkey-currency/turkeys-lira-weakens-as-nationalists-say-no-local-election-alliance-idUSKCN1MX1PE,https://mobile.reuters.com/article/amp/idUSKCN1MX1PE,Turkey lira weakens as nationalists say no local election alliance,20181023T143000Z,https://s4.reutersmedia.net/resources_v2/images/rcom-default.png,reuters.com,English,United States,Turkey
https://www.marketwatch.com/story/turkey-keeps-interest-rates-on-hold-as-political-pressure-starts-to-abate-2018-10-25,https://www.marketwatch.com/amp/story/guid/5748C6D6-D85A-11E8-8A88-5BB37BE5C036,Turkey keeps interest rates on hold as political pressure starts to abate,20181025T143000Z,http://s.marketwatch.com/public/resources/MWimages/MW-GO748_EMDB_ZG_20180822114419.jpg,marketwatch.com,English,United States,Turkey
https://ahvalnews.com/turkey-economy/turks-may-be-smoking-their-way-out-crisis,https://ahvalnews.com/turkey-economy/turks-may-be-smoking-their-way-out-crisis?amp,Turks may be smoking their way out of crisis,20181022T160000Z,https://ahvalnews.com/sites/default/files/styles/social_image/public/2018-06/20180628173646reup-2018-06-28t173356z_342130524_rc1df2c1afd0_rtrmadp_3_wto-tobacco.h.jpg?bbbd55&itok=sJK2Eg5L,ahvalnews.com,English,Turkey,Turkey
https://www.reuters.com/article/turkey-economy-inflation/update-1-turkish-inflation-hits-25-percent-in-october-highest-in-15-years-idUSL8N1XG0Z2,https://mobile.reuters.com/article/amp/idUSL8N1XG0Z2,"UPDATE 1 - Turkish inflation hits 25 percent in October , highest in 15 years",20181105T090000Z,https://s4.reutersmedia.net/resources_v2/images/rcom-default.png,reuters.com,English,United States,Turkey
https://uk.reuters.com/article/turkey-economy-inflation-idUKL8N1XG0Z2,https://uk.mobile.reuters.com/article/amp/idUKL8N1XG0Z2,"UPDATE 1 - Turkish inflation hits 25 percent in October , highest in 15 years",20181105T081500Z,https://s4.reutersmedia.net/resources_v2/images/rcom-default.png,uk.reuters.com,English,United States,Turkey
https://www.reuters.com/article/us-turkey-inflation-poll/turkish-october-cpi-expected-to-remain-at-24-5-percent-poll-shows-idUSKCN1N71TG,https://mobile.reuters.com/article/amp/idUSKCN1N71TG,"Turkish October CPI expected to remain at 24 . 5 percent , poll shows",20181102T154500Z,https://s3.reutersmedia.net/resources/r/?m=02&d=20181102&t=2&i=1321330890&r=LYNXNPEEA113L,reuters.com,English,United States,Turkey
https://in.reuters.com/article/us-turkey-inflation-poll/turkish-october-cpi-expected-to-remain-at-24-5-percent-poll-shows-idINKCN1N71TG,https://in.mobile.reuters.com/article/amp/idINKCN1N71TG,"Turkish October CPI expected to remain at 24 . 5 percent , poll shows",20181102T160000Z,https://s3.reutersmedia.net/resources/r/?m=02&d=20181102&t=2&i=1321330890&r=LYNXNPEEA113L,in.reuters.com,English,United States,Turkey
https://www.euronews.com/2018/10/30/turkish-economy-normalising-after-attacks-from-abroad-finance-ministercnn-turk,,Turkish economy normalising after  attack from abroad - Finance Minister / CNN Turk,20181030T221500Z,https://static.euronews.com/articles/wires/04/45/30/56/1000x563_turkish-economy-normalising-after-attacks-from-abroad-finance-ministercnn-turk.jpg,euronews.com,English,United States,Turkey
https://www.thestar.com.my/news/world/2018/10/31/turkish-economy-normalising-after-attacks-from-abroad--finance-ministercnn-turk/,,Turkish economy normalising after  attack from abroad - Finance Minister / CNN Turk - World,20181030T210000Z,https://www.thestar.com.my/~/media/online/2018/10/30/20/29/20181030t202455z_1_lynxnpee9t2bs_rtroptp_4_turkeyeconomy.ashx/?&crop=1&hash=5D4B3E4567A56E343047450DA4A03B49F24F38FA,thestar.com.my,English,Malaysia,Turkey
https://www.yahoo.com/news/second-turkish-drill-ship-operate-black-sea-minister-075044161--finance.html,https://www.yahoo.com/amphtml/news/second-turkish-drill-ship-operate-black-sea-minister-075044161--finance.html,Second Turkish drill ship will operate in Black Sea : minister,20181109T211500Z,https://s.yimg.com/uu/api/res/1.2/7bLE.dK9rOVmkEbiz4u6pQ--~B/aD0zMDE7dz00NTA7c209MTthcHBpZD15dGFjaHlvbg--/http://media.zenfs.com/en_us/News/Reuters/2018-11-09T075044Z_1_LYNXNPEEA80HF_RTROPTP_2_TURKEY-CYPRUS.JPG,yahoo.com,English,United States,Turkey
https://www.nytimes.com/reuters/2018/11/09/world/middleeast/09reuters-turkey-energy-ship.html,,Second Turkish Drill Ship Will Operate in Black Sea : Minister,20181109T091500Z,,nytimes.com,English,United States,Turkey
https://uk.reuters.com/article/us-turkey-economy-minister/turkish-economy-normalizing-after-attacks-from-abroad-finance-minister-cnn-turk-idUKKCN1N42SQ,https://uk.mobile.reuters.com/article/amp/idUKKCN1N42SQ,Turkish economy normalizing after  attack from abroad : Finance Minister / CNN Turk,20181030T214500Z,https://s3.reutersmedia.net/resources/r/?m=02&d=20181030&t=2&i=1320354845&r=LYNXNPEE9T2DO,uk.reuters.com,English,United States,Turkey
https://www.reuters.com/article/us-turkey-economy-minister/turkish-economy-normalizing-after-attacks-from-abroad-finance-minister-cnn-turk-idUSKCN1N42SQ,https://mobile.reuters.com/article/amp/idUSKCN1N42SQ,Turkish economy normalizing after  attack from abroad : Finance Minister / CNN Turk,20181030T214500Z,https://s3.reutersmedia.net/resources/r/?m=02&d=20181030&t=2&i=1320354845&r=LYNXNPEE9T2DO,reuters.com,English,United States,Turkey
https://in.reuters.com/article/us-turkey-economy-minister/turkish-economy-normalizing-after-attacks-from-abroad-finance-minister-cnn-turk-idINKCN1N42SQ,https://in.mobile.reuters.com/article/amp/idINKCN1N42SQ,Turkish economy normalizing after  attack from abroad : Finance Minister / CNN Turk,20181030T214500Z,https://s3.reutersmedia.net/resources/r/?m=02&d=20181030&t=2&i=1320354845&r=LYNXNPEE9T2DO,in.reuters.com,English,United States,Turkey
https://uk.reuters.com/article/turkey-currency/turkish-lira-firmest-in-three-months-on-iran-sanctions-waiver-expectations-idUKI7N1XB01A,https://uk.mobile.reuters.com/article/amp/idUKI7N1XB01A,Turkish lira firmest in three months on Iran sanctions waiver expectations,20181102T110000Z,https://s4.reutersmedia.net/resources_v2/images/rcom-default.png,uk.reuters.com,English,United States,Turkey
https://uk.reuters.com/article/turkey-currency-idUKI7N1XB01A,https://uk.mobile.reuters.com/article/amp/idUKI7N1XB01A,Turkish lira firmest in three months on Iran sanctions waiver expectations,20181102T113000Z,https://s4.reutersmedia.net/resources_v2/images/rcom-default.png,uk.reuters.com,English,United States,Turkey
https://www.reuters.com/article/turkey-currency/turkish-lira-firmest-in-three-months-on-iran-sanctions-waiver-expectations-idUSI7N1XB01A,https://mobile.reuters.com/article/amp/idUSI7N1XB01A,Turkish lira firmest in three months on Iran sanctions waiver expectations,20181102T101500Z,https://s4.reutersmedia.net/resources_v2/images/rcom-default.png,reuters.com,English,United States,Turkey
https://www.yenisafak.com/en/news/turkey-kills-terrorist-on-green-list-with-1m-bounty-on-his-head-3465686,https://m.yenisafak.com/en/amphtml/news/turkey-kills-pkk-terrorist-on-green-list-with-1m-lira-bounty-on-his-head-3465686,Turkey kills PKK terrorist on green list with 1M lira bounty on his head,20181108T063000Z,https://yenisafak.feo.doracdn.com/resize/47uQufiZbmsgHk3H/600/0/resim/imagecrop/2018/11/07/05/37/resized_dc564-63b72136resized_8b4dd614f6672askeroperasyonprof.jpg,yenisafak.com,English,Turkey,Turkey
https://www.reuters.com/article/turkey-cenbank-inflation/update-2-turkey-central-bank-sharply-raises-inflation-forecasts-idUSL8N1XB26F,https://mobile.reuters.com/article/amp/idUSL8N1XB26F,UPDATE 2 - Turkey central bank sharply raises inflation forecasts,20181031T110000Z,https://s4.reutersmedia.net/resources_v2/images/rcom-default.png,reuters.com,English,United States,Turkey
http://www.hurriyetdailynews.com/turkish-lira-firms-to-its-strongest-in-two-months-against-dollar-137994,http://www.hurriyetdailynews.com/amp/turkish-lira-firms-to-its-strongest-in-two-months-against-dollar-137994,Turkish Lira firms to its strongest in two months against dollar,20181017T181500Z,,hurriyetdailynews.com,English,Turkey,Turkey
http://www.hurriyetdailynews.com/turkey-can-benefit-from-us-sanctions-on-iran-diplomat-138696,http://www.hurriyetdailynews.com/amp/turkey-can-benefit-from-us-sanctions-on-iran-diplomat-138696,Turkey can benefit from US sanctions on Iran : Diplomat,20181108T141500Z,,hurriyetdailynews.com,English,Turkey,Turkey
https://www.reuters.com/article/us-turkey-politics-nationalists/turkeys-erdogan-says-to-continue-cooperation-with-nationalist-party-idUSKCN1MX10Z,https://mobile.reuters.com/article/amp/idUSKCN1MX10Z,Turkey Erdogan says to continue cooperation with nationalist party,20181023T111500Z,https://s3.reutersmedia.net/resources/r/?m=02&d=20181023&t=2&i=1317700388&r=LYNXNPEE9M0KN,reuters.com,English,United States,Turkey
https://sputniknews.com/world/201811041069494489-turkey-national-currency-trade/,https://sputniknews.com/amp/world/201811041069494489-turkey-national-currency-trade/,"Turkey Seeks to Trade in National Currencies With Russia , China , Iran",20181104T111500Z,https://cdn3.img.sputniknews.com/images/106949/44/1069494414.jpg,sputniknews.com,English,Russia,Turkey
https://www.reuters.com/article/turkey-economy-inflation/update-3-turkish-inflation-hits-25-percent-in-october-highest-in-15-years-idUSL8N1XG0Z2,https://mobile.reuters.com/article/amp/idUSL8N1XG0Z2,"UPDATE 3 - Turkish inflation hits 25 percent in October , highest in 15 years",20181105T110000Z,https://s4.reutersmedia.net/resources_v2/images/rcom-default.png,reuters.com,English,United States,Turkey
https://www.nytimes.com/reuters/2018/10/30/business/30reuters-turkey-economy-minister.html,,Turkish Economy Normalising After  Attack From Abroad - Finance Minister / CNN Turk,20181030T221500Z,,nytimes.com,English,United States,Turkey
https://af.reuters.com/article/commoditiesNews/idAFL8N1WX0RL,,Turkish state - owned companies to invest some $2 . 5 bln next year | Agricultural Commodities,20181017T081500Z,https://s4.reutersmedia.net/resources_v2/images/rcom-default.png,af.reuters.com,English,United States,Turkey
https://www.reuters.com/article/emerging-markets/emerging-markets-china-worries-hit-stocks-lira-gains-as-dollar-cools-idUSL3N1WY2FN,https://mobile.reuters.com/article/amp/idUSL3N1WY2FN,"EMERGING MARKETS - China worries hit stocks , lira gains as dollar cools",20181018T104500Z,https://s4.reutersmedia.net/resources_v2/images/rcom-default.png,reuters.com,English,United States,Turkey
https://af.reuters.com/article/currenciesNews/idAFL3N1WY2FN,,"EMERGING MARKETS - China worries hit stocks , lira gains as dollar cools | Currencies",20181018T213000Z,https://s4.reutersmedia.net/resources_v2/images/rcom-default.png,af.reuters.com,English,United States,Turkey
https://www.aljazeera.com/news/2018/10/turkey-economic-endgame-khashoggi-crisis-181029070228580.html,https://www.aljazeera.com/amp/news/2018/10/turkey-economic-endgame-khashoggi-crisis-181029070228580.html,Turkey economic endgame and the Khashoggi crisis,20181029T081500Z,https://www.aljazeera.com/mritems/Images/2018/10/29/00ee6562cece43bab935b01c5c14b994_18.jpg,aljazeera.com,English,United States,Turkey
https://www.dailymail.co.uk/money/holidays/article-6362809/Sterling-strengthens-against-80-best-selling-currencies-year.html,https://www.dailymail.co.uk/money/holidays/article-6362809/amp/Sterling-strengthens-against-80-best-selling-currencies-year.html,Sterling strengthens against 80 % of best selling currencies in last year,20181109T091500Z,https://i.dailymail.co.uk/1s/2018/11/08/12/5929166-0-image-a-7_1541679363752.jpg,dailymail.co.uk,English,United Kingdom,Turkey
https://www.msn.com/en-us/finance/markets/turkish-inflation-climbs-as-lira-slump-feeds-into-prices/ar-BBPlMIS,,Turkish Inflation Climbs as Lira Slump Feeds Into Prices,20181105T081500Z,,msn.com,English,United States,Turkey
https://www.reuters.com/article/us-turkey-energy-ship/second-turkish-drill-ship-will-operate-in-black-sea-minister-idUSKCN1NE0Q9,https://mobile.reuters.com/article/amp/idUSKCN1NE0Q9,Second Turkish drill ship will operate in Black Sea : minister,20181109T083000Z,https://s2.reutersmedia.net/resources/r/?m=02&d=20181109&t=2&i=1323628502&r=LYNXNPEEA80HF,reuters.com,English,United States,Turkey
https://www.reuters.com/article/us-turkey-energy-ship-idUSKCN1NE0Q9,https://mobile.reuters.com/article/amp/idUSKCN1NE0Q9,Second Turkish drill ship will operate in Black Sea : minister,20181109T083000Z,https://s2.reutersmedia.net/resources/r/?m=02&d=20181109&t=2&i=1323628502&r=LYNXNPEEA80HF,reuters.com,English,United States,Turkey
http://www.hurriyetdailynews.com/denizbanks-prospective-owner-enbds-profit-rises-16-pct-138428,http://www.hurriyetdailynews.com/amp/denizbanks-prospective-owner-enbds-profit-rises-16-pct-138428,Denizbank prospective owner ENBD profit rises 16 pct,20181031T113000Z,,hurriyetdailynews.com,English,Turkey,Turkey
https://www.thisismoney.co.uk/money/holidays/article-6362809/Sterling-strengthens-against-80-best-selling-currencies-year.html,https://www.dailymail.co.uk/money/holidays/article-6362809/amp/Sterling-strengthens-against-80-best-selling-currencies-year.html,Sterling strengthens against 80 % of best selling currencies in last year,20181109T123000Z,https://i.dailymail.co.uk/1s/2018/11/08/12/5929166-0-image-a-7_1541679363752.jpg,thisismoney.co.uk,English,United Kingdom,Turkey
https://www.cnbc.com/2018/10/25/turkish-central-bank-keeps-rates-unchanged-after-lira-recovery.html,//www.cnbc.com/amp/2018/10/25/turkish-central-bank-keeps-rates-unchanged-after-lira-recovery.html,Turkish central bank keeps rates unchanged after lira recovery,20181025T133000Z,https://fm.cnbc.com/applications/cnbc.com/resources/img/editorial/2018/08/22/105409929-1534932148728gettyimages-901176426.1910x1000.jpeg,cnbc.com,English,United States,Turkey
https://www.thenews.com.pk/latest/390518-turkish-inflation-hits-25-percent-in-october-highest-in-15-years,https://www.thenews.com.pk/amp/390518-turkish-inflation-hits-25-percent-in-october-highest-in-15-years,"Turkish inflation hits 25 percent in October , highest in 15 years",20181106T204500Z,https://www.thenews.com.pk/assets/uploads/updates/2018-11-07/l_390518_125044_updates.jpg,thenews.com.pk,English,Pakistan,Turkey
https://www.theepochtimes.com/sub-zero-real-rates-put-turkey-central-bank-in-a-bind_2696467.html,https://www.theepochtimes.com/sub-zero-real-rates-put-turkey-central-bank-in-a-bind_2696467.html/amp,Sub - Zero  Real  Rates Put Turkey Central Bank in a Bind,20181023T044500Z,https://www.theepochtimes.com/assets/uploads/2018/10/23/Turkish-people-waiting-at-currency-exchange-after-central-bank-made-announcement.jpg,theepochtimes.com,English,United States,Turkey
https://www.reuters.com/article/turkey-economy-inflation/update-4-turkish-inflation-hits-15-year-high-of-25-percent-idUSL8N1XG0Z2,https://mobile.reuters.com/article/amp/idUSL8N1XG0Z2,UPDATE 4 - Turkish inflation hits 15 - year high of 25 percent,20181105T191500Z,https://s4.reutersmedia.net/resources_v2/images/rcom-default.png,reuters.com,English,United States,Turkey
https://www.moneyweb.co.za/news-fast-news/turkish-lira-firms-on-hopes-of-improving-us-ties-em-stocks-falter-again/,,"Turkish lira firms on hopes of improving US ties , EM stocks falter again",20181015T111500Z,https://www.moneyweb.co.za/wp-content/uploads/2018/10/2018-10-03T115652Z_1322468687_RC1407293C50_RTRMADP_3_TURKEY-ECONOMY-INFLATION-555x370.jpg,moneyweb.co.za,English,South Africa,Turkey
https://www.janes.com/article/83800/us-pastor-s-release-insufficient-to-restore-us-turkey-alliance-which-will-depend-on-resolution-of-multiple-sticking-points,,"US pastor release insufficient to restore US - Turkey alliance , which will depend on resolution of multiple sticking points",20181015T170000Z,,janes.com,English,United Kingdom,Turkey
http://www.naharnet.com/stories/en/252712-turkey-annual-inflation-surges-over-25-percent-in-october,,Turkey Annual Inflation Surges over 25 Percent in October,20181105T094500Z,http://images1.naharnet.com/images/216587/w140.jpg,naharnet.com,English,Syria,Turkey
https://uk.reuters.com/uk.reuters.com/article/uk-turkey-markets-rates/sub-zero-real-rates-puts-turkey-central-bank-in-a-bind-idUKKCN1MW2B8,https://uk.mobile.reuters.com/article/amp/idUKKCN1MW2B8,Sub - zero  real  rates puts Turkey central bank in a bind,20181022T171500Z,https://s4.reutersmedia.net/resources/r/?m=02&d=20181022&t=2&i=1317474419&r=LYNXNPEE9L1FT,uk.reuters.com,English,United States,Turkey
https://uk.reuters.com/article/uk-turkey-markets-rates/sub-zero-real-rates-puts-turkey-central-bank-in-a-bind-idUKKCN1MW2B8,https://uk.mobile.reuters.com/article/amp/idUKKCN1MW2B8,Sub - zero  real  rates puts Turkey central bank in a bind,20181022T171500Z,https://s4.reutersmedia.net/resources/r/?m=02&d=20181022&t=2&i=1317474419&r=LYNXNPEE9L1FT,uk.reuters.com,English,United States,Turkey
https://www.tert.am/en/news/2018/11/03/usa-turkey/2834880,,US lifts sanctions on Turkish ministers,20181103T080000Z,https://www.tert.am/news_images/945/2834880_3/f5bdd4295427f9_5bdd42954283b.jpg,tert.am,English,Armenia,Turkey
https://www.dailysabah.com/finance/2018/10/15/turkish-lira-hits-two-month-high-on-hopes-of-mending-us-ties,https://www.dailysabah.com/finance/2018/10/15/turkish-lira-hits-two-month-high-on-hopes-of-mending-us-ties/amp,Turkish lira hits two - month high on hopes of mending US ties,20181015T153000Z,https://idsb.tmgrup.com.tr/2018/10/15/1539605927517.jpg,dailysabah.com,English,Turkey,Turkey
https://www.freemalaysiatoday.com/category/business/2018/10/18/china-worries-hit-stocks-lira-gains-as-dollar-cools/,,"China worries hit stocks , lira gains as dollar cools",20181018T124500Z,,freemalaysiatoday.com,English,Malaysia,Turkey
https://www.express.co.uk/finance/city/1044294/India-rupee-price-currency-latest-US-dollar-Turkey-lira-oil-Saudi-Arabia,https://www.express.co.uk/finance/city/1044294/India-rupee-price-currency-latest-US-dollar-Turkey-lira-oil-Saudi-Arabia/amp,India rupee and Turkey lira WEAKENED as oil prices SOAR off Saudi Arabia news,20181112T170000Z,https://cdn.images.express.co.uk/img/dynamic/22/750x445/1044294.jpg,express.co.uk,English,United Kingdom,Turkey
https://ahvalnews.com/turkish-debt/istanbul-municipality-overwhelmed-3-billion-debt-opposition-councillor,https://ahvalnews.com/turkish-debt/istanbul-municipality-overwhelmed-3-billion-debt-opposition-councillor?amp,Istanbul municipality overwhelmed by $3 billion debt – opposition councillor,20181016T004500Z,https://ahvalnews.com/sites/default/files/styles/social_image/public/2018-10/lira.jpg?aa5fa2d&itok=8HsXd6f-,ahvalnews.com,English,Turkey,Turkey
http://www.freshplaza.com/article/2200853/importers-expect-further-decline-turkish-lira/,,Importers expect further decline Turkish lira,20181023T121500Z,http://www.freshplaza.de/images/2018/turkey-3462514_960_720.jpg,freshplaza.com,English,China,Turkey
https://gulfnews.com/business/sectors/markets/longest-lira-rally-since-2014-has-traders-betting-worst-is-over-1.2291502,http://m.gulfnews.com/amp/business/sectors/markets/longest-lira-rally-since-2014-has-traders-betting-worst-is-over-1.2291502,Longest lira rally since 2014 has traders betting worst is over,20181019T164500Z,,gulfnews.com,English,United Arab Emirates,Turkey
http://www.gdnonline.com/Details/428130/Kuveyt-Turk-setting-new-benchmarks-in-banking,,Advertorial : Kuveyt Turk setting new benchmarks in banking,20181029T064500Z,http://www.gdnonline.com/gdnimages/20181029%5C20181029_090713_0.jpg,gdnonline.com,English,United States,Turkey
https://www.reuters.com/article/emerging-markets/corrected-emerging-markets-turkish-lira-firms-on-hopes-of-improving-u-s-ties-em-stocks-falter-again-idUSL8N1WV29W,https://mobile.reuters.com/article/amp/idUSL8N1WV29W,"CORRECTED - EMERGING MARKETS - Turkish lira firms on hopes of improving U . S . ties , EM stocks falter again",20181015T164500Z,https://s4.reutersmedia.net/resources_v2/images/rcom-default.png,reuters.com,English,United States,Turkey
https://www.reuters.com/article/emerging-markets/emerging-markets-turkish-lira-firms-on-hopes-of-improving-u-s-ties-em-stocks-falter-again-idUSL8N1WV29W,https://mobile.reuters.com/article/amp/idUSL8N1WV29W,"EMERGING MARKETS - Turkish lira firms on hopes of improving U . S . ties , EM stocks falter again",20181015T101500Z,https://s4.reutersmedia.net/resources_v2/images/rcom-default.png,reuters.com,English,United States,Turkey
https://www.euronews.com/2018/10/31/turkey-central-bank-sharply-raises-inflation-forecasts,,Turkey central bank sharply raises inflation forecasts,20181031T104500Z,https://static.euronews.com/articles/wires/04/45/40/58/1000x563_turkey-central-bank-sharply-raises-inflation-forecasts.jpg,euronews.com,English,United States,Turkey
https://seekingalpha.com/article/4212301-turkey-2001-financial-crisis,https://seekingalpha.com/amp/article/4212301-turkey-2001-financial-crisis,Turkey : The 2001 Financial Crisis,20181018T060000Z,https://static3.seekingalpha.com/assets/og_image_192-59bfd51c9fe6af025b2f9f96c807e46f8e2f06c5ae787b15bf1423e6c676d4db.png,seekingalpha.com,English,United States,Turkey
https://www.yahoo.com/news/turkish-nationalists-pull-alliance-erdogans-akp-next-elections-083553791.html,https://www.yahoo.com/amphtml/news/turkish-nationalists-pull-alliance-erdogans-akp-next-elections-083553791.html,Turkey Erdogan says to continue cooperation with nationalist party,20181023T110000Z,,yahoo.com,English,United States,Turkey
https://timesofoman.com/article/365591/Business/Economy/Turkish-October-inflation-expected-to-remain-at-245,https://timesofoman.com/amp/Turkish-October-inflation-expected-to-remain-at-245%.html,Turkish October inflation expected to remain at 24 . 5 % ,20181103T104500Z,https://timesofoman.com/uploads/images/2018/11/03/958019.JPG,timesofoman.com,English,Oman,Turkey
https://uk.reuters.com/article/turkey-currency/turkeys-lira-weakens-more-than-3-pct-after-nationalists-say-to-ditch-akp-alliance-idUKA4N1UT02J,https://uk.mobile.reuters.com/article/amp/idUKA4N1UT02J,Turkey lira weakens more than 3 pct after nationalists say to ditch AKP alliance,20181023T130000Z,https://s4.reutersmedia.net/resources_v2/images/rcom-default.png,uk.reuters.com,English,United States,Turkey
https://www.reuters.com/article/turkey-currency/turkeys-lira-weakens-more-than-3-pct-after-nationalists-say-to-ditch-akp-alliance-idUSA4N1UT02J,https://mobile.reuters.com/article/amp/idUSA4N1UT02J,Turkey lira weakens more than 3 pct after nationalists say to ditch AKP alliance,20181023T110000Z,https://s4.reutersmedia.net/resources_v2/images/rcom-default.png,reuters.com,English,United States,Turkey
https://www.fin24.com/Opinion/william-gumede-turkey-should-be-sas-wake-up-call-20181102,https://m.fin24.com/opinion/william-gumede-turkey-should-be-sas-wake-up-call-20181102,William Gumede : Turkey should be SA wake - up call,20181102T124500Z,http://cdn.24.co.za/files/Cms/General/d/509/20094b429cba4c31849566285e56d0a9.jpg,fin24.com,English,South Africa,Turkey
https://www.zerohedge.com/news/2018-11-02/lira-spikes-3-month-highs-after-us-lifts-sanctions-turkish-officials,,Lira Spikes To 3 - Month Highs After US Lifts Sanctions On Turkish Officials,20181102T140000Z,https://www.zerohedge.com/sites/default/files/styles/max_650x650/public/2018-11/2018-11-02_6-21-34.jpg?itok=FOlDKQiL,zerohedge.com,English,United States,Turkey
https://www.reuters.com/article/us-turkey-economy-erdogan/turkeys-erdogan-calls-on-banks-to-offer-lower-interest-rates-anadolu-idUSKCN1MX0NE,https://mobile.reuters.com/article/amp/idUSKCN1MX0NE,Turkey Erdogan calls on banks to offer lower interest rates : Anadolu,20181023T071500Z,https://s3.reutersmedia.net/resources/r/?m=02&d=20181023&t=2&i=1317671496&r=LYNXNPEE9M0EQ,reuters.com,English,United States,Turkey
https://in.reuters.com/article/us-turkey-economy-erdogan/turkeys-erdogan-calls-on-banks-to-offer-lower-interest-rates-anadolu-idINKCN1MX0NE,https://in.mobile.reuters.com/article/amp/idINKCN1MX0NE,Turkey Erdogan calls on banks to offer lower interest rates : Anadolu,20181023T073000Z,https://s3.reutersmedia.net/resources/r/?m=02&d=20181023&t=2&i=1317671496&r=LYNXNPEE9M0EQ,in.reuters.com,English,United States,Turkey
https://uk.reuters.com/article/us-turkey-economy-erdogan/turkeys-erdogan-calls-on-banks-to-offer-lower-interest-rates-anadolu-idUKKCN1MX0NE,https://uk.mobile.reuters.com/article/amp/idUKKCN1MX0NE,Turkey Erdogan calls on banks to offer lower interest rates : Anadolu,20181023T093000Z,https://s3.reutersmedia.net/resources/r/?m=02&d=20181023&t=2&i=1317671496&r=LYNXNPEE9M0EQ,uk.reuters.com,English,United States,Turkey
https://www.freemalaysiatoday.com/category/business/2018/11/05/turkish-inflation-surges-to-new-15-year-high-of-over-25/,,Turkish inflation surges to new 15 - year high of over 25 % ,20181105T134500Z,https://s3media.freemalaysiatoday.com/wp-content/uploads/2018/11/FMT-Turkeyinflation05112018-AFP.jpg,freemalaysiatoday.com,English,Malaysia,Turkey
https://seekingalpha.com/article/4211664-early-thanksgiving-release-pastor-relieves-pressure-turkey,https://seekingalpha.com/amp/article/4211664-early-thanksgiving-release-pastor-relieves-pressure-turkey,Early Thanksgiving : Release Of Pastor Relieves Pressure On Turkey,20181015T161500Z,https://static3.seekingalpha.com/assets/og_image_192-59bfd51c9fe6af025b2f9f96c807e46f8e2f06c5ae787b15bf1423e6c676d4db.png,seekingalpha.com,English,United States,Turkey
https://www.devdiscourse.com/Article/business/218452-turkeys-lira-stocks-rise-on-hopes-of-thaw-in-relations-with-us,https://www.devdiscourse.com/Article/business/218452-turkeys-lira-stocks-rise-on-hopes-of-thaw-in-relations-with-us?amp,"Turkey lira , stocks rise on hopes of thaw in relations with US",20181015T184500Z,https://www.devdiscourse.com/remote.axd?https://devdiscourse.blob.core.windows.net/devnews/15_10_2018_15_20_26_3655693.jpg,devdiscourse.com,English,China,Turkey
https://www.prokerala.com/news/articles/a871291.html,,Turkey detains 24 IS - linked suspects,20181106T024500Z,,prokerala.com,English,India,Turkey
https://www.dw.com/en/recession-fears-grip-emerging-markets-amid-currency-crises/a-45938331,https://amp.dw.com/en/recession-fears-grip-emerging-markets-amid-currency-crises/a-45938331,Recession fears grip emerging markets amid currency crises | Business| Economy and finance news from a German perspective | DW,20181018T131500Z,https://www.dw.com/image/45939768_7.png,dw.com,English,Germany,Turkey
https://skift.com/2018/11/09/turkeys-weak-economy-entices-travelers-with-good-deals/,https://skift.com/2018/11/09/turkeys-weak-economy-entices-travelers-with-good-deals/amp/,Turkey Weak Economy Entices Travelers With Good Deals,20181109T080000Z,https://skift.com/wp-content/uploads/2018/11/cappadocia-turkey.jpg,skift.com,English,United States,Turkey
http://www.hurriyetdailynews.com/turkeys-budget-sees-12-3-billion-deficit-in-first-nine-months-ministry-137885,http://www.hurriyetdailynews.com/amp/turkeys-budget-sees-12-3-billion-deficit-in-first-nine-months-ministry-137885,Turkey budget sees $12 . 3 billion deficit in first nine months : Ministry,20181015T104500Z,,hurriyetdailynews.com,English,Turkey,Turkey
https://www.middleeastmonitor.com/20181016-turkish-lira-up-against-us-dollar/,https://www.middleeastmonitor.com/20181016-turkish-lira-up-against-us-dollar/amp/,Turkish lira up against US dollar,20181016T151500Z,https://i0.wp.com/www.middleeastmonitor.com/wp-content/uploads/2018/09/20180916_2_32383375_37243235.jpg,middleeastmonitor.com,English,Israel,Turkey
https://www.yenisafak.com/en/news/turkeys-benchmark-stock-index-up-at-open-3465187,https://m.yenisafak.com/en/amphtml/news/turkeys-benchmark-stock-index-up-at-open-3465187,Turkey benchmark stock index up at open,20181102T101500Z,https://yenisafak.feo.doracdn.com/resize/47uQufiZbmsgHk3H/600/0/resim/imagecrop/2018/11/02/10/09/resized_cdeb3-A533161_01.jpg,yenisafak.com,English,Turkey,Turkey
https://www.cnbc.com/2018/11/05/turkish-inflation-hits-25percent.html,//www.cnbc.com/amp/2018/11/05/turkish-inflation-hits-25percent.html,Turkish inflation hits 25 % ,20181105T111500Z,https://fm.cnbc.com/applications/cnbc.com/resources/img/editorial/2018/08/17/105403331-1534522049608gettyimages-1017742280.1910x1000.jpeg,cnbc.com,English,United States,Turkey
https://www.moneyweb.co.za/news-fast-news/emerging-market-stocks-fx-steady-ahead-of-us-midterm-elections/,,"Emerging market stocks , FX steady ahead of US midterm elections",20181106T130000Z,https://www.moneyweb.co.za/wp-content/uploads/2018/10/shutterstock_420277798-555x363.jpg,moneyweb.co.za,English,South Africa,Turkey
https://www.yenisafak.com/en/economy/turkeys-benchmark-stock-index-up-at-open-3464599,https://m.yenisafak.com/en/amphtml/economy/turkeys-benchmark-stock-index-up-at-open-3464599,Turkey benchmark stock index up at open,20181026T084500Z,https://yenisafak.feo.doracdn.com/resize/47uQufiZbmsgHk3H/600/0/resim/imagecrop/2018/10/26/10/34/resized_9e147-1057_eng_picture_20180209_14559323_14559322.jpg,yenisafak.com,English,Turkey,Turkey
https://www.kitco.com/news/2018-10-23/Turkey-apos-s-Erdogan-says-to-continue-cooperation-with-nationalist-party.html,,Turkey Erdogan says to continue cooperation with nationalist party,20181023T141500Z,,kitco.com,English,China,Turkey
https://www.thetimes.co.uk/edition/business/worst-is-over-for-inflation-says-turkey-l85kbv350,,"Worst is over for inflation , says Turkey",20181106T010000Z,http://www.thetimes.co.uk/imageserver/image/methode%2Ftimes%2Fprod%2Fweb%2Fbin%2Fc8910050-e12a-11e8-9ca5-2dc8c6b25903.jpg?crop=5184%2C2916%2C0%2C270,thetimes.co.uk,English,United Kingdom,Turkey
https://www.dailymail.co.uk/wires/afp/article-6270081/Trump-says-freed-US-pastor-home-soon.html,https://www.dailymail.co.uk/wires/afp/article-6270081/amp/Trump-says-freed-US-pastor-home-soon.html,Trump says freed US pastor will be  back home soon  ,20181013T203000Z,https://i.dailymail.co.uk/1s/2018/10/12/15/wire-4996084-1539356268-271_636x382.jpg,dailymail.co.uk,English,United Kingdom,Turkey
https://www.timesofmalta.com/articles/view/20181025/business-market-analysis/turkey-central-bank.692535,,Turkey Central Bank stays on hold,20181025T121500Z,https://cdn-attachments.timesofmalta.com/959e640d23dc10e96cec581f89d872bb6a405667-1540462836-5bd198f4-620x348.jpg,timesofmalta.com,English,Malta,Turkey
https://ahvalnews.com/halkbank/turkeys-halkbank-shares-surged-after-erdogan-and-trump-discussed-bank,https://ahvalnews.com/halkbank/turkeys-halkbank-shares-surged-after-erdogan-and-trump-discussed-bank?amp,Turkey Halkbank shares surged after Erdoğan and Trump discussed bank,20181105T143000Z,https://ahvalnews.com/sites/default/files/styles/social_image/public/2017-10/halkbank_reuters_umit_bektas.jpg?h=c274276d&itok=XZ-W4JrP,ahvalnews.com,English,Turkey,Turkey
http://www.topix.com/world/spain/2018/10/update-2-bbva-profit-jumps-on-mexican-lending-one-offs,,"UPDATE 2 - BBVA profit jumps on Mexican lending , one - offs - Reuters",20181030T193000Z,http://picproxy.topixcdn.com/pics/up-,topix.com,English,United States,Turkey
https://www.reuters.com/article/halkbank-securities/turkeys-halkbank-sets-10-billion-lira-issue-limit-for-domestic-securities-issuance-idUSL8N1XH0DA,https://mobile.reuters.com/article/amp/idUSL8N1XH0DA,Turkey Halkbank sets 10 billion lira issue limit for domestic securities issuance,20181106T074500Z,https://s4.reutersmedia.net/resources_v2/images/rcom-default.png,reuters.com,English,United States,Turkey
https://www.bloombergquint.com/global-economics/geopolitical-game-changer-for-turkey-sets-stage-for-rate-pause,/global-economics/geopolitical-game-changer-for-turkey-sets-stage-for-rate-pause.amp,Geopolitical Game Changer for Turkey Sets Stage for Rate Pause,20181025T084500Z,https://images.assettype.com/bloombergquint%2F2018-10%2F9f4cde77-9908-4329-8211-db38da747849%2F329731049_1_5.jpg?rect=0%2C527%2C5000%2C2625&auto=format%2Ccompress,bloombergquint.com,English,India,Turkey
https://www.newsmax.com/finance/hansparisis/khashoggi-murder-oil-market/2018/10/19/id/887069/,,Khashoggi Murder Fallout Could Jolt Oil Market,20181019T143000Z,https://www.newsmax.com/CMSPages/GetFile.aspx?guid=a439c1e9-c3f2-4ebe-90ec-6f85e4b3782d&SiteName=Newsmax,newsmax.com,English,United States,Turkey
https://timesofoman.com/article/376083/Business/Economy/Turkish-inflation-hits-25-in-October-highest-in-15-years,https://timesofoman.com/amp/Turkish-inflation-hits-25%-in-October-highest-in-15-years.html,"Turkish inflation hits 25 % in October , highest in 15 years",20181105T093000Z,https://timesofoman.com/uploads/images/2018/11/05/959568.JPG,timesofoman.com,English,Oman,Turkey
https://www.reuters.com/article/emerging-markets/emerging-markets-em-stocks-fx-steady-ahead-of-u-s-midterm-elections-idUSL4N1XH337,https://mobile.reuters.com/article/amp/idUSL4N1XH337,"EMERGING MARKETS - EM stocks , FX steady ahead of U . S midterm elections",20181106T104500Z,https://s4.reutersmedia.net/resources_v2/images/rcom-default.png,reuters.com,English,United States,Turkey
https://uk.reuters.com/article/emerging-markets/emerging-markets-em-stocks-fx-steady-ahead-of-u-s-midterm-elections-idUKL4N1XH337,https://uk.mobile.reuters.com/article/amp/idUKL4N1XH337,"EMERGING MARKETS - EM stocks , FX steady ahead of U . S midterm elections",20181106T153000Z,https://s4.reutersmedia.net/resources_v2/images/rcom-default.png,uk.reuters.com,English,United States,Turkey
https://www.dailysabah.com/economy/2018/11/09/turkey-overcomes-economic-turbulence-with-effective-measures-expects-positive-outlook-by-year-end,https://www.dailysabah.com/economy/2018/11/09/turkey-overcomes-economic-turbulence-with-effective-measures-expects-positive-outlook-by-year-end/amp,"Turkey overcomes economic turbulence with effective measures , expects positive outlook by year - end",20181108T233000Z,https://idsb.tmgrup.com.tr/2018/11/08/1541701334762.jpg,dailysabah.com,English,Turkey,Turkey
http://www.arabtimesonline.com/news/kuwaitis-place-3rd-in-turkish-real-estate-sept-acquisitions-360-units-purchased/,,  Kuwaitis place 3rd in Turkish real estate Sept acquisition - 360 units purchased - ARAB TIMES,20181020T211500Z,http://www.arabtimesonline.com/news/file/2018/09/turkey.jpg,arabtimesonline.com,English,Kuwait,Turkey
https://www.siasat.com/news/turkey-us-lift-sanctions-ministers-ankara-1427444/,https://www.siasat.com/news/turkey-us-lift-sanctions-ministers-ankara-1427444/amp/,"Turkey , US lift sanctions on ministers : Ankara – The Siasat Daily",20181103T000000Z,https://i2.wp.com/www.siasat.com/wp-content/uploads/2018/08/Turkey-US-Flag-e1539386651878.jpg?fit=800%2C500&ssl=1,siasat.com,English,India,Turkey
https://af.reuters.com/article/energyOilNews/idAFL8N1XO0LL,https://mobile.reuters.com/article/amp/af/idAFL8N1XO0LL,Turkey to sell Adularya power plant for 1 . 4 billion lira | Energy & Oil,20181113T064500Z,https://s4.reutersmedia.net/resources_v2/images/rcom-default.png,af.reuters.com,English,United States,Turkey
http://saudigazette.com.sa/article/547044/World/Mena/Turkey-US-lift-sanctions-on-ministers,,"Turkey , US lift sanctions on ministers",20181102T164500Z,http://saudigazette.com.sa/uploads/images/2018/11/02/1041354.jpg,saudigazette.com.sa,English,Saudi Arabia,Turkey
https://www.aa.com.tr/en/economy/turkeys-benchmark-stock-index-up-at-open/1293690,,Turkey benchmark stock index up at open,20181026T090000Z,https://cdnuploads.aa.com.tr/uploads/Contents/2018/10/26/thumbs_b_c_9428b8fd1b4d76f40b059722586b5d14.jpg?v=101724,aa.com.tr,English,Turkey,Turkey
http://saudigazette.com.sa/article/547246/World/Mena/Turkish-inflation-surges-to-new-15-yr-high-of-over-25,,Turkish inflation surges to new 15 - yr high of over 25 % ,20181105T144500Z,http://saudigazette.com.sa/uploads/images/2018/11/05/1044735.JPG,saudigazette.com.sa,English,Saudi Arabia,Turkey
https://www.today.ng/news/world/pompeo-suggests-lift-turkey-sanctions-linked-pastor-163509,https://www.today.ng/news/world/pompeo-suggests-lift-turkey-sanctions-linked-pastor-163509/amp,Pompeo suggests US may lift Turkey sanctions linked to pastor,20181017T204500Z,https://www.today.ng/wp-content/uploads/2018/10/17104351.jpg,today.ng,English,Nigeria,Turkey
https://www.evwind.es/2018/11/07/getting-wind-energy-in-turkey-back-on-track/65118,,Getting wind energy in Turkey back on track,20181107T131500Z,,evwind.es,English,Spain,Turkey
https://www.reuters.com/article/turkey-economy-inflation/update-2-turkish-inflation-hits-25-percent-in-october-highest-in-15-years-idUSL8N1XG0Z2,https://mobile.reuters.com/article/amp/idUSL8N1XG0Z2,"UPDATE 2 - Turkish inflation hits 25 percent in October , highest in 15 years",20181105T101500Z,https://s4.reutersmedia.net/resources_v2/images/rcom-default.png,reuters.com,English,United States,Turkey
https://news.am/eng/news/477200.html,,Turkey expects US to lift sanctions,20181023T074500Z,https://news.am/img/news/47/72/00/default.jpg,news.am,English,Armenia,Turkey
https://uk.reuters.com/article/emerging-markets/emerging-markets-china-stimulus-drives-third-day-of-emerging-market-gains-idUKL3N1XC3FN,https://uk.mobile.reuters.com/article/amp/idUKL3N1XC3FN,EMERGING MARKETS - China stimulus drives third day of emerging - market gains,20181101T124500Z,https://s4.reutersmedia.net/resources_v2/images/rcom-default.png,uk.reuters.com,English,United States,Turkey
https://www.reuters.com/article/emerging-markets/emerging-markets-china-stimulus-drives-third-day-of-emerging-market-gains-idUSL3N1XC3FN,https://mobile.reuters.com/article/amp/idUSL3N1XC3FN,EMERGING MARKETS - China stimulus drives third day of emerging - market gains,20181101T101500Z,https://s4.reutersmedia.net/resources_v2/images/rcom-default.png,reuters.com,English,United States,Turkey
https://fixedincome.fidelity.com/ftgw/fi/FINewsArticle?id=201810230228RTRSNEWSCOMBINED_L8N1X30Y5_1,,Fixed Income News | Fidelity Investments,20181023T070000Z,,fixedincome.fidelity.com,English,United States,Turkey
https://www.reuters.com/article/emerging-markets/emerging-markets-emerging-stocks-find-solace-after-octobers-wild-ride-currencies-weaken-idUSL3N1XB2XC,https://mobile.reuters.com/article/amp/idUSL3N1XB2XC,"EMERGING MARKETS - Emerging stocks find solace after October wild ride , currencies weaken",20181031T103000Z,https://s4.reutersmedia.net/resources_v2/images/rcom-default.png,reuters.com,English,United States,Turkey
http://news.trust.org/item/20181024141555-pewxy,http://mercury.postlight.com/amp?url=http://news.trust.org/item/20181024141555-pewxy/,BREAKINGVIEWS - Saudi oil could help grease Turkish discretion,20181024T144500Z,"https://d2sh4fq2xsdeg9.cloudfront.net/contentAsset/image/8bad327d-de80-42ed-9a3e-9535e281447b/image/byInode/1/filter/Resize,Jpeg/jpeg_q/70/resize_w/1400",news.trust.org,English,United States,Turkey
https://www.actionforex.com/contributors/technical-analysis/145917-usdtry-outlook-further-rise-in-inflation-could-undermine-liras-bulls/,https://www.actionforex.com/contributors/technical-analysis/145917-usdtry-outlook-further-rise-in-inflation-could-undermine-liras-bulls/amp/,USDTRY Outlook : Further Rise In Inflation Could Undermine Lira Bulls,20181105T153000Z,https://www.actionforex.com/wp-content/uploads/tag-images/usd5.jpg,actionforex.com,English,United Kingdom,Turkey
https://www.forexcrunch.com/turkeys-finmin-albayrak-turkish-economy-normalizing-after-attacks-from-abroad/,https://www.forexcrunch.com/turkeys-finmin-albayrak-turkish-economy-normalizing-after-attacks-from-abroad/amp/,Turkey FinMin Albayrak : Turkish economy normalizing after  attack from abroad,20181031T104500Z,https://forexcrunch-wpengine.netdna-ssl.com/wp-content/uploads/2010/12/Fotolia_5569585_XS.jpg,forexcrunch.com,English,United Kingdom,Turkey
https://www.dailysabah.com/finance/2018/10/25/turkeys-central-bank-keeps-interest-rates-unchanged-vows-to-maintain-tight-monetary-policy,https://www.dailysabah.com/finance/2018/10/25/turkeys-central-bank-keeps-interest-rates-unchanged-vows-to-maintain-tight-monetary-policy/amp,"Turkey Central Bank keeps interest rates unchanged , vows to maintain tight monetary policy",20181025T130000Z,https://idsb.tmgrup.com.tr/2018/10/25/turkeys-central-bank-keeps-interest-rates-unchanged-1540465989324.jpg,dailysabah.com,English,Turkey,Turkey
https://www.dailysabah.com/business/2018/10/25/turkeys-central-bank-keeps-interest-rates-unchanged-vows-to-maintain-tight-monetary-policy,https://www.dailysabah.com/business/2018/10/25/turkeys-central-bank-keeps-interest-rates-unchanged-vows-to-maintain-tight-monetary-policy/amp,"Turkey Central Bank keeps interest rates unchanged , vows to maintain tight monetary policy",20181025T150000Z,https://idsb.tmgrup.com.tr/2018/10/25/turkeys-central-bank-keeps-interest-rates-unchanged-1540465989324.jpg,dailysabah.com,English,Turkey,Turkey
https://www.livebitcoinnews.com/stolen-bitcoin-worth-80k-leads-to-11-arrests-in-turkey/,https://www.livebitcoinnews.com/stolen-bitcoin-worth-80k-leads-to-11-arrests-in-turkey/amp/,Stolen Bitcoin Worth $80K Leads to 11 Arrests in Turkey • Live Bitcoin News,20181107T133000Z,https://s3.amazonaws.com/lbn-s3/2018/08/13143831/ss-turkey-bitcoin.jpg,livebitcoinnews.com,English,,Turkey
http://www.hurriyetdailynews.com/turkeys-presidency-submits-2019-budget-to-parliament-138014,http://www.hurriyetdailynews.com/amp/turkeys-presidency-submits-2019-budget-to-parliament-138014,Turkey Presidency submits 2019 budget to parliament,20181018T104500Z,,hurriyetdailynews.com,English,Turkey,Turkey
https://www.reuters.com/article/turkey-usa/turkey-expects-u-s-to-lift-sanctions-after-release-of-u-s-pastor-erdogan-spokesman-idUSL8N1X25AC,https://mobile.reuters.com/article/amp/idUSL8N1X25AC,Turkey expects U . S . to lift sanctions after release of U . S . pastor - Erdogan spokesman,20181022T174500Z,https://s4.reutersmedia.net/resources_v2/images/rcom-default.png,reuters.com,English,United States,Turkey
https://www.reuters.com/article/turkey-usa/turkey-expects-us-to-lift-sanctions-after-release-of-us-pastor-erdogan-spokesman-idUSL8N1X25AC,https://mobile.reuters.com/article/amp/idUSL8N1X25AC,Turkey expects U . S . to lift sanctions after release of U . S . pastor - Erdogan spokesman,20181022T201500Z,https://s4.reutersmedia.net/resources_v2/images/rcom-default.png,reuters.com,English,United States,Turkey
https://finance.yahoo.com/news/kuende-gem-south-korea-turkey-152500699.html,https://www.yahoo.com/amphtml/finance/news/kuende-gem-south-korea-turkey-152500699.html,Kuende Is A Gem For South Korea And Turkey,20181112T173000Z,,finance.yahoo.com,English,United States,Turkey
https://www.aljazeera.com/news/2018/10/pompeo-suggests-lift-turkey-sanctions-linked-pastor-181017144813664.html,https://www.aljazeera.com/amp/news/2018/10/pompeo-suggests-lift-turkey-sanctions-linked-pastor-181017144813664.html,Pompeo suggests US may lift Turkey sanctions linked to pastor,20181017T181500Z,https://www.aljazeera.com/mritems/Images/2018/10/17/a6205402d6b047229169a0437b2fa866_18.jpg,aljazeera.com,English,United States,Turkey
https://www.reuters.com/article/turkey-economy-budget/turkish-capital-expenditure-savings-to-support-rebalancing-albayrak-speech-text-idUSI7N1V407X,https://mobile.reuters.com/article/amp/idUSI7N1V407X,"Turkish capital expenditure savings to support rebalancing , Albayrak speech text",20181023T171500Z,https://s4.reutersmedia.net/resources_v2/images/rcom-default.png,reuters.com,English,United States,Turkey
https://uk.reuters.com/article/turkey-economy-budget/turkish-capital-expenditure-savings-to-support-rebalancing-albayrak-speech-text-idUKI7N1V407X,https://uk.mobile.reuters.com/article/amp/idUKI7N1V407X,"Turkish capital expenditure savings to support rebalancing , Albayrak speech text",20181023T223000Z,https://s4.reutersmedia.net/resources_v2/images/rcom-default.png,uk.reuters.com,English,United States,Turkey
https://www.thenational.ae/business/banking/kuwait-finance-house-third-quarter-net-profit-rises-31-4-beating-estimates-1.783916,https://amp.thenational.ae/business/banking/kuwait-finance-house-third-quarter-net-profit-rises-31-4-beating-estimates-1.783916,"Kuwait Finance House third quarter net profit rises 31 . 4 %, beating estimates",20181024T134500Z,https://www.thenational.ae/image/policy:1.753147:1540386817/image.jpg?f=16x9&q=0.6&$p$f$q$w=70c86c9,thenational.ae,English,United Arab Emirates,Turkey
https://www.zawya.com/mena/en/story/Turkeys_lira_weakens_as_nationalists_say_no_local_election_alliance-TR20181023nL8N1X339IX1/,https://www.zawya.com/mena/en/story/amp/TR20181023nL8N1X339IX1/,Turkey lira weakens as nationalists say no local election alliance,20181023T124500Z,,zawya.com,English,United Arab Emirates,Turkey
http://www.hurriyetdailynews.com/italian-exporters-survey-turkish-industrial-zones-for-manufacturing-138271,http://www.hurriyetdailynews.com/amp/italian-exporters-survey-turkish-industrial-zones-for-manufacturing-138271,Italian exporters survey Turkish industrial zones for manufacturing,20181025T163000Z,,hurriyetdailynews.com,English,Turkey,Turkey
http://www.digitaljournal.com/pr/4022301,,Kuende Is A Gem For South Korea And Turkey - Press Release,20181112T171500Z,,digitaljournal.com,English,United States,Turkey
https://www.reuters.com/article/us-turkey-economy-poll/turkey-to-miss-government-growth-targets-recession-imminent-reuters-poll-idUSKCN1MR0PT,https://mobile.reuters.com/article/amp/idUSKCN1MR0PT,Turkey to miss government growth targets ; recession imminent : Reuters poll,20181017T073000Z,https://s2.reutersmedia.net/resources/r/?m=02&d=20181017&t=2&i=1315599640&r=LYNXNPEE9G0KH,reuters.com,English,United States,Turkey
https://in.reuters.com/article/us-turkey-economy-poll/turkey-to-miss-government-growth-targets-recession-imminent-reuters-poll-idINKCN1MR0PT,https://in.mobile.reuters.com/article/amp/idINKCN1MR0PT,Turkey to miss government growth targets ; recession imminent : Reuters poll,20181017T071500Z,https://s2.reutersmedia.net/resources/r/?m=02&d=20181017&t=2&i=1315599640&r=LYNXNPEE9G0KH,in.reuters.com,English,United States,Turkey
https://www.albawaba.com/business/turkish-bonds-and-stocks-gain-us-pastor-freed-1199030,,Turkish Bonds and Stocks Gain as US Pastor Is Freed,20181014T034500Z,http://www.albawaba.com/sites/default/files/im/USPastor_Oct14.jpg,albawaba.com,English,Israel,Turkey
https://www.hltv.org/forums/threads/1901693/besiktas-will-not-buy-ss,,Forum thread : besiktas will not buy SS,20181014T163000Z,,hltv.org,English,United States,Turkey
http://www.dailystar.com.lb/Aaron-Saldanha.ashx,,Aaron Saldanha | Author Page | THE DAILY STAR,20181016T030000Z,,dailystar.com.lb,English,Lebanon,Turkey
https://www.reuters.com/article/emirates-nbd-results/update-1-emirates-nbd-profit-rises-16-pct-on-higher-net-interest-income-idUSL8N1XA6A7,https://mobile.reuters.com/article/amp/idUSL8N1XA6A7,UPDATE 1 - Emirates NBD profit rises 16 pct on higher net interest income,20181030T144500Z,https://s4.reutersmedia.net/resources_v2/images/rcom-default.png,reuters.com,English,United States,Turkey
https://uk.reuters.com/article/emirates-nbd-results/update-1-emirates-nbd-profit-rises-16-pct-on-higher-net-interest-income-idUKL8N1XA6A7,https://uk.mobile.reuters.com/article/amp/idUKL8N1XA6A7,UPDATE 1 - Emirates NBD profit rises 16 pct on higher net interest income,20181030T210000Z,https://s4.reutersmedia.net/resources_v2/images/rcom-default.png,uk.reuters.com,English,United States,Turkey
http://www.xinhuanet.com/english/2018-10/31/c_137572365.htm,,Turkish central bank sharply raises inflation forecast - Xinhua,20181031T143000Z,,xinhuanet.com,English,China,Turkey
https://nationalpost.com/news/world/turkey-frees-detained-u-s-pastor-in-move-likely-to-please-trump,https://nationalpost.com/news/world/turkey-frees-detained-u-s-pastor-in-move-likely-to-please-trump/amp,Turkey frees detained U . S . pastor in move likely to please Trump,20181013T060000Z,https://nationalpostcom.files.wordpress.com/2018/10/us_turkey_pastor.jpg,nationalpost.com,English,Canada,Turkey
https://in.news.yahoo.com/turkey-detains-24-linked-suspects-014404547.html,https://in.news.yahoo.com/amphtml/turkey-detains-24-linked-suspects-014404547.html,Turkey detains 24 IS - linked suspects,20181106T061500Z,,in.news.yahoo.com,English,United States,Turkey
https://www.business-standard.com/article/news-ians/turkey-detains-24-is-linked-suspects-118110600093_1.html,https://wap.business-standard.com/article-amp/news-ians/turkey-detains-24-is-linked-suspects-118110600093_1.html,Turkey detains 24 IS - linked suspects,20181106T031500Z,https://bsmedia.business-standard.com/_media/bs/img/article/default/1181106/full-118110600093.jpg,business-standard.com,English,India,Turkey
https://news.bitcoin.com/cointext-launches-bitcoin-cash-sms-wallet-argentina-turkey/,,Cointext Bitcoin Cash via SMS Wallet Launched in Argentina and Turkey,20181017T050000Z,https://news.bitcoin.com/wp-content/uploads/2018/10/2018-10-16-13.07.10-1024x1024.jpg,news.bitcoin.com,English,United States,Turkey
https://timesofoman.com/article/348348/Business/Economy/Emirates-NBD-profit-rises-16-on-higher-net-interest-income,https://timesofoman.com/amp/Emirates-NBD-profit-rises-16%-on-higher-net-interest-income.html,Emirates NBD profit rises 16 % on higher net interest income,20181031T110000Z,https://timesofoman.com/uploads/images/2018/10/31/956863.JPG,timesofoman.com,English,Oman,Turkey
https://www.aa.com.tr/en/economy/investors-confidence-in-turkey-rises-finance-min/1306327,,Investor confidence in Turkey rises : Finance Min . ,20181109T023000Z,https://cdnuploads.aa.com.tr/uploads/Contents/2018/11/08/thumbs_b_c_619f565bb4f899f554dcbaa4defbe944.jpg?v=182829,aa.com.tr,English,Turkey,Turkey
https://www.reuters.com/article/turkey-economy-minister-support/turkey-will-continue-supporting-the-real-sector-finance-minister-idUSI7N1WS004,https://mobile.reuters.com/article/amp/idUSI7N1WS004,Turkey will continue supporting the real sector - finance minister,20181015T130000Z,https://s4.reutersmedia.net/resources_v2/images/rcom-default.png,reuters.com,English,United States,Turkey
https://lfpress.com/news/world/turkey-frees-detained-u-s-pastor-in-move-likely-to-please-trump/wcm/0c52d362-57cc-412a-896c-7fe883e0e737,https://lfpress.com/news/world/turkey-frees-detained-u-s-pastor-in-move-likely-to-please-trump/wcm/0c52d362-57cc-412a-896c-7fe883e0e737/amp,Turkey frees detained U . S . pastor in move likely to please Trump,20181013T041500Z,https://nationalpostcom.files.wordpress.com/2018/10/us_turkey_pastor.jpg,lfpress.com,English,Canada,Turkey
https://www.siasat.com/news/turkey-detains-24-linked-suspects-1428625/,https://www.siasat.com/news/turkey-detains-24-linked-suspects-1428625/amp/,Turkey detains 24 IS - linked suspects – The Siasat Daily,20181106T071500Z,https://i2.wp.com/www.siasat.com/wp-content/uploads/2018/08/arrest_ANI-1.jpg?fit=800%2C500&ssl=1,siasat.com,English,India,Turkey
https://english.kyodonews.net/news/2018/10/7351ad70eb3d-freed-american-pastor-arrives-home-from-turkey-meets-trump.html,,"Freed American pastor arrives home from Turkey , meets Trump",20181014T060000Z,https://img.kyodonews.net/english/public/images/posts/1ebb917cdd26355dbce423c32b5cab82/cropped_image_l.jpg,english.kyodonews.net,English,Japan,Turkey
https://www.aa.com.tr/en/economy/turkish-stocks-up-194-pct-at-close-lira-gains-ground/1303390,,Turkish stocks up 1 . 94 pct at close ; lira gains ground,20181105T173000Z,https://cdnuploads.aa.com.tr/uploads/Contents/2018/11/05/thumbs_b_c_c2c432aa596e7cac74c04785b0c81836.jpg?v=183517,aa.com.tr,English,Turkey,Turkey
http://www.naharnet.com/stories/en/252712-turkish-inflation-surges-to-new-15-year-high-of-over-25,,Turkish Inflation Surges to New 15 - Year High of Over 25 % ,20181105T143000Z,http://images1.naharnet.com/images/216587/w140.jpg,naharnet.com,English,Syria,Turkey
http://news.trust.org/item/20181022154031-cbnut,http://mercury.postlight.com/amp?url=http://news.trust.org/item/20181022154031-cbnut/,Turkey expects U . S . to lift sanctions after release of U . S . ... ,20181022T161500Z,"https://d2sh4fq2xsdeg9.cloudfront.net/contentAsset/image/17dffda2-0b97-4699-b5eb-6a1502d193eb/image/byInode/1/filter/Resize,Jpeg/jpeg_q/70/resize_w/1400",news.trust.org,English,United States,Turkey
https://seekingalpha.com/article/4218538-talking-turkey,https://seekingalpha.com/amp/article/4218538-talking-turkey,Talking Turkey,20181106T094500Z,https://static3.seekingalpha.com/assets/og_image_192-59bfd51c9fe6af025b2f9f96c807e46f8e2f06c5ae787b15bf1423e6c676d4db.png,seekingalpha.com,English,United States,Turkey
https://windsorstar.com/news/world/turkey-frees-detained-u-s-pastor-in-move-likely-to-please-trump/wcm/0c52d362-57cc-412a-896c-7fe883e0e737,https://windsorstar.com/news/world/turkey-frees-detained-u-s-pastor-in-move-likely-to-please-trump/wcm/0c52d362-57cc-412a-896c-7fe883e0e737/amp,Turkey frees detained U . S . pastor in move likely to please Trump,20181013T044500Z,https://nationalpostcom.files.wordpress.com/2018/10/us_turkey_pastor.jpg,windsorstar.com,English,Canada,Turkey
https://ahvalnews.com/turkey-economy/turkeys-economic-crisis-only-just-begun-peterson-economist-says,https://ahvalnews.com/turkey-economy/turkeys-economic-crisis-only-just-begun-peterson-economist-says?amp,Turkey economic crisis only just begun – Peterson economist says,20181019T023000Z,https://ahvalnews.com/sites/default/files/styles/social_image/public/2018-05/crisis.jpg?aa8aa5c&itok=WsY8e6br,ahvalnews.com,English,Turkey,Turkey
https://www.devdiscourse.com/Article/law-order/243746-turkish-police-detains-24-islamic-state-linked-suspects,https://www.devdiscourse.com/Article/law-order/243746-turkish-police-detains-24-islamic-state-linked-suspects?amp,Turkish police detains 24 Islamic State - linked suspects,20181106T161500Z,https://www.devdiscourse.com/remote.axd?https://devdiscourse.blob.core.windows.net/devnews/15_09_2018_16_01_38_24849.jpg,devdiscourse.com,English,China,Turkey
https://www.dailysabah.com/turkey/2018/10/19/istanbul-police-carry-out-largest-ever-stolen-artifact-seizure,https://www.dailysabah.com/turkey/2018/10/19/istanbul-police-carry-out-largest-ever-stolen-artifact-seizure/amp,Istanbul police carry out largest - ever stolen artifact seizure,20181019T150000Z,https://idsb.tmgrup.com.tr/2018/10/19/1539955775946.jpg,dailysabah.com,English,Turkey,Turkey
http://english.almanar.com.lb/600646,,"Trump Sees  Good , Even Great  Ties with Turkey after Brunson Release – Al - Manar TV Lebanon",20181013T154500Z,http://english.almanar.com.lb/framework/includes/uploads/2017/05/manar-04035330014950011928-757x354.jpg,english.almanar.com.lb,English,Lebanon,Turkey
https://www.reuters.com/article/emerging-markets/emerging-markets-stocks-and-currencies-boosted-by-hope-of-trade-war-cooling-idUSL3N1XD3DK,https://mobile.reuters.com/article/amp/idUSL3N1XD3DK,EMERGING MARKETS - Stocks and currencies boosted by hope of trade war cooling,20181103T000000Z,https://s4.reutersmedia.net/resources_v2/images/rcom-default.png,reuters.com,English,United States,Turkey
https://www.yenisafak.com/en/news/turkish-russian-trade-in-local-currencies-necessary-3466223,https://m.yenisafak.com/en/amphtml/news/turkish-russian-trade-in-local-currencies-necessary-3466223,Turkish - Russian trade in local currencies  necessary  ,20181113T140000Z,https://yenisafak.feo.doracdn.com/resize/47uQufiZbmsgHk3H/600/0/resim/imagecrop/2018/11/13/03/48/resized_2b47d-4e0ca865rusturk.jpg,yenisafak.com,English,Turkey,Turkey
https://www.aa.com.tr/en/economy/turkish-russian-trade-in-local-currencies-necessary-/1310255,,Turkish - Russian trade in local currencies  necessary  ,20181113T151500Z,https://cdnuploads.aa.com.tr/uploads/Contents/2018/11/13/thumbs_b_c_58013dcd672d52ab6369353f32f1c9d5.jpg?v=154244,aa.com.tr,English,Turkey,Turkey
https://www.urdupoint.com/en/business/turkeys-borsa-istanbul-up-at-opening-session-468327.html,https://www.urdupoint.com/en/amp/business/turkeys-borsa-istanbul-up-at-opening-session-468327.html,Turkeys Borsa Istanbul Up At Opening Session,20181030T133000Z,https://photo-cdn.urdupoint.com/media/2018/10/_3/730x425/pic_1540900014.jpg,urdupoint.com,English,Pakistan,Turkey
http://www.hurriyetdailynews.com/currency-woes-hit-pharmacies-drug-supplies-in-turkey-138259,http://www.hurriyetdailynews.com/amp/currency-woes-hit-pharmacies-drug-supplies-in-turkey-138259,"Currency woes hit pharmacies , drug supplies in Turkey",20181025T114500Z,,hurriyetdailynews.com,English,Turkey,Turkey
https://www.dailysabah.com/economy/2018/11/06/turkey-will-maintain-fiscal-discipline-to-keep-inflation-in-check-budget-in-balance-1541447262,https://www.dailysabah.com/economy/2018/11/06/turkey-will-maintain-fiscal-discipline-to-keep-inflation-in-check-budget-in-balance-1541447262/amp,"Turkey will maintain fiscal discipline to keep inflation in check , budget in balance",20181105T223000Z,https://idsb.tmgrup.com.tr/2018/11/05/1541438250943.jpg,dailysabah.com,English,Turkey,Turkey
http://www.china.org.cn/world/Off_the_Wire/2018-11/06/content_70446086.htm,,Turkey detains 24 IS - linked suspects,20181105T220000Z,,china.org.cn,English,China,Turkey
https://finanza.repubblica.it/Bloomberg/2018/11/08/moodys_sees_a_sharp_contraction_in_turkey%E2%80%99s_economy-PHV19Z6JTSE801_BLE/,,Moody Sees a Sharp Contraction in Turkey Economy - Economia e Finanza,20181108T124500Z,https://assets.bwbx.io/images/users/iqjWHBFdfxIU/iFMuZOp2tVfg/v0/pi0TFsqn_N8siPbzgcJYQlLw/-1x-1.jpg,finanza.repubblica.it,English,Kosovo,Turkey
https://finanza.repubblica.it/Bloomberg/2018/11/08/moodys_sees_a_sharp_contraction_in_turkey%E2%80%99s_economy-PHV19Z6JTSE801_BLF/,,Moody Sees a Sharp Contraction in Turkey Economy - Economia e Finanza,20181108T124500Z,https://assets.bwbx.io/images/users/iqjWHBFdfxIU/iFMuZOp2tVfg/v0/pi0TFsqn_N8siPbzgcJYQlLw/-1x-1.jpg,finanza.repubblica.it,English,Kosovo,Turkey
https://www.reuters.com/article/us-turkey-usa-halkbank-minister/turkish-finance-minister-upbeat-over-halkbank-sanctions-busting-case-idUSKCN1NA1FF,https://mobile.reuters.com/article/amp/idUSKCN1NA1FF,Turkish finance minister upbeat over Halkbank sanctions - busting case,20181105T124500Z,https://s4.reutersmedia.net/resources/r/?m=02&d=20181105&t=2&i=1322216479&r=LYNXNPEEA40TY,reuters.com,English,United States,Turkey
http://www.xinhuanet.com/english/2018-10/23/c_137552701.htm,,Spotlight : Turkey economic hardships last as U . S . sanctions likely to ease - Xinhua,20181023T103000Z,,xinhuanet.com,English,China,Turkey
https://en.haberler.com/turkish-central-bank-revises-inflation-forecasts-1267154/,,Turkish Central Bank Revises İnflation Forecasts,20181031T094500Z,,en.haberler.com,English,Turkey,Turkey
https://www.livemint.com/Politics/H5fKMvz0ISdt2XcjnLh8nO/Trump-sees-good-even-great-ties-with-Turkey-after-Brunson.html,https://www.livemint.com/Politics/H5fKMvz0ISdt2XcjnLh8nO/Trump-sees-good-even-great-ties-with-Turkey-after-Brunson.html?facet=amp _source=googleamp _medium=referral _campaign=googleamp,"Trump sees  good , even great  ties with Turkey after Brunson release",20181013T161500Z,https://www.livemint.com/rf/Image-621x414/LiveMint/Period2/2018/10/15/Photos/Processed/trump1-kpJG--621x414@LiveMint.jpg,livemint.com,English,India,Turkey
https://www.cnbc.com/2018/11/05/inflation-has-hit-25percent-in-turkey-but-now-the-central-bank-must-hold-its-ground.html,//www.cnbc.com/amp/2018/11/05/inflation-has-hit-25percent-in-turkey-but-now-the-central-bank-must-hold-its-ground.html,Inflation has hit 25 % in Turkey but now the central bank must hold its ground,20181105T160000Z,https://fm.cnbc.com/applications/cnbc.com/resources/img/editorial/2018/08/14/105395399-1534246772453gettyimages-1013287404.1910x1000.jpeg,cnbc.com,English,United States,Turkey
https://www.i24news.tv/en/news/international/187740-181102-turkey-and-us-lift-sanctions-on-ministers-amid-easing-tensions,,i24NEWS - Turkey and US lift sanctions on ministers amid easing tensions,20181102T154500Z,https://cdn.i24news.tv/upload/image/8731bef2fd3a33f36d35458281e3ccdd1f2ae70b.jpg,i24news.tv,English,Israel,Turkey
https://thebitcoinnews.com/cointext-launches-bitcoin-cash-sms-wallet-in-argentina-and-turkey/,,Cointext Launches Bitcoin Cash SMS Wallet in Argentina and Turkey,20181016T224500Z,https://thebitcoinnews.com/wp-content/uploads/2018/10/2018-10-16-13.07.10-768x768.jpg,thebitcoinnews.com,English,United States,Turkey
https://www.aa.com.tr/en/economy/turkey-presidency-submits-2019-budget-to-parliament/1285276,,Turkey : Presidency submits 2019 budget to parliament,20181018T111500Z,https://cdnuploads.aa.com.tr/uploads/Contents/2018/10/18/thumbs_b_c_33c0803e0046cbece14edd057a76a2b2.jpg?v=113724,aa.com.tr,English,Turkey,Turkey
https://www.reuters.com/article/emerging-markets/emerging-markets-emerging-stocks-falter-rising-inflation-hits-turkish-lira-idUSL4N1XG3GT,https://mobile.reuters.com/article/amp/idUSL4N1XG3GT,"EMERGING MARKETS - Emerging stocks falter , rising inflation hits Turkish lira",20181105T124500Z,https://s4.reutersmedia.net/resources_v2/images/rcom-default.png,reuters.com,English,United States,Turkey
https://af.reuters.com/article/southAfricaNews/idAFL4N1XG3GT,https://mobile.reuters.com/article/amp/af/idAFL4N1XG3GT,"EMERGING MARKETS - Emerging stocks falter , rising inflation hits Turkish lira",20181105T103000Z,https://s4.reutersmedia.net/resources_v2/images/rcom-default.png,af.reuters.com,English,United States,Turkey
https://aawsat.com/english/home/article/1430596/turkey-sells-2-bn-international-bonds,https://aawsat.com/english/home/article/1430596/turkey-sells-2-bn-international-bonds?amp,Turkey Sells $2 Bn of International Bonds,20181018T151500Z,https://aawsat.com/sites/default/files/styles/large/public/2018/10/18/download_1.jpg?itok=TxU7GljA,aawsat.com,English,Syria,Turkey
